$d_I =$ 0.0, $K_{IE} =$ 1000000.0: 3, [(0.0, 1.0, -1.0, -1.0, -1.0, -1.0, 0.0, 0.0, 0.0), (0.0, 1.0, 0.0, -1.0, -1.0, -1.0, 0.0, 0.0, 0.0), (1.0, 0.0, -1.0, -1.0, -1.0, -1.0, 0.0, 0.0, 0.0)]
$d_I =$ 0.25, $K_{IE} =$ 10000.0: 1, [(1.0, -1.0, 1.0, -1.0, 1.0, -1.0, 0.0, 0.0, 1.0)]
$d_I =$ 0.25, $K_{IE} =$ 100000.0: 1, [(0.0, 1.0, -1.0, -1.0, -1.0, -1.0, 0.0, 0.0, 1.0)]
$d_I =$ 1.0, $K_{IE} =$ 10000.0: 14, [(1.0, -1.0, -1.0, -1.0, 1.0, -1.0, 0.0, 0.0, 0.0), (1.0, -1.0, -1.0, -1.0, 1.0, -1.0, 0.0, 0.0, 1.0), (1.0, -1.0, -1.0, -1.0, 1.0, -1.0, 0.0, 1.0, 0.0), (1.0, -1.0, -1.0, -1.0, 1.0, -1.0, 0.0, 1.0, 1.0), (1.0, -1.0, -1.0, 0.0, 1.0, -1.0, 0.0, 0.0, 0.0), (1.0, -1.0, -1.0, 0.0, 1.0, -1.0, 0.0, 0.0, 1.0), (1.0, -1.0, -1.0, 0.0, 1.0, -1.0, 0.0, 1.0, 0.0), (1.0, -1.0, -1.0, 0.0, 1.0, -1.0, 0.0, 1.0, 1.0), (1.0, -1.0, -1.0, 1.0, 1.0, -1.0, 0.0, 0.0, 0.0), (1.0, -1.0, 0.0, -1.0, 1.0, -1.0, 0.0, 0.0, 1.0), (1.0, -1.0, 0.0, -1.0, 1.0, -1.0, 0.0, 1.0, 0.0), (1.0, -1.0, 0.0, -1.0, 1.0, -1.0, 0.0, 1.0, 1.0), (1.0, -1.0, 1.0, -1.0, 1.0, -1.0, 0.0, 0.0, 0.0), (1.0, -1.0, 1.0, -1.0, 1.0, -1.0, 0.0, 1.0, 0.0)]
$d_I =$ 1.0, $K_{IE} =$ 100000.0: 0, []
$d_I =$ 0.0, $K_{IE} =$ 1000000.0 and $d_I =$ 0.25, $K_{IE} =$ 10000.0: 0, []
$d_I =$ 0.0, $K_{IE} =$ 1000000.0 and $d_I =$ 0.25, $K_{IE} =$ 100000.0: 14, [(-1.0, -1.0, -1.0, -1.0, 1.0, -1.0, 0.0, 0.0, 0.0), (-1.0, -1.0, -1.0, -1.0, 1.0, -1.0, 0.0, 1.0, 0.0), (-1.0, -1.0, -1.0, 0.0, 1.0, -1.0, 0.0, 1.0, 1.0), (-1.0, -1.0, 0.0, -1.0, 1.0, -1.0, 0.0, 0.0, 0.0), (-1.0, -1.0, 0.0, -1.0, 1.0, -1.0, 0.0, 1.0, 1.0), (0.0, 1.0, 1.0, -1.0, -1.0, -1.0, 0.0, 0.0, 1.0), (0.0, 1.0, 1.0, -1.0, -1.0, -1.0, 0.0, 1.0, 1.0), (0.0, 1.0, 1.0, 0.0, -1.0, -1.0, 0.0, 0.0, 0.0), (0.0, 1.0, 1.0, 0.0, -1.0, -1.0, 0.0, 1.0, 0.0), (0.0, 1.0, 1.0, 0.0, -1.0, -1.0, 0.0, 1.0, 1.0), (0.0, 1.0, 1.0, 1.0, -1.0, -1.0, 0.0, 0.0, 0.0), (0.0, 1.0, 1.0, 1.0, -1.0, -1.0, 0.0, 1.0, 0.0), (1.0, -1.0, 0.0, 1.0, 1.0, 0.0, 1.0, 0.0, 1.0), (1.0, 1.0, 1.0, -1.0, -1.0, -1.0, 0.0, 1.0, 0.0)]
$d_I =$ 0.0, $K_{IE} =$ 1000000.0 and $d_I =$ 1.0, $K_{IE} =$ 10000.0: 2, [(1.0, -1.0, -1.0, 1.0, 1.0, -1.0, 0.0, 1.0, 0.0), (1.0, -1.0, 0.0, -1.0, 1.0, -1.0, 0.0, 0.0, 0.0)]
$d_I =$ 0.0, $K_{IE} =$ 1000000.0 and $d_I =$ 1.0, $K_{IE} =$ 100000.0: 10, [(-1.0, -1.0, -1.0, 0.0, 1.0, -1.0, 0.0, 0.0, 1.0), (1.0, 0.0, -1.0, -1.0, -1.0, -1.0, 0.0, 1.0, 0.0), (1.0, 0.0, 0.0, -1.0, -1.0, -1.0, 0.0, 0.0, 0.0), (1.0, 0.0, 0.0, -1.0, -1.0, -1.0, 0.0, 0.0, 1.0), (1.0, 0.0, 0.0, -1.0, -1.0, -1.0, 0.0, 1.0, 0.0), (1.0, 0.0, 0.0, -1.0, -1.0, -1.0, 0.0, 1.0, 1.0), (1.0, 0.0, 1.0, -1.0, -1.0, -1.0, 0.0, 0.0, 0.0), (1.0, 0.0, 1.0, -1.0, -1.0, -1.0, 0.0, 1.0, 0.0), (1.0, 1.0, 0.0, -1.0, -1.0, -1.0, 0.0, 0.0, 0.0), (1.0, 1.0, 1.0, -1.0, -1.0, -1.0, 0.0, 0.0, 0.0)]
$d_I =$ 0.25, $K_{IE} =$ 10000.0 and $d_I =$ 0.25, $K_{IE} =$ 100000.0: 0, []
$d_I =$ 0.25, $K_{IE} =$ 10000.0 and $d_I =$ 1.0, $K_{IE} =$ 10000.0: 22, [(-1.0, 0.0, -1.0, -1.0, -1.0, -1.0, 0.0, 0.0, 0.0), (-1.0, 0.0, -1.0, -1.0, -1.0, -1.0, 0.0, 1.0, 0.0), (-1.0, 0.0, 0.0, -1.0, -1.0, -1.0, 0.0, 1.0, 0.0), (-1.0, 0.0, 1.0, -1.0, 1.0, -1.0, 0.0, 0.0, 0.0), (-1.0, 0.0, 1.0, -1.0, 1.0, -1.0, 0.0, 1.0, 0.0), (0.0, 1.0, -1.0, -1.0, 1.0, -1.0, 0.0, 0.0, 0.0), (1.0, -1.0, -1.0, 1.0, 1.0, -1.0, 0.0, 0.0, 1.0), (1.0, -1.0, -1.0, 1.0, 1.0, -1.0, 0.0, 1.0, 1.0), (1.0, -1.0, 0.0, 0.0, 1.0, -1.0, 0.0, 0.0, 0.0), (1.0, -1.0, 0.0, 0.0, 1.0, -1.0, 0.0, 0.0, 1.0), (1.0, -1.0, 0.0, 1.0, 1.0, -1.0, 0.0, 0.0, 1.0), (1.0, -1.0, 0.0, 1.0, 1.0, -1.0, 0.0, 1.0, 0.0), (1.0, -1.0, 0.0, 1.0, 1.0, -1.0, 0.0, 1.0, 1.0), (1.0, -1.0, 1.0, -1.0, 1.0, -1.0, 0.0, 1.0, 1.0), (1.0, -1.0, 1.0, 0.0, 1.0, -1.0, 0.0, 0.0, 0.0), (1.0, -1.0, 1.0, 0.0, 1.0, -1.0, 0.0, 0.0, 1.0), (1.0, -1.0, 1.0, 0.0, 1.0, -1.0, 0.0, 1.0, 0.0), (1.0, -1.0, 1.0, 0.0, 1.0, -1.0, 0.0, 1.0, 1.0), (1.0, -1.0, 1.0, 1.0, 1.0, -1.0, 0.0, 0.0, 0.0), (1.0, -1.0, 1.0, 1.0, 1.0, -1.0, 0.0, 0.0, 1.0), (1.0, -1.0, 1.0, 1.0, 1.0, -1.0, 0.0, 1.0, 0.0), (1.0, -1.0, 1.0, 1.0, 1.0, -1.0, 0.0, 1.0, 1.0)]
$d_I =$ 0.25, $K_{IE} =$ 10000.0 and $d_I =$ 1.0, $K_{IE} =$ 100000.0: 0, []
$d_I =$ 0.25, $K_{IE} =$ 100000.0 and $d_I =$ 1.0, $K_{IE} =$ 10000.0: 0, []
$d_I =$ 0.25, $K_{IE} =$ 100000.0 and $d_I =$ 1.0, $K_{IE} =$ 100000.0: 3, [(1.0, -1.0, 0.0, 1.0, 1.0, 0.0, 0.0, 0.0, 0.0), (1.0, -1.0, 1.0, 0.0, 1.0, 0.0, 0.0, 0.0, 1.0), (1.0, -1.0, 1.0, 1.0, 1.0, 0.0, 0.0, 0.0, 0.0)]
$d_I =$ 1.0, $K_{IE} =$ 10000.0 and $d_I =$ 1.0, $K_{IE} =$ 100000.0: 1, [(1.0, -1.0, 1.0, 0.0, 1.0, 1.0, 0.0, 0.0, 0.0)]
$d_I =$ 0.0, $K_{IE} =$ 1000000.0 and $d_I =$ 0.25, $K_{IE} =$ 10000.0 and $d_I =$ 0.25, $K_{IE} =$ 100000.0: 30, [(-1.0, -1.0, 0.0, 1.0, 1.0, -1.0, 0.0, 0.0, 0.0), (-1.0, -1.0, 0.0, 1.0, 1.0, -1.0, 0.0, 0.0, 1.0), (-1.0, 1.0, 0.0, 1.0, 1.0, 0.0, 1.0, 0.0, 0.0), (-1.0, 1.0, 0.0, 1.0, 1.0, 0.0, 1.0, 0.0, 1.0), (-1.0, 1.0, 0.0, 1.0, 1.0, 0.0, 1.0, 1.0, 0.0), (-1.0, 1.0, 0.0, 1.0, 1.0, 0.0, 1.0, 1.0, 1.0), (0.0, 1.0, -1.0, 1.0, 1.0, 0.0, 0.0, 1.0, 1.0), (0.0, 1.0, -1.0, 1.0, 1.0, 0.0, 1.0, 1.0, 1.0), (0.0, 1.0, 0.0, 1.0, 1.0, 0.0, 0.0, 0.0, 0.0), (0.0, 1.0, 0.0, 1.0, 1.0, 0.0, 0.0, 0.0, 1.0), (0.0, 1.0, 0.0, 1.0, 1.0, 0.0, 0.0, 1.0, 0.0), (0.0, 1.0, 0.0, 1.0, 1.0, 0.0, 0.0, 1.0, 1.0), (0.0, 1.0, 0.0, 1.0, 1.0, 0.0, 1.0, 0.0, 0.0), (0.0, 1.0, 0.0, 1.0, 1.0, 0.0, 1.0, 0.0, 1.0), (0.0, 1.0, 0.0, 1.0, 1.0, 0.0, 1.0, 1.0, 0.0), (0.0, 1.0, 0.0, 1.0, 1.0, 0.0, 1.0, 1.0, 1.0), (0.0, 1.0, 0.0, 1.0, 1.0, 1.0, 1.0, 0.0, 0.0), (0.0, 1.0, 0.0, 1.0, 1.0, 1.0, 1.0, 0.0, 1.0), (0.0, 1.0, 0.0, 1.0, 1.0, 1.0, 1.0, 1.0, 0.0), (0.0, 1.0, 0.0, 1.0, 1.0, 1.0, 1.0, 1.0, 1.0), (1.0, -1.0, 0.0, 1.0, 1.0, 1.0, 1.0, 0.0, 0.0), (1.0, -1.0, 1.0, 1.0, -1.0, -1.0, 0.0, 1.0, 1.0), (1.0, 1.0, -1.0, 1.0, 1.0, 0.0, 1.0, 1.0, 1.0), (1.0, 1.0, 0.0, 1.0, 1.0, 0.0, 1.0, 0.0, 0.0), (1.0, 1.0, 0.0, 1.0, 1.0, 0.0, 1.0, 1.0, 0.0), (1.0, 1.0, 0.0, 1.0, 1.0, 0.0, 1.0, 1.0, 1.0), (1.0, 1.0, 0.0, 1.0, 1.0, 1.0, 1.0, 0.0, 0.0), (1.0, 1.0, 0.0, 1.0, 1.0, 1.0, 1.0, 0.0, 1.0), (1.0, 1.0, 0.0, 1.0, 1.0, 1.0, 1.0, 1.0, 0.0), (1.0, 1.0, 0.0, 1.0, 1.0, 1.0, 1.0, 1.0, 1.0)]
$d_I =$ 0.0, $K_{IE} =$ 1000000.0 and $d_I =$ 0.25, $K_{IE} =$ 10000.0 and $d_I =$ 1.0, $K_{IE} =$ 10000.0: 7, [(0.0, 1.0, 1.0, -1.0, -1.0, 1.0, 0.0, 0.0, 0.0), (0.0, 1.0, 1.0, -1.0, 1.0, -1.0, 0.0, 0.0, 0.0), (0.0, 1.0, 1.0, -1.0, 1.0, -1.0, 0.0, 1.0, 0.0), (1.0, -1.0, 0.0, 0.0, 1.0, -1.0, 0.0, 1.0, 0.0), (1.0, -1.0, 0.0, 0.0, 1.0, -1.0, 0.0, 1.0, 1.0), (1.0, -1.0, 0.0, 1.0, 1.0, -1.0, 0.0, 0.0, 0.0), (1.0, 0.0, 1.0, -1.0, 1.0, -1.0, 0.0, 1.0, 0.0)]
$d_I =$ 0.0, $K_{IE} =$ 1000000.0 and $d_I =$ 0.25, $K_{IE} =$ 10000.0 and $d_I =$ 1.0, $K_{IE} =$ 100000.0: 18, [(-1.0, -1.0, 0.0, 1.0, 0.0, 1.0, 0.0, 0.0, 1.0), (-1.0, -1.0, 0.0, 1.0, 0.0, 1.0, 0.0, 1.0, 1.0), (-1.0, -1.0, 1.0, 0.0, 0.0, 1.0, 0.0, 1.0, 1.0), (0.0, -1.0, 0.0, 1.0, 0.0, 1.0, 0.0, 0.0, 0.0), (0.0, -1.0, 0.0, 1.0, 0.0, 1.0, 0.0, 1.0, 0.0), (0.0, -1.0, 0.0, 1.0, 0.0, 1.0, 0.0, 1.0, 1.0), (0.0, -1.0, 0.0, 1.0, 0.0, 1.0, 1.0, 1.0, 0.0), (0.0, -1.0, 0.0, 1.0, 0.0, 1.0, 1.0, 1.0, 1.0), (0.0, -1.0, 0.0, 1.0, 1.0, 1.0, 1.0, 0.0, 1.0), (0.0, -1.0, 1.0, 0.0, 0.0, 1.0, 0.0, 0.0, 0.0), (0.0, -1.0, 1.0, 0.0, 0.0, 1.0, 1.0, 0.0, 0.0), (0.0, -1.0, 1.0, 0.0, 1.0, 1.0, 1.0, 0.0, 1.0), (0.0, -1.0, 1.0, 0.0, 1.0, 1.0, 1.0, 1.0, 0.0), (0.0, -1.0, 1.0, 1.0, 0.0, 1.0, 0.0, 0.0, 1.0), (0.0, -1.0, 1.0, 1.0, 0.0, 1.0, 0.0, 1.0, 1.0), (0.0, 0.0, 0.0, -1.0, -1.0, -1.0, 0.0, 1.0, 0.0), (0.0, 0.0, 1.0, -1.0, -1.0, -1.0, 0.0, 0.0, 0.0), (0.0, 0.0, 1.0, -1.0, -1.0, -1.0, 0.0, 1.0, 0.0)]
$d_I =$ 0.0, $K_{IE} =$ 1000000.0 and $d_I =$ 0.25, $K_{IE} =$ 100000.0 and $d_I =$ 1.0, $K_{IE} =$ 10000.0: 4, [(-1.0, 1.0, 0.0, 1.0, 1.0, 0.0, 0.0, 0.0, 1.0), (0.0, 1.0, -1.0, -1.0, -1.0, 1.0, 0.0, 1.0, 0.0), (0.0, 1.0, 1.0, 0.0, -1.0, -1.0, 0.0, 0.0, 1.0), (1.0, -1.0, 0.0, 1.0, 1.0, -1.0, 1.0, 1.0, 1.0)]
$d_I =$ 0.0, $K_{IE} =$ 1000000.0 and $d_I =$ 0.25, $K_{IE} =$ 100000.0 and $d_I =$ 1.0, $K_{IE} =$ 100000.0: 54, [(-1.0, -1.0, -1.0, -1.0, 1.0, -1.0, 0.0, 0.0, 1.0), (-1.0, -1.0, -1.0, -1.0, 1.0, -1.0, 0.0, 1.0, 1.0), (-1.0, -1.0, -1.0, 0.0, 1.0, -1.0, 0.0, 0.0, 0.0), (-1.0, -1.0, -1.0, 0.0, 1.0, -1.0, 0.0, 1.0, 0.0), (-1.0, -1.0, -1.0, 1.0, 1.0, -1.0, 0.0, 1.0, 0.0), (-1.0, -1.0, -1.0, 1.0, 1.0, -1.0, 0.0, 1.0, 1.0), (-1.0, -1.0, 0.0, 0.0, 1.0, -1.0, 0.0, 0.0, 1.0), (-1.0, -1.0, 1.0, -1.0, 1.0, -1.0, 0.0, 0.0, 0.0), (-1.0, -1.0, 1.0, -1.0, 1.0, -1.0, 0.0, 1.0, 0.0), (-1.0, -1.0, 1.0, 0.0, 1.0, -1.0, 0.0, 0.0, 0.0), (-1.0, -1.0, 1.0, 1.0, 1.0, -1.0, 0.0, 1.0, 0.0), (0.0, 0.0, 0.0, 1.0, 1.0, 0.0, 0.0, 0.0, 0.0), (0.0, 0.0, 0.0, 1.0, 1.0, 0.0, 0.0, 0.0, 1.0), (0.0, 0.0, 0.0, 1.0, 1.0, 0.0, 0.0, 1.0, 0.0), (0.0, 0.0, 0.0, 1.0, 1.0, 0.0, 0.0, 1.0, 1.0), (0.0, 0.0, 0.0, 1.0, 1.0, 0.0, 1.0, 0.0, 0.0), (0.0, 0.0, 0.0, 1.0, 1.0, 0.0, 1.0, 0.0, 1.0), (0.0, 0.0, 0.0, 1.0, 1.0, 0.0, 1.0, 1.0, 0.0), (0.0, 0.0, 0.0, 1.0, 1.0, 0.0, 1.0, 1.0, 1.0), (1.0, -1.0, 0.0, 1.0, 0.0, 1.0, 0.0, 0.0, 0.0), (1.0, -1.0, 0.0, 1.0, 0.0, 1.0, 0.0, 0.0, 1.0), (1.0, -1.0, 0.0, 1.0, 0.0, 1.0, 0.0, 1.0, 0.0), (1.0, -1.0, 0.0, 1.0, 0.0, 1.0, 0.0, 1.0, 1.0), (1.0, -1.0, 0.0, 1.0, 1.0, 0.0, 0.0, 0.0, 1.0), (1.0, -1.0, 0.0, 1.0, 1.0, 0.0, 0.0, 1.0, 0.0), (1.0, -1.0, 0.0, 1.0, 1.0, 0.0, 1.0, 0.0, 0.0), (1.0, -1.0, 0.0, 1.0, 1.0, 0.0, 1.0, 1.0, 1.0), (1.0, -1.0, 1.0, 0.0, 0.0, 1.0, 0.0, 0.0, 1.0), (1.0, -1.0, 1.0, 0.0, 0.0, 1.0, 0.0, 1.0, 0.0), (1.0, -1.0, 1.0, 0.0, 0.0, 1.0, 0.0, 1.0, 1.0), (1.0, -1.0, 1.0, 0.0, 1.0, 0.0, 0.0, 0.0, 0.0), (1.0, -1.0, 1.0, 0.0, 1.0, 0.0, 0.0, 1.0, 0.0), (1.0, -1.0, 1.0, 0.0, 1.0, 0.0, 0.0, 1.0, 1.0), (1.0, -1.0, 1.0, 1.0, 0.0, 1.0, 0.0, 1.0, 0.0), (1.0, -1.0, 1.0, 1.0, 0.0, 1.0, 0.0, 1.0, 1.0), (1.0, -1.0, 1.0, 1.0, 1.0, 0.0, 0.0, 1.0, 1.0), (1.0, 0.0, 1.0, -1.0, -1.0, -1.0, 0.0, 0.0, 1.0), (1.0, 0.0, 1.0, -1.0, -1.0, -1.0, 0.0, 1.0, 1.0), (1.0, 0.0, 1.0, 0.0, -1.0, -1.0, 0.0, 0.0, 0.0), (1.0, 0.0, 1.0, 0.0, -1.0, -1.0, 0.0, 0.0, 1.0), (1.0, 0.0, 1.0, 0.0, -1.0, -1.0, 0.0, 1.0, 1.0), (1.0, 0.0, 1.0, 1.0, -1.0, -1.0, 0.0, 0.0, 0.0), (1.0, 0.0, 1.0, 1.0, -1.0, -1.0, 0.0, 1.0, 0.0), (1.0, 1.0, -1.0, -1.0, -1.0, -1.0, 0.0, 1.0, 0.0), (1.0, 1.0, 0.0, -1.0, -1.0, -1.0, 0.0, 0.0, 1.0), (1.0, 1.0, 0.0, -1.0, -1.0, -1.0, 0.0, 1.0, 0.0), (1.0, 1.0, 0.0, -1.0, -1.0, -1.0, 0.0, 1.0, 1.0), (1.0, 1.0, 1.0, -1.0, -1.0, -1.0, 0.0, 0.0, 1.0), (1.0, 1.0, 1.0, -1.0, 1.0, -1.0, 0.0, 0.0, 0.0), (1.0, 1.0, 1.0, 0.0, -1.0, -1.0, 0.0, 0.0, 0.0), (1.0, 1.0, 1.0, 0.0, -1.0, -1.0, 0.0, 0.0, 1.0), (1.0, 1.0, 1.0, 0.0, -1.0, -1.0, 0.0, 1.0, 0.0), (1.0, 1.0, 1.0, 1.0, -1.0, -1.0, 0.0, 0.0, 0.0), (1.0, 1.0, 1.0, 1.0, -1.0, -1.0, 0.0, 1.0, 0.0)]
$d_I =$ 0.0, $K_{IE} =$ 1000000.0 and $d_I =$ 1.0, $K_{IE} =$ 10000.0 and $d_I =$ 1.0, $K_{IE} =$ 100000.0: 5, [(-1.0, 1.0, -1.0, -1.0, 1.0, -1.0, 0.0, 0.0, 0.0), (-1.0, 1.0, 0.0, 1.0, 0.0, -1.0, 1.0, 0.0, 1.0), (-1.0, 1.0, 0.0, 1.0, 1.0, -1.0, 1.0, 0.0, 1.0), (1.0, 0.0, 1.0, -1.0, 1.0, -1.0, 0.0, 0.0, 0.0), (1.0, 1.0, -1.0, -1.0, -1.0, -1.0, 0.0, 0.0, 0.0)]
$d_I =$ 0.25, $K_{IE} =$ 10000.0 and $d_I =$ 0.25, $K_{IE} =$ 100000.0 and $d_I =$ 1.0, $K_{IE} =$ 10000.0: 6, [(-1.0, -1.0, 0.0, 1.0, 0.0, 1.0, 1.0, 0.0, 0.0), (-1.0, -1.0, 1.0, 1.0, 0.0, 1.0, 1.0, 0.0, 1.0), (-1.0, 0.0, 1.0, -1.0, -1.0, -1.0, 0.0, 1.0, 1.0), (0.0, 1.0, -1.0, -1.0, 0.0, -1.0, 0.0, 0.0, 0.0), (1.0, 1.0, 0.0, 1.0, 0.0, 1.0, 1.0, 0.0, 1.0), (1.0, 1.0, 0.0, 1.0, 0.0, 1.0, 1.0, 1.0, 1.0)]
$d_I =$ 0.25, $K_{IE} =$ 10000.0 and $d_I =$ 0.25, $K_{IE} =$ 100000.0 and $d_I =$ 1.0, $K_{IE} =$ 100000.0: 0, []
$d_I =$ 0.25, $K_{IE} =$ 10000.0 and $d_I =$ 1.0, $K_{IE} =$ 10000.0 and $d_I =$ 1.0, $K_{IE} =$ 100000.0: 12, [(-1.0, 0.0, -1.0, -1.0, 1.0, -1.0, 0.0, 0.0, 0.0), (-1.0, 0.0, -1.0, -1.0, 1.0, -1.0, 0.0, 1.0, 0.0), (-1.0, 0.0, 0.0, -1.0, -1.0, -1.0, 0.0, 0.0, 0.0), (-1.0, 0.0, 0.0, -1.0, -1.0, -1.0, 0.0, 0.0, 1.0), (-1.0, 0.0, 0.0, -1.0, -1.0, -1.0, 0.0, 1.0, 1.0), (-1.0, 0.0, 1.0, -1.0, -1.0, -1.0, 0.0, 0.0, 0.0), (-1.0, 0.0, 1.0, -1.0, -1.0, -1.0, 0.0, 1.0, 0.0), (1.0, -1.0, -1.0, -1.0, 1.0, 1.0, 0.0, 1.0, 0.0), (1.0, -1.0, 0.0, 0.0, 1.0, 1.0, 0.0, 1.0, 1.0), (1.0, -1.0, 0.0, 1.0, 1.0, 1.0, 0.0, 1.0, 0.0), (1.0, -1.0, 1.0, 1.0, 1.0, 1.0, 0.0, 0.0, 1.0), (1.0, -1.0, 1.0, 1.0, 1.0, 1.0, 0.0, 1.0, 0.0)]
$d_I =$ 0.25, $K_{IE} =$ 100000.0 and $d_I =$ 1.0, $K_{IE} =$ 10000.0 and $d_I =$ 1.0, $K_{IE} =$ 100000.0: 2, [(1.0, -1.0, 0.0, 1.0, 1.0, 1.0, 0.0, 0.0, 1.0), (1.0, -1.0, 1.0, 0.0, 1.0, 1.0, 0.0, 0.0, 1.0)]
$d_I =$ 0.0, $K_{IE} =$ 1000000.0 and $d_I =$ 0.25, $K_{IE} =$ 10000.0 and $d_I =$ 0.25, $K_{IE} =$ 100000.0 and $d_I =$ 1.0, $K_{IE} =$ 10000.0: 114, [(-1.0, -1.0, -1.0, 0.0, 1.0, 0.0, 1.0, 1.0, 1.0), (-1.0, -1.0, -1.0, 1.0, 0.0, 1.0, 1.0, 0.0, 1.0), (-1.0, -1.0, -1.0, 1.0, 0.0, 1.0, 1.0, 1.0, 1.0), (-1.0, -1.0, -1.0, 1.0, 1.0, 0.0, 1.0, 0.0, 1.0), (-1.0, -1.0, -1.0, 1.0, 1.0, 0.0, 1.0, 1.0, 1.0), (-1.0, -1.0, -1.0, 1.0, 1.0, 1.0, 1.0, 0.0, 1.0), (-1.0, -1.0, -1.0, 1.0, 1.0, 1.0, 1.0, 1.0, 1.0), (-1.0, -1.0, 0.0, 0.0, 1.0, 0.0, 1.0, 1.0, 1.0), (-1.0, -1.0, 0.0, 1.0, -1.0, 1.0, 1.0, 1.0, 0.0), (-1.0, -1.0, 0.0, 1.0, 0.0, 0.0, 1.0, 0.0, 0.0), (-1.0, -1.0, 0.0, 1.0, 0.0, 0.0, 1.0, 0.0, 1.0), (-1.0, -1.0, 0.0, 1.0, 0.0, 0.0, 1.0, 1.0, 0.0), (-1.0, -1.0, 0.0, 1.0, 0.0, 1.0, 1.0, 0.0, 1.0), (-1.0, -1.0, 0.0, 1.0, 0.0, 1.0, 1.0, 1.0, 0.0), (-1.0, -1.0, 0.0, 1.0, 0.0, 1.0, 1.0, 1.0, 1.0), (-1.0, -1.0, 0.0, 1.0, 1.0, -1.0, 1.0, 0.0, 0.0), (-1.0, -1.0, 0.0, 1.0, 1.0, -1.0, 1.0, 1.0, 0.0), (-1.0, -1.0, 0.0, 1.0, 1.0, 0.0, 1.0, 0.0, 0.0), (-1.0, -1.0, 0.0, 1.0, 1.0, 0.0, 1.0, 0.0, 1.0), (-1.0, -1.0, 0.0, 1.0, 1.0, 0.0, 1.0, 1.0, 0.0), (-1.0, -1.0, 0.0, 1.0, 1.0, 0.0, 1.0, 1.0, 1.0), (-1.0, -1.0, 0.0, 1.0, 1.0, 1.0, 1.0, 0.0, 0.0), (-1.0, -1.0, 0.0, 1.0, 1.0, 1.0, 1.0, 0.0, 1.0), (-1.0, -1.0, 0.0, 1.0, 1.0, 1.0, 1.0, 1.0, 0.0), (-1.0, -1.0, 0.0, 1.0, 1.0, 1.0, 1.0, 1.0, 1.0), (-1.0, -1.0, 1.0, 1.0, 1.0, 0.0, 1.0, 0.0, 1.0), (-1.0, -1.0, 1.0, 1.0, 1.0, 0.0, 1.0, 1.0, 1.0), (-1.0, -1.0, 1.0, 1.0, 1.0, 1.0, 1.0, 0.0, 1.0), (-1.0, -1.0, 1.0, 1.0, 1.0, 1.0, 1.0, 1.0, 1.0), (-1.0, 1.0, -1.0, 1.0, 1.0, 0.0, 0.0, 0.0, 1.0), (-1.0, 1.0, -1.0, 1.0, 1.0, 0.0, 1.0, 0.0, 1.0), (-1.0, 1.0, -1.0, 1.0, 1.0, 1.0, 1.0, 1.0, 1.0), (-1.0, 1.0, 0.0, 1.0, 0.0, 1.0, 0.0, 1.0, 1.0), (-1.0, 1.0, 0.0, 1.0, 0.0, 1.0, 1.0, 0.0, 0.0), (-1.0, 1.0, 0.0, 1.0, 0.0, 1.0, 1.0, 0.0, 1.0), (-1.0, 1.0, 0.0, 1.0, 0.0, 1.0, 1.0, 1.0, 0.0), (-1.0, 1.0, 0.0, 1.0, 0.0, 1.0, 1.0, 1.0, 1.0), (-1.0, 1.0, 0.0, 1.0, 1.0, 0.0, 0.0, 1.0, 1.0), (-1.0, 1.0, 0.0, 1.0, 1.0, 1.0, 1.0, 0.0, 0.0), (-1.0, 1.0, 0.0, 1.0, 1.0, 1.0, 1.0, 0.0, 1.0), (-1.0, 1.0, 0.0, 1.0, 1.0, 1.0, 1.0, 1.0, 0.0), (-1.0, 1.0, 0.0, 1.0, 1.0, 1.0, 1.0, 1.0, 1.0), (-1.0, 1.0, 1.0, -1.0, -1.0, -1.0, 1.0, 0.0, 0.0), (-1.0, 1.0, 1.0, -1.0, -1.0, -1.0, 1.0, 1.0, 0.0), (-1.0, 1.0, 1.0, -1.0, 0.0, -1.0, 1.0, 0.0, 0.0), (-1.0, 1.0, 1.0, -1.0, 0.0, -1.0, 1.0, 1.0, 0.0), (0.0, 1.0, -1.0, -1.0, -1.0, -1.0, 0.0, 1.0, 1.0), (0.0, 1.0, -1.0, -1.0, -1.0, -1.0, 1.0, 0.0, 0.0), (0.0, 1.0, -1.0, -1.0, -1.0, 1.0, 0.0, 0.0, 0.0), (0.0, 1.0, -1.0, 1.0, -1.0, -1.0, 0.0, 1.0, 0.0), (0.0, 1.0, -1.0, 1.0, 0.0, 1.0, 1.0, 0.0, 1.0), (0.0, 1.0, -1.0, 1.0, 0.0, 1.0, 1.0, 1.0, 1.0), (0.0, 1.0, -1.0, 1.0, 1.0, 0.0, 0.0, 0.0, 1.0), (0.0, 1.0, -1.0, 1.0, 1.0, 0.0, 1.0, 0.0, 1.0), (0.0, 1.0, -1.0, 1.0, 1.0, 1.0, 1.0, 0.0, 1.0), (0.0, 1.0, -1.0, 1.0, 1.0, 1.0, 1.0, 1.0, 1.0), (0.0, 1.0, 0.0, -1.0, -1.0, 1.0, 0.0, 1.0, 0.0), (0.0, 1.0, 0.0, 0.0, -1.0, -1.0, 0.0, 0.0, 0.0), (0.0, 1.0, 0.0, 0.0, -1.0, -1.0, 0.0, 1.0, 0.0), (0.0, 1.0, 0.0, 0.0, -1.0, -1.0, 0.0, 1.0, 1.0), (0.0, 1.0, 0.0, 1.0, 0.0, 1.0, 0.0, 0.0, 0.0), (0.0, 1.0, 0.0, 1.0, 0.0, 1.0, 0.0, 0.0, 1.0), (0.0, 1.0, 0.0, 1.0, 0.0, 1.0, 0.0, 1.0, 0.0), (0.0, 1.0, 0.0, 1.0, 0.0, 1.0, 0.0, 1.0, 1.0), (0.0, 1.0, 0.0, 1.0, 0.0, 1.0, 1.0, 0.0, 0.0), (0.0, 1.0, 0.0, 1.0, 0.0, 1.0, 1.0, 0.0, 1.0), (0.0, 1.0, 0.0, 1.0, 0.0, 1.0, 1.0, 1.0, 0.0), (0.0, 1.0, 0.0, 1.0, 0.0, 1.0, 1.0, 1.0, 1.0), (0.0, 1.0, 0.0, 1.0, 1.0, 1.0, 0.0, 0.0, 0.0), (0.0, 1.0, 0.0, 1.0, 1.0, 1.0, 0.0, 0.0, 1.0), (0.0, 1.0, 0.0, 1.0, 1.0, 1.0, 0.0, 1.0, 1.0), (0.0, 1.0, 1.0, -1.0, -1.0, -1.0, 1.0, 0.0, 0.0), (0.0, 1.0, 1.0, -1.0, -1.0, -1.0, 1.0, 1.0, 0.0), (0.0, 1.0, 1.0, -1.0, -1.0, 0.0, 0.0, 0.0, 0.0), (0.0, 1.0, 1.0, -1.0, -1.0, 0.0, 1.0, 0.0, 0.0), (0.0, 1.0, 1.0, -1.0, -1.0, 1.0, 0.0, 1.0, 0.0), (0.0, 1.0, 1.0, -1.0, 0.0, -1.0, 0.0, 0.0, 0.0), (0.0, 1.0, 1.0, -1.0, 0.0, -1.0, 0.0, 1.0, 0.0), (0.0, 1.0, 1.0, -1.0, 0.0, -1.0, 1.0, 0.0, 0.0), (0.0, 1.0, 1.0, -1.0, 0.0, -1.0, 1.0, 1.0, 0.0), (1.0, -1.0, -1.0, 0.0, -1.0, -1.0, 0.0, 0.0, 0.0), (1.0, -1.0, -1.0, 0.0, -1.0, -1.0, 0.0, 1.0, 0.0), (1.0, -1.0, -1.0, 0.0, 1.0, 1.0, 1.0, 1.0, 0.0), (1.0, -1.0, -1.0, 0.0, 1.0, 1.0, 1.0, 1.0, 1.0), (1.0, -1.0, -1.0, 1.0, 0.0, 1.0, 1.0, 0.0, 1.0), (1.0, -1.0, -1.0, 1.0, 0.0, 1.0, 1.0, 1.0, 1.0), (1.0, -1.0, -1.0, 1.0, 1.0, 1.0, 1.0, 0.0, 1.0), (1.0, -1.0, -1.0, 1.0, 1.0, 1.0, 1.0, 1.0, 1.0), (1.0, -1.0, 0.0, 0.0, -1.0, -1.0, 0.0, 0.0, 1.0), (1.0, -1.0, 0.0, 0.0, -1.0, -1.0, 0.0, 1.0, 1.0), (1.0, -1.0, 0.0, 1.0, -1.0, -1.0, 0.0, 0.0, 0.0), (1.0, -1.0, 0.0, 1.0, -1.0, -1.0, 0.0, 0.0, 1.0), (1.0, -1.0, 0.0, 1.0, -1.0, -1.0, 0.0, 1.0, 1.0), (1.0, -1.0, 0.0, 1.0, -1.0, 1.0, 1.0, 0.0, 0.0), (1.0, -1.0, 0.0, 1.0, -1.0, 1.0, 1.0, 1.0, 1.0), (1.0, -1.0, 0.0, 1.0, 0.0, 1.0, 1.0, 0.0, 0.0), (1.0, -1.0, 0.0, 1.0, 0.0, 1.0, 1.0, 0.0, 1.0), (1.0, -1.0, 0.0, 1.0, 0.0, 1.0, 1.0, 1.0, 0.0), (1.0, -1.0, 0.0, 1.0, 0.0, 1.0, 1.0, 1.0, 1.0), (1.0, -1.0, 0.0, 1.0, 1.0, 1.0, 1.0, 0.0, 1.0), (1.0, -1.0, 0.0, 1.0, 1.0, 1.0, 1.0, 1.0, 0.0), (1.0, -1.0, 0.0, 1.0, 1.0, 1.0, 1.0, 1.0, 1.0), (1.0, -1.0, 1.0, 0.0, -1.0, -1.0, 0.0, 0.0, 1.0), (1.0, -1.0, 1.0, 0.0, -1.0, -1.0, 0.0, 1.0, 0.0), (1.0, -1.0, 1.0, 0.0, -1.0, -1.0, 0.0, 1.0, 1.0), (1.0, -1.0, 1.0, 1.0, -1.0, -1.0, 0.0, 0.0, 0.0), (1.0, -1.0, 1.0, 1.0, -1.0, -1.0, 0.0, 0.0, 1.0), (1.0, -1.0, 1.0, 1.0, 0.0, 1.0, 1.0, 1.0, 1.0), (1.0, -1.0, 1.0, 1.0, 1.0, 0.0, 1.0, 0.0, 1.0), (1.0, -1.0, 1.0, 1.0, 1.0, 1.0, 1.0, 0.0, 1.0), (1.0, 1.0, -1.0, 1.0, 1.0, 0.0, 1.0, 0.0, 1.0), (1.0, 1.0, 1.0, -1.0, -1.0, -1.0, 1.0, 0.0, 0.0), (1.0, 1.0, 1.0, -1.0, -1.0, -1.0, 1.0, 1.0, 0.0), (1.0, 1.0, 1.0, -1.0, 0.0, -1.0, 1.0, 0.0, 0.0)]
$d_I =$ 0.0, $K_{IE} =$ 1000000.0 and $d_I =$ 0.25, $K_{IE} =$ 10000.0 and $d_I =$ 0.25, $K_{IE} =$ 100000.0 and $d_I =$ 1.0, $K_{IE} =$ 100000.0: 84, [(-1.0, -1.0, -1.0, 1.0, -1.0, -1.0, 0.0, 0.0, 0.0), (-1.0, -1.0, -1.0, 1.0, -1.0, -1.0, 0.0, 0.0, 1.0), (-1.0, -1.0, -1.0, 1.0, -1.0, -1.0, 0.0, 1.0, 0.0), (-1.0, -1.0, -1.0, 1.0, -1.0, -1.0, 0.0, 1.0, 1.0), (-1.0, -1.0, -1.0, 1.0, 0.0, 1.0, 0.0, 0.0, 1.0), (-1.0, -1.0, -1.0, 1.0, 0.0, 1.0, 0.0, 1.0, 1.0), (-1.0, -1.0, 0.0, -1.0, -1.0, -1.0, 0.0, 0.0, 0.0), (-1.0, -1.0, 0.0, -1.0, -1.0, -1.0, 0.0, 1.0, 0.0), (-1.0, -1.0, 0.0, 0.0, -1.0, -1.0, 0.0, 0.0, 1.0), (-1.0, -1.0, 0.0, 0.0, -1.0, -1.0, 0.0, 1.0, 0.0), (-1.0, -1.0, 0.0, 0.0, -1.0, -1.0, 0.0, 1.0, 1.0), (-1.0, -1.0, 0.0, 0.0, 1.0, -1.0, 0.0, 0.0, 0.0), (-1.0, -1.0, 0.0, 0.0, 1.0, -1.0, 0.0, 1.0, 0.0), (-1.0, -1.0, 0.0, 0.0, 1.0, -1.0, 0.0, 1.0, 1.0), (-1.0, -1.0, 0.0, 1.0, -1.0, -1.0, 0.0, 0.0, 0.0), (-1.0, -1.0, 0.0, 1.0, -1.0, -1.0, 0.0, 0.0, 1.0), (-1.0, -1.0, 0.0, 1.0, -1.0, -1.0, 0.0, 1.0, 0.0), (-1.0, -1.0, 0.0, 1.0, -1.0, -1.0, 0.0, 1.0, 1.0), (-1.0, -1.0, 0.0, 1.0, 0.0, 1.0, 0.0, 0.0, 0.0), (-1.0, -1.0, 0.0, 1.0, 0.0, 1.0, 0.0, 1.0, 0.0), (-1.0, -1.0, 0.0, 1.0, 1.0, -1.0, 0.0, 1.0, 0.0), (-1.0, -1.0, 0.0, 1.0, 1.0, -1.0, 0.0, 1.0, 1.0), (-1.0, -1.0, 1.0, -1.0, -1.0, -1.0, 0.0, 1.0, 0.0), (-1.0, -1.0, 1.0, -1.0, -1.0, -1.0, 0.0, 1.0, 1.0), (-1.0, -1.0, 1.0, -1.0, 1.0, -1.0, 0.0, 1.0, 1.0), (-1.0, -1.0, 1.0, 0.0, -1.0, -1.0, 0.0, 0.0, 0.0), (-1.0, -1.0, 1.0, 0.0, -1.0, -1.0, 0.0, 0.0, 1.0), (-1.0, -1.0, 1.0, 0.0, -1.0, -1.0, 0.0, 1.0, 0.0), (-1.0, -1.0, 1.0, 0.0, -1.0, -1.0, 0.0, 1.0, 1.0), (-1.0, -1.0, 1.0, 0.0, 1.0, -1.0, 0.0, 0.0, 1.0), (-1.0, -1.0, 1.0, 0.0, 1.0, -1.0, 0.0, 1.0, 0.0), (-1.0, -1.0, 1.0, 0.0, 1.0, -1.0, 0.0, 1.0, 1.0), (-1.0, -1.0, 1.0, 1.0, -1.0, -1.0, 0.0, 0.0, 0.0), (-1.0, -1.0, 1.0, 1.0, -1.0, -1.0, 0.0, 0.0, 1.0), (-1.0, -1.0, 1.0, 1.0, -1.0, -1.0, 0.0, 1.0, 0.0), (-1.0, -1.0, 1.0, 1.0, -1.0, -1.0, 0.0, 1.0, 1.0), (-1.0, -1.0, 1.0, 1.0, 0.0, 1.0, 0.0, 0.0, 0.0), (-1.0, -1.0, 1.0, 1.0, 0.0, 1.0, 0.0, 1.0, 0.0), (-1.0, -1.0, 1.0, 1.0, 1.0, -1.0, 0.0, 0.0, 0.0), (-1.0, -1.0, 1.0, 1.0, 1.0, -1.0, 0.0, 0.0, 1.0), (-1.0, -1.0, 1.0, 1.0, 1.0, -1.0, 0.0, 1.0, 1.0), (0.0, -1.0, -1.0, 1.0, 0.0, 1.0, 1.0, 0.0, 1.0), (0.0, -1.0, 0.0, 1.0, 1.0, 0.0, 0.0, 0.0, 0.0), (0.0, -1.0, 0.0, 1.0, 1.0, 0.0, 0.0, 0.0, 1.0), (0.0, -1.0, 0.0, 1.0, 1.0, 0.0, 0.0, 1.0, 1.0), (0.0, -1.0, 0.0, 1.0, 1.0, 1.0, 0.0, 1.0, 0.0), (0.0, -1.0, 0.0, 1.0, 1.0, 1.0, 1.0, 1.0, 0.0), (0.0, -1.0, 1.0, 0.0, 1.0, 0.0, 0.0, 0.0, 1.0), (0.0, -1.0, 1.0, 0.0, 1.0, 0.0, 0.0, 1.0, 0.0), (0.0, -1.0, 1.0, 1.0, 1.0, 0.0, 0.0, 0.0, 1.0), (0.0, -1.0, 1.0, 1.0, 1.0, 0.0, 0.0, 1.0, 1.0), (0.0, -1.0, 1.0, 1.0, 1.0, 0.0, 1.0, 1.0, 1.0), (0.0, 0.0, 0.0, 1.0, 1.0, 1.0, 1.0, 0.0, 0.0), (0.0, 0.0, 1.0, 0.0, -1.0, -1.0, 0.0, 1.0, 0.0), (0.0, 0.0, 1.0, 0.0, -1.0, -1.0, 0.0, 1.0, 1.0), (0.0, 0.0, 1.0, 1.0, -1.0, -1.0, 0.0, 0.0, 0.0), (1.0, -1.0, -1.0, 1.0, 0.0, 1.0, 0.0, 0.0, 1.0), (1.0, -1.0, -1.0, 1.0, 0.0, 1.0, 0.0, 1.0, 1.0), (1.0, -1.0, 0.0, 0.0, 0.0, 1.0, 0.0, 0.0, 0.0), (1.0, -1.0, 0.0, 0.0, 0.0, 1.0, 0.0, 0.0, 1.0), (1.0, -1.0, 1.0, 1.0, 0.0, 1.0, 0.0, 0.0, 0.0), (1.0, -1.0, 1.0, 1.0, 0.0, 1.0, 0.0, 0.0, 1.0), (1.0, 0.0, -1.0, 1.0, -1.0, -1.0, 0.0, 0.0, 0.0), (1.0, 0.0, -1.0, 1.0, 1.0, 0.0, 0.0, 1.0, 1.0), (1.0, 0.0, -1.0, 1.0, 1.0, 0.0, 1.0, 1.0, 1.0), (1.0, 0.0, 0.0, 1.0, 1.0, 0.0, 0.0, 0.0, 0.0), (1.0, 0.0, 0.0, 1.0, 1.0, 0.0, 0.0, 0.0, 1.0), (1.0, 0.0, 0.0, 1.0, 1.0, 0.0, 0.0, 1.0, 0.0), (1.0, 0.0, 0.0, 1.0, 1.0, 0.0, 0.0, 1.0, 1.0), (1.0, 0.0, 0.0, 1.0, 1.0, 0.0, 1.0, 0.0, 1.0), (1.0, 0.0, 0.0, 1.0, 1.0, 0.0, 1.0, 1.0, 0.0), (1.0, 0.0, 0.0, 1.0, 1.0, 0.0, 1.0, 1.0, 1.0), (1.0, 0.0, 0.0, 1.0, 1.0, 1.0, 1.0, 0.0, 0.0), (1.0, 0.0, 0.0, 1.0, 1.0, 1.0, 1.0, 1.0, 0.0), (1.0, 0.0, 0.0, 1.0, 1.0, 1.0, 1.0, 1.0, 1.0), (1.0, 0.0, 1.0, 0.0, -1.0, -1.0, 0.0, 1.0, 0.0), (1.0, 1.0, -1.0, -1.0, -1.0, -1.0, 0.0, 1.0, 1.0), (1.0, 1.0, 0.0, 1.0, 1.0, 0.0, 0.0, 0.0, 0.0), (1.0, 1.0, 0.0, 1.0, 1.0, 0.0, 0.0, 0.0, 1.0), (1.0, 1.0, 0.0, 1.0, 1.0, 0.0, 0.0, 1.0, 0.0), (1.0, 1.0, 0.0, 1.0, 1.0, 0.0, 0.0, 1.0, 1.0), (1.0, 1.0, 0.0, 1.0, 1.0, 0.0, 1.0, 0.0, 1.0), (1.0, 1.0, 1.0, -1.0, -1.0, -1.0, 0.0, 1.0, 1.0), (1.0, 1.0, 1.0, 0.0, -1.0, -1.0, 0.0, 1.0, 1.0)]
$d_I =$ 0.0, $K_{IE} =$ 1000000.0 and $d_I =$ 0.25, $K_{IE} =$ 10000.0 and $d_I =$ 1.0, $K_{IE} =$ 10000.0 and $d_I =$ 1.0, $K_{IE} =$ 100000.0: 123, [(-1.0, -1.0, 1.0, 0.0, 0.0, 1.0, 0.0, 0.0, 0.0), (-1.0, -1.0, 1.0, 0.0, 0.0, 1.0, 0.0, 0.0, 1.0), (-1.0, -1.0, 1.0, 0.0, 0.0, 1.0, 0.0, 1.0, 0.0), (-1.0, -1.0, 1.0, 1.0, 0.0, 1.0, 0.0, 0.0, 1.0), (-1.0, -1.0, 1.0, 1.0, 0.0, 1.0, 0.0, 1.0, 1.0), (-1.0, 1.0, -1.0, 0.0, 0.0, -1.0, 1.0, 0.0, 1.0), (-1.0, 1.0, -1.0, 0.0, 0.0, -1.0, 1.0, 1.0, 0.0), (-1.0, 1.0, -1.0, 0.0, 0.0, -1.0, 1.0, 1.0, 1.0), (-1.0, 1.0, -1.0, 1.0, -1.0, -1.0, 1.0, 0.0, 1.0), (-1.0, 1.0, -1.0, 1.0, -1.0, -1.0, 1.0, 1.0, 1.0), (-1.0, 1.0, -1.0, 1.0, 0.0, -1.0, 1.0, 0.0, 1.0), (-1.0, 1.0, -1.0, 1.0, 1.0, -1.0, 1.0, 0.0, 1.0), (-1.0, 1.0, 0.0, 0.0, 0.0, -1.0, 1.0, 0.0, 0.0), (-1.0, 1.0, 0.0, 0.0, 0.0, -1.0, 1.0, 1.0, 1.0), (0.0, -1.0, 0.0, 1.0, -1.0, 1.0, 1.0, 0.0, 1.0), (0.0, -1.0, 0.0, 1.0, -1.0, 1.0, 1.0, 1.0, 0.0), (0.0, -1.0, 0.0, 1.0, -1.0, 1.0, 1.0, 1.0, 1.0), (0.0, -1.0, 0.0, 1.0, 0.0, 1.0, 0.0, 0.0, 1.0), (0.0, -1.0, 0.0, 1.0, 0.0, 1.0, 1.0, 0.0, 0.0), (0.0, -1.0, 0.0, 1.0, 0.0, 1.0, 1.0, 0.0, 1.0), (0.0, -1.0, 1.0, 0.0, -1.0, 1.0, 1.0, 0.0, 0.0), (0.0, -1.0, 1.0, 0.0, -1.0, 1.0, 1.0, 0.0, 1.0), (0.0, -1.0, 1.0, 0.0, -1.0, 1.0, 1.0, 1.0, 0.0), (0.0, -1.0, 1.0, 0.0, -1.0, 1.0, 1.0, 1.0, 1.0), (0.0, -1.0, 1.0, 0.0, 0.0, 0.0, 0.0, 0.0, 1.0), (0.0, -1.0, 1.0, 0.0, 0.0, 0.0, 0.0, 1.0, 0.0), (0.0, -1.0, 1.0, 0.0, 0.0, 0.0, 0.0, 1.0, 1.0), (0.0, -1.0, 1.0, 0.0, 0.0, 0.0, 1.0, 0.0, 0.0), (0.0, -1.0, 1.0, 0.0, 0.0, 0.0, 1.0, 1.0, 1.0), (0.0, -1.0, 1.0, 0.0, 0.0, 1.0, 0.0, 0.0, 1.0), (0.0, -1.0, 1.0, 0.0, 0.0, 1.0, 0.0, 1.0, 0.0), (0.0, -1.0, 1.0, 0.0, 0.0, 1.0, 0.0, 1.0, 1.0), (0.0, -1.0, 1.0, 0.0, 0.0, 1.0, 1.0, 1.0, 0.0), (0.0, -1.0, 1.0, 0.0, 0.0, 1.0, 1.0, 1.0, 1.0), (0.0, -1.0, 1.0, 0.0, 1.0, 1.0, 1.0, 0.0, 0.0), (0.0, -1.0, 1.0, 0.0, 1.0, 1.0, 1.0, 1.0, 1.0), (0.0, -1.0, 1.0, 1.0, -1.0, 1.0, 1.0, 0.0, 1.0), (0.0, -1.0, 1.0, 1.0, -1.0, 1.0, 1.0, 1.0, 1.0), (0.0, -1.0, 1.0, 1.0, 0.0, 0.0, 0.0, 0.0, 1.0), (0.0, -1.0, 1.0, 1.0, 0.0, 0.0, 0.0, 1.0, 1.0), (0.0, -1.0, 1.0, 1.0, 0.0, 0.0, 1.0, 1.0, 0.0), (0.0, -1.0, 1.0, 1.0, 0.0, 1.0, 0.0, 0.0, 0.0), (0.0, -1.0, 1.0, 1.0, 0.0, 1.0, 0.0, 1.0, 0.0), (0.0, -1.0, 1.0, 1.0, 0.0, 1.0, 1.0, 0.0, 0.0), (0.0, -1.0, 1.0, 1.0, 0.0, 1.0, 1.0, 0.0, 1.0), (0.0, -1.0, 1.0, 1.0, 0.0, 1.0, 1.0, 1.0, 0.0), (0.0, -1.0, 1.0, 1.0, 0.0, 1.0, 1.0, 1.0, 1.0), (0.0, -1.0, 1.0, 1.0, 1.0, 1.0, 1.0, 0.0, 0.0), (0.0, -1.0, 1.0, 1.0, 1.0, 1.0, 1.0, 0.0, 1.0), (0.0, -1.0, 1.0, 1.0, 1.0, 1.0, 1.0, 1.0, 1.0), (0.0, 0.0, -1.0, -1.0, -1.0, -1.0, 0.0, 0.0, 0.0), (0.0, 0.0, -1.0, -1.0, -1.0, -1.0, 0.0, 1.0, 0.0), (0.0, 0.0, -1.0, -1.0, 1.0, -1.0, 0.0, 0.0, 0.0), (0.0, 0.0, -1.0, -1.0, 1.0, -1.0, 0.0, 1.0, 0.0), (0.0, 0.0, 0.0, -1.0, -1.0, -1.0, 0.0, 0.0, 0.0), (0.0, 0.0, 0.0, -1.0, -1.0, -1.0, 0.0, 0.0, 1.0), (0.0, 0.0, 0.0, -1.0, -1.0, -1.0, 0.0, 1.0, 1.0), (0.0, 0.0, 1.0, -1.0, 1.0, -1.0, 0.0, 0.0, 0.0), (0.0, 0.0, 1.0, -1.0, 1.0, -1.0, 0.0, 1.0, 0.0), (0.0, 1.0, -1.0, -1.0, 1.0, -1.0, 0.0, 1.0, 0.0), (0.0, 1.0, -1.0, 0.0, 0.0, -1.0, 0.0, 0.0, 0.0), (0.0, 1.0, -1.0, 0.0, 0.0, -1.0, 0.0, 0.0, 1.0), (0.0, 1.0, -1.0, 0.0, 0.0, -1.0, 0.0, 1.0, 0.0), (0.0, 1.0, -1.0, 0.0, 0.0, -1.0, 0.0, 1.0, 1.0), (0.0, 1.0, -1.0, 0.0, 0.0, -1.0, 1.0, 0.0, 0.0), (0.0, 1.0, -1.0, 0.0, 0.0, -1.0, 1.0, 0.0, 1.0), (0.0, 1.0, -1.0, 0.0, 0.0, -1.0, 1.0, 1.0, 0.0), (0.0, 1.0, -1.0, 0.0, 0.0, -1.0, 1.0, 1.0, 1.0), (0.0, 1.0, -1.0, 1.0, -1.0, -1.0, 1.0, 0.0, 1.0), (0.0, 1.0, -1.0, 1.0, -1.0, -1.0, 1.0, 1.0, 1.0), (0.0, 1.0, -1.0, 1.0, 0.0, -1.0, 0.0, 0.0, 1.0), (0.0, 1.0, -1.0, 1.0, 0.0, -1.0, 0.0, 1.0, 1.0), (0.0, 1.0, -1.0, 1.0, 0.0, -1.0, 1.0, 0.0, 1.0), (0.0, 1.0, -1.0, 1.0, 0.0, -1.0, 1.0, 1.0, 1.0), (0.0, 1.0, -1.0, 1.0, 1.0, -1.0, 1.0, 0.0, 1.0), (0.0, 1.0, 0.0, 0.0, 0.0, -1.0, 0.0, 0.0, 0.0), (0.0, 1.0, 0.0, 0.0, 0.0, -1.0, 0.0, 0.0, 1.0), (0.0, 1.0, 0.0, 0.0, 0.0, -1.0, 0.0, 1.0, 0.0), (0.0, 1.0, 0.0, 0.0, 0.0, -1.0, 1.0, 0.0, 0.0), (0.0, 1.0, 0.0, 0.0, 0.0, -1.0, 1.0, 0.0, 1.0), (0.0, 1.0, 0.0, 0.0, 0.0, -1.0, 1.0, 1.0, 1.0), (0.0, 1.0, 0.0, 1.0, -1.0, -1.0, 1.0, 0.0, 0.0), (0.0, 1.0, 0.0, 1.0, -1.0, -1.0, 1.0, 0.0, 1.0), (0.0, 1.0, 0.0, 1.0, -1.0, -1.0, 1.0, 1.0, 0.0), (0.0, 1.0, 0.0, 1.0, -1.0, -1.0, 1.0, 1.0, 1.0), (0.0, 1.0, 0.0, 1.0, 0.0, -1.0, 0.0, 0.0, 0.0), (0.0, 1.0, 0.0, 1.0, 0.0, -1.0, 0.0, 0.0, 1.0), (0.0, 1.0, 0.0, 1.0, 0.0, -1.0, 0.0, 1.0, 0.0), (0.0, 1.0, 0.0, 1.0, 0.0, -1.0, 0.0, 1.0, 1.0), (0.0, 1.0, 0.0, 1.0, 0.0, -1.0, 1.0, 0.0, 0.0), (0.0, 1.0, 0.0, 1.0, 0.0, -1.0, 1.0, 0.0, 1.0), (0.0, 1.0, 0.0, 1.0, 0.0, -1.0, 1.0, 1.0, 0.0), (0.0, 1.0, 0.0, 1.0, 0.0, -1.0, 1.0, 1.0, 1.0), (0.0, 1.0, 0.0, 1.0, 1.0, -1.0, 0.0, 0.0, 0.0), (0.0, 1.0, 0.0, 1.0, 1.0, -1.0, 0.0, 0.0, 1.0), (0.0, 1.0, 0.0, 1.0, 1.0, -1.0, 1.0, 0.0, 0.0), (0.0, 1.0, 0.0, 1.0, 1.0, -1.0, 1.0, 1.0, 0.0), (0.0, 1.0, 1.0, 0.0, 0.0, -1.0, 1.0, 0.0, 0.0), (0.0, 1.0, 1.0, 0.0, 0.0, -1.0, 1.0, 1.0, 1.0), (0.0, 1.0, 1.0, 1.0, -1.0, -1.0, 1.0, 0.0, 1.0), (0.0, 1.0, 1.0, 1.0, 0.0, -1.0, 0.0, 0.0, 0.0), (0.0, 1.0, 1.0, 1.0, 0.0, -1.0, 0.0, 0.0, 1.0), (0.0, 1.0, 1.0, 1.0, 0.0, -1.0, 0.0, 1.0, 1.0), (0.0, 1.0, 1.0, 1.0, 0.0, -1.0, 1.0, 0.0, 1.0), (0.0, 1.0, 1.0, 1.0, 0.0, -1.0, 1.0, 1.0, 1.0), (1.0, -1.0, -1.0, -1.0, 1.0, 1.0, 0.0, 1.0, 1.0), (1.0, -1.0, -1.0, 0.0, 1.0, 1.0, 0.0, 0.0, 0.0), (1.0, -1.0, -1.0, 0.0, 1.0, 1.0, 0.0, 0.0, 1.0), (1.0, -1.0, -1.0, 0.0, 1.0, 1.0, 0.0, 1.0, 0.0), (1.0, -1.0, -1.0, 0.0, 1.0, 1.0, 0.0, 1.0, 1.0), (1.0, -1.0, -1.0, 1.0, 1.0, 1.0, 0.0, 0.0, 0.0), (1.0, -1.0, -1.0, 1.0, 1.0, 1.0, 0.0, 1.0, 0.0), (1.0, -1.0, 0.0, -1.0, 1.0, 1.0, 0.0, 0.0, 0.0), (1.0, -1.0, 0.0, -1.0, 1.0, 1.0, 0.0, 0.0, 1.0), (1.0, -1.0, 0.0, -1.0, 1.0, 1.0, 0.0, 1.0, 0.0), (1.0, -1.0, 0.0, -1.0, 1.0, 1.0, 0.0, 1.0, 1.0), (1.0, -1.0, 0.0, 0.0, 1.0, 1.0, 0.0, 1.0, 0.0), (1.0, -1.0, 1.0, -1.0, 1.0, 1.0, 0.0, 1.0, 0.0), (1.0, 0.0, -1.0, -1.0, 1.0, -1.0, 0.0, 0.0, 0.0), (1.0, 0.0, -1.0, -1.0, 1.0, -1.0, 0.0, 1.0, 0.0), (1.0, 1.0, -1.0, -1.0, 1.0, -1.0, 0.0, 0.0, 0.0), (1.0, 1.0, -1.0, -1.0, 1.0, -1.0, 0.0, 1.0, 0.0), (1.0, 1.0, 1.0, -1.0, 1.0, -1.0, 0.0, 1.0, 0.0)]
$d_I =$ 0.0, $K_{IE} =$ 1000000.0 and $d_I =$ 0.25, $K_{IE} =$ 100000.0 and $d_I =$ 1.0, $K_{IE} =$ 10000.0 and $d_I =$ 1.0, $K_{IE} =$ 100000.0: 105, [(-1.0, -1.0, -1.0, 1.0, 1.0, -1.0, 0.0, 0.0, 0.0), (-1.0, -1.0, -1.0, 1.0, 1.0, -1.0, 0.0, 0.0, 1.0), (-1.0, -1.0, 0.0, -1.0, 1.0, -1.0, 0.0, 0.0, 1.0), (-1.0, -1.0, 0.0, -1.0, 1.0, -1.0, 0.0, 1.0, 0.0), (-1.0, -1.0, 0.0, 1.0, 0.0, -1.0, 0.0, 1.0, 0.0), (-1.0, -1.0, 1.0, 0.0, 0.0, -1.0, 0.0, 1.0, 1.0), (-1.0, -1.0, 1.0, 0.0, 1.0, 0.0, 0.0, 0.0, 1.0), (-1.0, -1.0, 1.0, 0.0, 1.0, 0.0, 0.0, 1.0, 0.0), (-1.0, 1.0, -1.0, -1.0, 1.0, -1.0, 0.0, 0.0, 1.0), (-1.0, 1.0, -1.0, -1.0, 1.0, -1.0, 0.0, 1.0, 0.0), (-1.0, 1.0, -1.0, -1.0, 1.0, -1.0, 0.0, 1.0, 1.0), (-1.0, 1.0, -1.0, 0.0, 1.0, -1.0, 0.0, 0.0, 0.0), (-1.0, 1.0, -1.0, 0.0, 1.0, -1.0, 0.0, 0.0, 1.0), (-1.0, 1.0, -1.0, 0.0, 1.0, -1.0, 0.0, 1.0, 0.0), (-1.0, 1.0, -1.0, 0.0, 1.0, -1.0, 0.0, 1.0, 1.0), (-1.0, 1.0, -1.0, 1.0, 0.0, -1.0, 1.0, 1.0, 1.0), (-1.0, 1.0, -1.0, 1.0, 1.0, -1.0, 0.0, 0.0, 0.0), (-1.0, 1.0, -1.0, 1.0, 1.0, -1.0, 0.0, 1.0, 0.0), (-1.0, 1.0, 0.0, 1.0, 0.0, -1.0, 1.0, 0.0, 0.0), (-1.0, 1.0, 0.0, 1.0, 0.0, -1.0, 1.0, 1.0, 0.0), (-1.0, 1.0, 0.0, 1.0, 0.0, -1.0, 1.0, 1.0, 1.0), (-1.0, 1.0, 0.0, 1.0, 1.0, -1.0, 1.0, 1.0, 0.0), (-1.0, 1.0, 0.0, 1.0, 1.0, -1.0, 1.0, 1.0, 1.0), (-1.0, 1.0, 0.0, 1.0, 1.0, 1.0, 0.0, 1.0, 0.0), (-1.0, 1.0, 0.0, 1.0, 1.0, 1.0, 0.0, 1.0, 1.0), (-1.0, 1.0, 1.0, 0.0, 0.0, -1.0, 0.0, 1.0, 0.0), (-1.0, 1.0, 1.0, 0.0, 1.0, 1.0, 0.0, 1.0, 0.0), (-1.0, 1.0, 1.0, 1.0, 1.0, 0.0, 0.0, 1.0, 1.0), (0.0, -1.0, -1.0, -1.0, 1.0, -1.0, 0.0, 0.0, 0.0), (0.0, -1.0, -1.0, -1.0, 1.0, -1.0, 0.0, 0.0, 1.0), (0.0, -1.0, -1.0, -1.0, 1.0, -1.0, 0.0, 1.0, 0.0), (0.0, -1.0, -1.0, 0.0, 1.0, -1.0, 0.0, 0.0, 0.0), (0.0, -1.0, -1.0, 0.0, 1.0, -1.0, 0.0, 0.0, 1.0), (0.0, -1.0, -1.0, 0.0, 1.0, -1.0, 0.0, 1.0, 0.0), (0.0, -1.0, -1.0, 0.0, 1.0, -1.0, 0.0, 1.0, 1.0), (0.0, -1.0, -1.0, 1.0, 1.0, -1.0, 0.0, 0.0, 0.0), (0.0, -1.0, -1.0, 1.0, 1.0, -1.0, 0.0, 1.0, 0.0), (0.0, -1.0, 1.0, 0.0, 0.0, -1.0, 1.0, 1.0, 0.0), (0.0, 0.0, -1.0, 0.0, 1.0, -1.0, 0.0, 1.0, 0.0), (0.0, 0.0, -1.0, 0.0, 1.0, -1.0, 0.0, 1.0, 1.0), (0.0, 0.0, -1.0, 1.0, 0.0, -1.0, 0.0, 0.0, 1.0), (0.0, 0.0, -1.0, 1.0, 0.0, -1.0, 0.0, 1.0, 1.0), (0.0, 0.0, -1.0, 1.0, 0.0, -1.0, 1.0, 0.0, 1.0), (0.0, 0.0, -1.0, 1.0, 0.0, -1.0, 1.0, 1.0, 1.0), (0.0, 0.0, -1.0, 1.0, 1.0, -1.0, 0.0, 0.0, 1.0), (0.0, 0.0, -1.0, 1.0, 1.0, -1.0, 0.0, 1.0, 1.0), (0.0, 0.0, -1.0, 1.0, 1.0, 0.0, 1.0, 1.0, 1.0), (0.0, 0.0, 0.0, 1.0, 0.0, -1.0, 0.0, 0.0, 0.0), (0.0, 0.0, 0.0, 1.0, 0.0, -1.0, 0.0, 0.0, 1.0), (0.0, 0.0, 0.0, 1.0, 0.0, -1.0, 0.0, 1.0, 0.0), (0.0, 0.0, 0.0, 1.0, 0.0, -1.0, 0.0, 1.0, 1.0), (0.0, 0.0, 0.0, 1.0, 0.0, -1.0, 1.0, 0.0, 0.0), (0.0, 0.0, 0.0, 1.0, 0.0, -1.0, 1.0, 0.0, 1.0), (0.0, 0.0, 0.0, 1.0, 0.0, -1.0, 1.0, 1.0, 0.0), (0.0, 0.0, 0.0, 1.0, 0.0, -1.0, 1.0, 1.0, 1.0), (0.0, 0.0, 0.0, 1.0, 1.0, -1.0, 0.0, 0.0, 0.0), (0.0, 0.0, 0.0, 1.0, 1.0, -1.0, 0.0, 0.0, 1.0), (0.0, 0.0, 0.0, 1.0, 1.0, -1.0, 0.0, 1.0, 0.0), (0.0, 0.0, 0.0, 1.0, 1.0, -1.0, 0.0, 1.0, 1.0), (0.0, 0.0, 0.0, 1.0, 1.0, -1.0, 1.0, 0.0, 0.0), (0.0, 0.0, 0.0, 1.0, 1.0, -1.0, 1.0, 0.0, 1.0), (0.0, 0.0, 0.0, 1.0, 1.0, -1.0, 1.0, 1.0, 0.0), (0.0, 0.0, 0.0, 1.0, 1.0, -1.0, 1.0, 1.0, 1.0), (0.0, 0.0, 1.0, 0.0, 1.0, -1.0, 0.0, 0.0, 0.0), (0.0, 0.0, 1.0, 0.0, 1.0, -1.0, 0.0, 0.0, 1.0), (0.0, 0.0, 1.0, 0.0, 1.0, -1.0, 0.0, 1.0, 0.0), (0.0, 0.0, 1.0, 1.0, 1.0, -1.0, 0.0, 0.0, 1.0), (0.0, 0.0, 1.0, 1.0, 1.0, -1.0, 0.0, 1.0, 1.0), (0.0, 1.0, 1.0, 0.0, -1.0, 1.0, 0.0, 1.0, 1.0), (1.0, -1.0, -1.0, 1.0, 0.0, -1.0, 1.0, 1.0, 1.0), (1.0, -1.0, 0.0, 1.0, 0.0, -1.0, 0.0, 0.0, 0.0), (1.0, -1.0, 0.0, 1.0, 0.0, -1.0, 0.0, 0.0, 1.0), (1.0, -1.0, 0.0, 1.0, 0.0, -1.0, 0.0, 1.0, 0.0), (1.0, -1.0, 0.0, 1.0, 0.0, -1.0, 0.0, 1.0, 1.0), (1.0, -1.0, 0.0, 1.0, 0.0, -1.0, 1.0, 1.0, 0.0), (1.0, -1.0, 0.0, 1.0, 0.0, -1.0, 1.0, 1.0, 1.0), (1.0, -1.0, 0.0, 1.0, 0.0, 0.0, 0.0, 0.0, 0.0), (1.0, -1.0, 0.0, 1.0, 0.0, 0.0, 0.0, 1.0, 0.0), (1.0, -1.0, 0.0, 1.0, 1.0, -1.0, 1.0, 0.0, 0.0), (1.0, -1.0, 0.0, 1.0, 1.0, -1.0, 1.0, 0.0, 1.0), (1.0, -1.0, 0.0, 1.0, 1.0, -1.0, 1.0, 1.0, 0.0), (1.0, -1.0, 0.0, 1.0, 1.0, 0.0, 0.0, 1.0, 1.0), (1.0, -1.0, 1.0, -1.0, 1.0, 0.0, 0.0, 1.0, 1.0), (1.0, -1.0, 1.0, 0.0, 0.0, -1.0, 0.0, 0.0, 0.0), (1.0, -1.0, 1.0, 0.0, 0.0, -1.0, 0.0, 0.0, 1.0), (1.0, -1.0, 1.0, 0.0, 0.0, -1.0, 0.0, 1.0, 0.0), (1.0, -1.0, 1.0, 0.0, 0.0, -1.0, 0.0, 1.0, 1.0), (1.0, -1.0, 1.0, 0.0, 0.0, 0.0, 0.0, 0.0, 0.0), (1.0, -1.0, 1.0, 0.0, 0.0, 0.0, 0.0, 1.0, 0.0), (1.0, -1.0, 1.0, 0.0, 0.0, 0.0, 0.0, 1.0, 1.0), (1.0, -1.0, 1.0, 0.0, 0.0, 1.0, 0.0, 0.0, 0.0), (1.0, -1.0, 1.0, 1.0, 0.0, -1.0, 0.0, 0.0, 0.0), (1.0, -1.0, 1.0, 1.0, 0.0, -1.0, 0.0, 0.0, 1.0), (1.0, -1.0, 1.0, 1.0, 0.0, -1.0, 0.0, 1.0, 0.0), (1.0, -1.0, 1.0, 1.0, 0.0, -1.0, 0.0, 1.0, 1.0), (1.0, -1.0, 1.0, 1.0, 0.0, 0.0, 0.0, 0.0, 1.0), (1.0, -1.0, 1.0, 1.0, 0.0, 0.0, 0.0, 1.0, 1.0), (1.0, -1.0, 1.0, 1.0, 1.0, 0.0, 0.0, 0.0, 1.0), (1.0, -1.0, 1.0, 1.0, 1.0, 0.0, 0.0, 1.0, 0.0), (1.0, 0.0, -1.0, -1.0, -1.0, -1.0, 0.0, 0.0, 1.0), (1.0, 0.0, -1.0, -1.0, -1.0, 1.0, 0.0, 1.0, 0.0), (1.0, 0.0, 0.0, -1.0, -1.0, 1.0, 0.0, 0.0, 1.0), (1.0, 0.0, 0.0, -1.0, -1.0, 1.0, 0.0, 1.0, 0.0), (1.0, 0.0, 1.0, -1.0, -1.0, 1.0, 0.0, 0.0, 0.0), (1.0, 0.0, 1.0, -1.0, -1.0, 1.0, 0.0, 1.0, 0.0)]
$d_I =$ 0.25, $K_{IE} =$ 10000.0 and $d_I =$ 0.25, $K_{IE} =$ 100000.0 and $d_I =$ 1.0, $K_{IE} =$ 10000.0 and $d_I =$ 1.0, $K_{IE} =$ 100000.0: 156, [(-1.0, -1.0, -1.0, -1.0, -1.0, 0.0, 0.0, 0.0, 0.0), (-1.0, -1.0, 1.0, 0.0, -1.0, 1.0, 1.0, 1.0, 1.0), (-1.0, -1.0, 1.0, 0.0, 0.0, 1.0, 1.0, 0.0, 0.0), (-1.0, -1.0, 1.0, 0.0, 0.0, 1.0, 1.0, 0.0, 1.0), (-1.0, -1.0, 1.0, 0.0, 0.0, 1.0, 1.0, 1.0, 0.0), (-1.0, -1.0, 1.0, 1.0, 0.0, 1.0, 1.0, 0.0, 0.0), (-1.0, 0.0, -1.0, -1.0, -1.0, -1.0, 0.0, 0.0, 1.0), (-1.0, 0.0, -1.0, -1.0, -1.0, -1.0, 0.0, 1.0, 1.0), (-1.0, 0.0, -1.0, -1.0, 0.0, -1.0, 0.0, 0.0, 0.0), (-1.0, 0.0, -1.0, -1.0, 0.0, -1.0, 0.0, 1.0, 0.0), (-1.0, 0.0, -1.0, -1.0, 0.0, -1.0, 1.0, 0.0, 0.0), (-1.0, 0.0, -1.0, -1.0, 0.0, -1.0, 1.0, 1.0, 0.0), (-1.0, 0.0, -1.0, -1.0, 1.0, -1.0, 0.0, 0.0, 1.0), (-1.0, 0.0, -1.0, -1.0, 1.0, -1.0, 1.0, 0.0, 0.0), (-1.0, 0.0, -1.0, -1.0, 1.0, -1.0, 1.0, 1.0, 0.0), (-1.0, 0.0, -1.0, -1.0, 1.0, 0.0, 0.0, 0.0, 0.0), (-1.0, 0.0, -1.0, -1.0, 1.0, 0.0, 0.0, 1.0, 0.0), (-1.0, 0.0, -1.0, -1.0, 1.0, 0.0, 1.0, 0.0, 0.0), (-1.0, 0.0, -1.0, -1.0, 1.0, 0.0, 1.0, 1.0, 0.0), (-1.0, 0.0, -1.0, -1.0, 1.0, 1.0, 0.0, 0.0, 0.0), (-1.0, 0.0, -1.0, 0.0, -1.0, -1.0, 0.0, 0.0, 0.0), (-1.0, 0.0, -1.0, 0.0, -1.0, -1.0, 0.0, 0.0, 1.0), (-1.0, 0.0, -1.0, 0.0, -1.0, -1.0, 0.0, 1.0, 0.0), (-1.0, 0.0, -1.0, 0.0, -1.0, -1.0, 0.0, 1.0, 1.0), (-1.0, 0.0, -1.0, 1.0, -1.0, -1.0, 0.0, 0.0, 0.0), (-1.0, 0.0, -1.0, 1.0, -1.0, -1.0, 0.0, 1.0, 0.0), (-1.0, 0.0, -1.0, 1.0, 0.0, 0.0, 0.0, 0.0, 1.0), (-1.0, 0.0, -1.0, 1.0, 0.0, 0.0, 1.0, 1.0, 1.0), (-1.0, 0.0, -1.0, 1.0, 0.0, 1.0, 0.0, 0.0, 1.0), (-1.0, 0.0, -1.0, 1.0, 0.0, 1.0, 0.0, 1.0, 1.0), (-1.0, 0.0, -1.0, 1.0, 0.0, 1.0, 1.0, 0.0, 1.0), (-1.0, 0.0, -1.0, 1.0, 0.0, 1.0, 1.0, 1.0, 1.0), (-1.0, 0.0, -1.0, 1.0, 1.0, -1.0, 0.0, 0.0, 0.0), (-1.0, 0.0, -1.0, 1.0, 1.0, -1.0, 0.0, 1.0, 0.0), (-1.0, 0.0, -1.0, 1.0, 1.0, 0.0, 0.0, 0.0, 1.0), (-1.0, 0.0, -1.0, 1.0, 1.0, 0.0, 0.0, 1.0, 1.0), (-1.0, 0.0, -1.0, 1.0, 1.0, 0.0, 1.0, 1.0, 1.0), (-1.0, 0.0, -1.0, 1.0, 1.0, 1.0, 1.0, 1.0, 1.0), (-1.0, 0.0, 0.0, 0.0, -1.0, -1.0, 0.0, 0.0, 0.0), (-1.0, 0.0, 0.0, 0.0, -1.0, -1.0, 0.0, 0.0, 1.0), (-1.0, 0.0, 0.0, 0.0, -1.0, -1.0, 0.0, 1.0, 1.0), (-1.0, 0.0, 0.0, 0.0, -1.0, 1.0, 1.0, 0.0, 0.0), (-1.0, 0.0, 0.0, 0.0, -1.0, 1.0, 1.0, 0.0, 1.0), (-1.0, 0.0, 0.0, 0.0, -1.0, 1.0, 1.0, 1.0, 0.0), (-1.0, 0.0, 0.0, 0.0, -1.0, 1.0, 1.0, 1.0, 1.0), (-1.0, 0.0, 0.0, 0.0, 0.0, 0.0, 0.0, 0.0, 1.0), (-1.0, 0.0, 0.0, 0.0, 0.0, 0.0, 1.0, 1.0, 0.0), (-1.0, 0.0, 0.0, 0.0, 0.0, 0.0, 1.0, 1.0, 1.0), (-1.0, 0.0, 0.0, 0.0, 0.0, 1.0, 0.0, 0.0, 0.0), (-1.0, 0.0, 0.0, 0.0, 0.0, 1.0, 0.0, 0.0, 1.0), (-1.0, 0.0, 0.0, 0.0, 0.0, 1.0, 0.0, 1.0, 0.0), (-1.0, 0.0, 0.0, 0.0, 0.0, 1.0, 0.0, 1.0, 1.0), (-1.0, 0.0, 0.0, 0.0, 0.0, 1.0, 1.0, 0.0, 1.0), (-1.0, 0.0, 0.0, 0.0, 0.0, 1.0, 1.0, 1.0, 0.0), (-1.0, 0.0, 0.0, 0.0, 0.0, 1.0, 1.0, 1.0, 1.0), (-1.0, 0.0, 0.0, 0.0, 1.0, -1.0, 1.0, 0.0, 1.0), (-1.0, 0.0, 0.0, 0.0, 1.0, 0.0, 0.0, 0.0, 0.0), (-1.0, 0.0, 0.0, 0.0, 1.0, 0.0, 1.0, 0.0, 1.0), (-1.0, 0.0, 0.0, 0.0, 1.0, 0.0, 1.0, 1.0, 0.0), (-1.0, 0.0, 0.0, 0.0, 1.0, 1.0, 0.0, 0.0, 0.0), (-1.0, 0.0, 0.0, 0.0, 1.0, 1.0, 0.0, 1.0, 0.0), (-1.0, 0.0, 0.0, 0.0, 1.0, 1.0, 0.0, 1.0, 1.0), (-1.0, 0.0, 0.0, 0.0, 1.0, 1.0, 1.0, 0.0, 0.0), (-1.0, 0.0, 0.0, 0.0, 1.0, 1.0, 1.0, 1.0, 1.0), (-1.0, 0.0, 1.0, -1.0, -1.0, 1.0, 1.0, 0.0, 1.0), (-1.0, 0.0, 1.0, -1.0, -1.0, 1.0, 1.0, 1.0, 1.0), (-1.0, 0.0, 1.0, -1.0, 0.0, 1.0, 0.0, 0.0, 1.0), (-1.0, 0.0, 1.0, -1.0, 0.0, 1.0, 0.0, 1.0, 1.0), (-1.0, 0.0, 1.0, -1.0, 0.0, 1.0, 1.0, 0.0, 1.0), (-1.0, 0.0, 1.0, -1.0, 0.0, 1.0, 1.0, 1.0, 1.0), (-1.0, 0.0, 1.0, -1.0, 1.0, 0.0, 0.0, 0.0, 1.0), (-1.0, 0.0, 1.0, -1.0, 1.0, 0.0, 0.0, 1.0, 1.0), (-1.0, 0.0, 1.0, -1.0, 1.0, 1.0, 0.0, 0.0, 1.0), (-1.0, 0.0, 1.0, -1.0, 1.0, 1.0, 1.0, 1.0, 1.0), (-1.0, 1.0, -1.0, -1.0, 0.0, -1.0, 1.0, 0.0, 0.0), (-1.0, 1.0, -1.0, -1.0, 0.0, -1.0, 1.0, 1.0, 0.0), (-1.0, 1.0, -1.0, -1.0, 1.0, -1.0, 1.0, 0.0, 0.0), (-1.0, 1.0, -1.0, -1.0, 1.0, 0.0, 1.0, 0.0, 0.0), (-1.0, 1.0, -1.0, 1.0, 0.0, 1.0, 1.0, 1.0, 1.0), (-1.0, 1.0, -1.0, 1.0, 1.0, 1.0, 1.0, 0.0, 1.0), (-1.0, 1.0, 0.0, 0.0, -1.0, 1.0, 1.0, 0.0, 0.0), (-1.0, 1.0, 0.0, 0.0, 0.0, 1.0, 1.0, 0.0, 0.0), (-1.0, 1.0, 0.0, 0.0, 0.0, 1.0, 1.0, 1.0, 0.0), (-1.0, 1.0, 0.0, 0.0, 1.0, 1.0, 1.0, 1.0, 1.0), (-1.0, 1.0, 1.0, -1.0, -1.0, 1.0, 1.0, 1.0, 1.0), (-1.0, 1.0, 1.0, -1.0, 0.0, 1.0, 1.0, 0.0, 1.0), (-1.0, 1.0, 1.0, -1.0, 1.0, 0.0, 1.0, 0.0, 1.0), (0.0, -1.0, 0.0, -1.0, -1.0, 0.0, 0.0, 1.0, 1.0), (0.0, 0.0, 0.0, 1.0, 0.0, 1.0, 0.0, 0.0, 1.0), (0.0, 0.0, 0.0, 1.0, 0.0, 1.0, 0.0, 1.0, 0.0), (0.0, 0.0, 0.0, 1.0, 0.0, 1.0, 0.0, 1.0, 1.0), (0.0, 0.0, 0.0, 1.0, 0.0, 1.0, 1.0, 0.0, 0.0), (0.0, 0.0, 0.0, 1.0, 0.0, 1.0, 1.0, 1.0, 0.0), (0.0, 0.0, 0.0, 1.0, 0.0, 1.0, 1.0, 1.0, 1.0), (0.0, 0.0, 1.0, 0.0, -1.0, 1.0, 1.0, 0.0, 0.0), (0.0, 0.0, 1.0, 0.0, -1.0, 1.0, 1.0, 1.0, 1.0), (0.0, 0.0, 1.0, 0.0, 0.0, 1.0, 0.0, 0.0, 0.0), (0.0, 0.0, 1.0, 0.0, 0.0, 1.0, 0.0, 0.0, 1.0), (0.0, 0.0, 1.0, 0.0, 0.0, 1.0, 0.0, 1.0, 0.0), (0.0, 0.0, 1.0, 0.0, 0.0, 1.0, 0.0, 1.0, 1.0), (0.0, 0.0, 1.0, 0.0, 0.0, 1.0, 1.0, 0.0, 0.0), (0.0, 0.0, 1.0, 0.0, 0.0, 1.0, 1.0, 0.0, 1.0), (0.0, 0.0, 1.0, 0.0, 0.0, 1.0, 1.0, 1.0, 0.0), (0.0, 0.0, 1.0, 0.0, 0.0, 1.0, 1.0, 1.0, 1.0), (0.0, 0.0, 1.0, 1.0, 0.0, 1.0, 0.0, 0.0, 0.0), (0.0, 0.0, 1.0, 1.0, 0.0, 1.0, 0.0, 0.0, 1.0), (0.0, 0.0, 1.0, 1.0, 0.0, 1.0, 0.0, 1.0, 0.0), (0.0, 0.0, 1.0, 1.0, 0.0, 1.0, 1.0, 0.0, 0.0), (0.0, 0.0, 1.0, 1.0, 0.0, 1.0, 1.0, 0.0, 1.0), (0.0, 0.0, 1.0, 1.0, 0.0, 1.0, 1.0, 1.0, 0.0), (0.0, 0.0, 1.0, 1.0, 0.0, 1.0, 1.0, 1.0, 1.0), (0.0, 1.0, -1.0, -1.0, 0.0, -1.0, 0.0, 1.0, 0.0), (0.0, 1.0, -1.0, -1.0, 1.0, 0.0, 0.0, 0.0, 0.0), (0.0, 1.0, -1.0, -1.0, 1.0, 1.0, 0.0, 0.0, 0.0), (0.0, 1.0, -1.0, 0.0, -1.0, -1.0, 0.0, 0.0, 1.0), (0.0, 1.0, -1.0, 1.0, -1.0, -1.0, 0.0, 0.0, 0.0), (0.0, 1.0, 0.0, 0.0, 0.0, 1.0, 0.0, 1.0, 1.0), (0.0, 1.0, 0.0, 0.0, 0.0, 1.0, 1.0, 1.0, 0.0), (0.0, 1.0, 1.0, -1.0, 0.0, 1.0, 0.0, 1.0, 1.0), (0.0, 1.0, 1.0, -1.0, 0.0, 1.0, 1.0, 0.0, 1.0), (1.0, -1.0, -1.0, -1.0, -1.0, 0.0, 0.0, 1.0, 1.0), (1.0, -1.0, -1.0, -1.0, -1.0, 0.0, 1.0, 0.0, 0.0), (1.0, -1.0, -1.0, -1.0, 1.0, 0.0, 0.0, 0.0, 1.0), (1.0, -1.0, -1.0, -1.0, 1.0, 0.0, 0.0, 1.0, 0.0), (1.0, -1.0, -1.0, -1.0, 1.0, 1.0, 0.0, 0.0, 1.0), (1.0, -1.0, -1.0, 0.0, -1.0, 0.0, 0.0, 1.0, 1.0), (1.0, -1.0, -1.0, 0.0, -1.0, 0.0, 1.0, 1.0, 1.0), (1.0, -1.0, -1.0, 0.0, 1.0, 0.0, 0.0, 0.0, 0.0), (1.0, -1.0, -1.0, 0.0, 1.0, 0.0, 0.0, 0.0, 1.0), (1.0, -1.0, -1.0, 0.0, 1.0, 0.0, 0.0, 1.0, 0.0), (1.0, -1.0, -1.0, 1.0, 1.0, 0.0, 0.0, 0.0, 0.0), (1.0, -1.0, -1.0, 1.0, 1.0, 0.0, 0.0, 0.0, 1.0), (1.0, -1.0, 0.0, -1.0, -1.0, 0.0, 1.0, 1.0, 0.0), (1.0, -1.0, 0.0, -1.0, 1.0, 0.0, 0.0, 0.0, 1.0), (1.0, -1.0, 1.0, -1.0, -1.0, 0.0, 0.0, 0.0, 0.0), (1.0, -1.0, 1.0, -1.0, 1.0, 1.0, 0.0, 0.0, 1.0), (1.0, -1.0, 1.0, -1.0, 1.0, 1.0, 0.0, 1.0, 1.0), (1.0, -1.0, 1.0, 0.0, 1.0, 1.0, 0.0, 1.0, 0.0), (1.0, -1.0, 1.0, 1.0, 1.0, 1.0, 0.0, 0.0, 0.0), (1.0, -1.0, 1.0, 1.0, 1.0, 1.0, 0.0, 1.0, 1.0), (1.0, 0.0, -1.0, 1.0, -1.0, 0.0, 0.0, 0.0, 0.0), (1.0, 1.0, -1.0, -1.0, -1.0, 0.0, 0.0, 0.0, 1.0), (1.0, 1.0, 0.0, 1.0, 0.0, 1.0, 1.0, 0.0, 0.0), (1.0, 1.0, 0.0, 1.0, 0.0, 1.0, 1.0, 1.0, 0.0), (1.0, 1.0, 1.0, -1.0, -1.0, 0.0, 0.0, 1.0, 0.0), (1.0, 1.0, 1.0, 0.0, -1.0, 1.0, 1.0, 1.0, 0.0), (1.0, 1.0, 1.0, 0.0, -1.0, 1.0, 1.0, 1.0, 1.0), (1.0, 1.0, 1.0, 0.0, 0.0, 1.0, 1.0, 0.0, 0.0), (1.0, 1.0, 1.0, 0.0, 0.0, 1.0, 1.0, 0.0, 1.0), (1.0, 1.0, 1.0, 0.0, 0.0, 1.0, 1.0, 1.0, 0.0), (1.0, 1.0, 1.0, 0.0, 0.0, 1.0, 1.0, 1.0, 1.0), (1.0, 1.0, 1.0, 1.0, -1.0, 1.0, 1.0, 1.0, 1.0), (1.0, 1.0, 1.0, 1.0, 0.0, 1.0, 1.0, 0.0, 0.0), (1.0, 1.0, 1.0, 1.0, 0.0, 1.0, 1.0, 0.0, 1.0), (1.0, 1.0, 1.0, 1.0, 0.0, 1.0, 1.0, 1.0, 0.0), (1.0, 1.0, 1.0, 1.0, 0.0, 1.0, 1.0, 1.0, 1.0)]
$d_I =$ 0.0, $K_{IE} =$ 1000000.0 and $d_I =$ 0.25, $K_{IE} =$ 10000.0 and $d_I =$ 0.25, $K_{IE} =$ 100000.0 and $d_I =$ 1.0, $K_{IE} =$ 10000.0 and $d_I =$ 1.0, $K_{IE} =$ 100000.0: 4779, [(-1.0, -1.0, -1.0, -1.0, -1.0, -1.0, 0.0, 0.0, 0.0), (-1.0, -1.0, -1.0, -1.0, -1.0, -1.0, 0.0, 0.0, 1.0), (-1.0, -1.0, -1.0, -1.0, -1.0, -1.0, 0.0, 1.0, 0.0), (-1.0, -1.0, -1.0, -1.0, -1.0, -1.0, 0.0, 1.0, 1.0), (-1.0, -1.0, -1.0, -1.0, -1.0, -1.0, 1.0, 0.0, 0.0), (-1.0, -1.0, -1.0, -1.0, -1.0, -1.0, 1.0, 0.0, 1.0), (-1.0, -1.0, -1.0, -1.0, -1.0, -1.0, 1.0, 1.0, 0.0), (-1.0, -1.0, -1.0, -1.0, -1.0, -1.0, 1.0, 1.0, 1.0), (-1.0, -1.0, -1.0, -1.0, -1.0, 0.0, 0.0, 0.0, 1.0), (-1.0, -1.0, -1.0, -1.0, -1.0, 0.0, 0.0, 1.0, 0.0), (-1.0, -1.0, -1.0, -1.0, -1.0, 0.0, 0.0, 1.0, 1.0), (-1.0, -1.0, -1.0, -1.0, -1.0, 0.0, 1.0, 0.0, 0.0), (-1.0, -1.0, -1.0, -1.0, -1.0, 0.0, 1.0, 0.0, 1.0), (-1.0, -1.0, -1.0, -1.0, -1.0, 0.0, 1.0, 1.0, 0.0), (-1.0, -1.0, -1.0, -1.0, -1.0, 0.0, 1.0, 1.0, 1.0), (-1.0, -1.0, -1.0, -1.0, -1.0, 1.0, 0.0, 0.0, 0.0), (-1.0, -1.0, -1.0, -1.0, -1.0, 1.0, 0.0, 0.0, 1.0), (-1.0, -1.0, -1.0, -1.0, -1.0, 1.0, 0.0, 1.0, 0.0), (-1.0, -1.0, -1.0, -1.0, -1.0, 1.0, 0.0, 1.0, 1.0), (-1.0, -1.0, -1.0, -1.0, -1.0, 1.0, 1.0, 0.0, 0.0), (-1.0, -1.0, -1.0, -1.0, -1.0, 1.0, 1.0, 0.0, 1.0), (-1.0, -1.0, -1.0, -1.0, -1.0, 1.0, 1.0, 1.0, 0.0), (-1.0, -1.0, -1.0, -1.0, -1.0, 1.0, 1.0, 1.0, 1.0), (-1.0, -1.0, -1.0, -1.0, 0.0, -1.0, 0.0, 0.0, 0.0), (-1.0, -1.0, -1.0, -1.0, 0.0, -1.0, 0.0, 0.0, 1.0), (-1.0, -1.0, -1.0, -1.0, 0.0, -1.0, 0.0, 1.0, 0.0), (-1.0, -1.0, -1.0, -1.0, 0.0, -1.0, 0.0, 1.0, 1.0), (-1.0, -1.0, -1.0, -1.0, 0.0, -1.0, 1.0, 0.0, 0.0), (-1.0, -1.0, -1.0, -1.0, 0.0, -1.0, 1.0, 0.0, 1.0), (-1.0, -1.0, -1.0, -1.0, 0.0, -1.0, 1.0, 1.0, 1.0), (-1.0, -1.0, -1.0, -1.0, 0.0, 0.0, 0.0, 0.0, 0.0), (-1.0, -1.0, -1.0, -1.0, 0.0, 0.0, 0.0, 0.0, 1.0), (-1.0, -1.0, -1.0, -1.0, 0.0, 0.0, 0.0, 1.0, 0.0), (-1.0, -1.0, -1.0, -1.0, 0.0, 0.0, 0.0, 1.0, 1.0), (-1.0, -1.0, -1.0, -1.0, 0.0, 0.0, 1.0, 0.0, 0.0), (-1.0, -1.0, -1.0, -1.0, 0.0, 0.0, 1.0, 0.0, 1.0), (-1.0, -1.0, -1.0, -1.0, 0.0, 0.0, 1.0, 1.0, 1.0), (-1.0, -1.0, -1.0, -1.0, 0.0, 1.0, 0.0, 0.0, 0.0), (-1.0, -1.0, -1.0, -1.0, 0.0, 1.0, 0.0, 0.0, 1.0), (-1.0, -1.0, -1.0, -1.0, 0.0, 1.0, 0.0, 1.0, 0.0), (-1.0, -1.0, -1.0, -1.0, 0.0, 1.0, 0.0, 1.0, 1.0), (-1.0, -1.0, -1.0, -1.0, 0.0, 1.0, 1.0, 0.0, 0.0), (-1.0, -1.0, -1.0, -1.0, 0.0, 1.0, 1.0, 0.0, 1.0), (-1.0, -1.0, -1.0, -1.0, 1.0, -1.0, 1.0, 0.0, 0.0), (-1.0, -1.0, -1.0, -1.0, 1.0, -1.0, 1.0, 0.0, 1.0), (-1.0, -1.0, -1.0, -1.0, 1.0, -1.0, 1.0, 1.0, 0.0), (-1.0, -1.0, -1.0, -1.0, 1.0, -1.0, 1.0, 1.0, 1.0), (-1.0, -1.0, -1.0, -1.0, 1.0, 0.0, 0.0, 0.0, 0.0), (-1.0, -1.0, -1.0, -1.0, 1.0, 0.0, 0.0, 0.0, 1.0), (-1.0, -1.0, -1.0, -1.0, 1.0, 0.0, 0.0, 1.0, 0.0), (-1.0, -1.0, -1.0, -1.0, 1.0, 0.0, 0.0, 1.0, 1.0), (-1.0, -1.0, -1.0, -1.0, 1.0, 0.0, 1.0, 0.0, 0.0), (-1.0, -1.0, -1.0, -1.0, 1.0, 0.0, 1.0, 0.0, 1.0), (-1.0, -1.0, -1.0, -1.0, 1.0, 0.0, 1.0, 1.0, 0.0), (-1.0, -1.0, -1.0, -1.0, 1.0, 0.0, 1.0, 1.0, 1.0), (-1.0, -1.0, -1.0, -1.0, 1.0, 1.0, 0.0, 0.0, 0.0), (-1.0, -1.0, -1.0, -1.0, 1.0, 1.0, 0.0, 0.0, 1.0), (-1.0, -1.0, -1.0, -1.0, 1.0, 1.0, 0.0, 1.0, 0.0), (-1.0, -1.0, -1.0, -1.0, 1.0, 1.0, 0.0, 1.0, 1.0), (-1.0, -1.0, -1.0, -1.0, 1.0, 1.0, 1.0, 0.0, 0.0), (-1.0, -1.0, -1.0, -1.0, 1.0, 1.0, 1.0, 0.0, 1.0), (-1.0, -1.0, -1.0, -1.0, 1.0, 1.0, 1.0, 1.0, 0.0), (-1.0, -1.0, -1.0, -1.0, 1.0, 1.0, 1.0, 1.0, 1.0), (-1.0, -1.0, -1.0, 0.0, -1.0, -1.0, 0.0, 0.0, 0.0), (-1.0, -1.0, -1.0, 0.0, -1.0, -1.0, 0.0, 0.0, 1.0), (-1.0, -1.0, -1.0, 0.0, -1.0, -1.0, 0.0, 1.0, 0.0), (-1.0, -1.0, -1.0, 0.0, -1.0, -1.0, 0.0, 1.0, 1.0), (-1.0, -1.0, -1.0, 0.0, -1.0, -1.0, 1.0, 0.0, 0.0), (-1.0, -1.0, -1.0, 0.0, -1.0, -1.0, 1.0, 0.0, 1.0), (-1.0, -1.0, -1.0, 0.0, -1.0, -1.0, 1.0, 1.0, 0.0), (-1.0, -1.0, -1.0, 0.0, -1.0, -1.0, 1.0, 1.0, 1.0), (-1.0, -1.0, -1.0, 0.0, -1.0, 0.0, 0.0, 0.0, 0.0), (-1.0, -1.0, -1.0, 0.0, -1.0, 0.0, 0.0, 0.0, 1.0), (-1.0, -1.0, -1.0, 0.0, -1.0, 0.0, 0.0, 1.0, 0.0), (-1.0, -1.0, -1.0, 0.0, -1.0, 0.0, 0.0, 1.0, 1.0), (-1.0, -1.0, -1.0, 0.0, -1.0, 0.0, 1.0, 0.0, 0.0), (-1.0, -1.0, -1.0, 0.0, -1.0, 0.0, 1.0, 0.0, 1.0), (-1.0, -1.0, -1.0, 0.0, -1.0, 0.0, 1.0, 1.0, 0.0), (-1.0, -1.0, -1.0, 0.0, -1.0, 0.0, 1.0, 1.0, 1.0), (-1.0, -1.0, -1.0, 0.0, -1.0, 1.0, 0.0, 0.0, 0.0), (-1.0, -1.0, -1.0, 0.0, -1.0, 1.0, 0.0, 0.0, 1.0), (-1.0, -1.0, -1.0, 0.0, -1.0, 1.0, 0.0, 1.0, 0.0), (-1.0, -1.0, -1.0, 0.0, -1.0, 1.0, 0.0, 1.0, 1.0), (-1.0, -1.0, -1.0, 0.0, -1.0, 1.0, 1.0, 0.0, 0.0), (-1.0, -1.0, -1.0, 0.0, -1.0, 1.0, 1.0, 0.0, 1.0), (-1.0, -1.0, -1.0, 0.0, -1.0, 1.0, 1.0, 1.0, 0.0), (-1.0, -1.0, -1.0, 0.0, -1.0, 1.0, 1.0, 1.0, 1.0), (-1.0, -1.0, -1.0, 0.0, 0.0, -1.0, 0.0, 0.0, 0.0), (-1.0, -1.0, -1.0, 0.0, 0.0, -1.0, 0.0, 0.0, 1.0), (-1.0, -1.0, -1.0, 0.0, 0.0, -1.0, 0.0, 1.0, 0.0), (-1.0, -1.0, -1.0, 0.0, 0.0, -1.0, 0.0, 1.0, 1.0), (-1.0, -1.0, -1.0, 0.0, 0.0, -1.0, 1.0, 0.0, 0.0), (-1.0, -1.0, -1.0, 0.0, 0.0, -1.0, 1.0, 0.0, 1.0), (-1.0, -1.0, -1.0, 0.0, 0.0, -1.0, 1.0, 1.0, 1.0), (-1.0, -1.0, -1.0, 0.0, 0.0, 0.0, 0.0, 0.0, 0.0), (-1.0, -1.0, -1.0, 0.0, 0.0, 0.0, 0.0, 0.0, 1.0), (-1.0, -1.0, -1.0, 0.0, 0.0, 0.0, 0.0, 1.0, 0.0), (-1.0, -1.0, -1.0, 0.0, 0.0, 0.0, 0.0, 1.0, 1.0), (-1.0, -1.0, -1.0, 0.0, 0.0, 0.0, 1.0, 0.0, 0.0), (-1.0, -1.0, -1.0, 0.0, 0.0, 0.0, 1.0, 0.0, 1.0), (-1.0, -1.0, -1.0, 0.0, 0.0, 0.0, 1.0, 1.0, 0.0), (-1.0, -1.0, -1.0, 0.0, 0.0, 0.0, 1.0, 1.0, 1.0), (-1.0, -1.0, -1.0, 0.0, 0.0, 1.0, 0.0, 0.0, 0.0), (-1.0, -1.0, -1.0, 0.0, 0.0, 1.0, 0.0, 0.0, 1.0), (-1.0, -1.0, -1.0, 0.0, 0.0, 1.0, 0.0, 1.0, 0.0), (-1.0, -1.0, -1.0, 0.0, 0.0, 1.0, 0.0, 1.0, 1.0), (-1.0, -1.0, -1.0, 0.0, 0.0, 1.0, 1.0, 0.0, 0.0), (-1.0, -1.0, -1.0, 0.0, 0.0, 1.0, 1.0, 0.0, 1.0), (-1.0, -1.0, -1.0, 0.0, 0.0, 1.0, 1.0, 1.0, 0.0), (-1.0, -1.0, -1.0, 0.0, 0.0, 1.0, 1.0, 1.0, 1.0), (-1.0, -1.0, -1.0, 0.0, 1.0, -1.0, 1.0, 0.0, 0.0), (-1.0, -1.0, -1.0, 0.0, 1.0, -1.0, 1.0, 0.0, 1.0), (-1.0, -1.0, -1.0, 0.0, 1.0, -1.0, 1.0, 1.0, 0.0), (-1.0, -1.0, -1.0, 0.0, 1.0, -1.0, 1.0, 1.0, 1.0), (-1.0, -1.0, -1.0, 0.0, 1.0, 0.0, 0.0, 0.0, 0.0), (-1.0, -1.0, -1.0, 0.0, 1.0, 0.0, 0.0, 0.0, 1.0), (-1.0, -1.0, -1.0, 0.0, 1.0, 0.0, 0.0, 1.0, 0.0), (-1.0, -1.0, -1.0, 0.0, 1.0, 0.0, 0.0, 1.0, 1.0), (-1.0, -1.0, -1.0, 0.0, 1.0, 0.0, 1.0, 0.0, 0.0), (-1.0, -1.0, -1.0, 0.0, 1.0, 0.0, 1.0, 0.0, 1.0), (-1.0, -1.0, -1.0, 0.0, 1.0, 0.0, 1.0, 1.0, 0.0), (-1.0, -1.0, -1.0, 0.0, 1.0, 1.0, 0.0, 0.0, 0.0), (-1.0, -1.0, -1.0, 0.0, 1.0, 1.0, 0.0, 0.0, 1.0), (-1.0, -1.0, -1.0, 0.0, 1.0, 1.0, 0.0, 1.0, 0.0), (-1.0, -1.0, -1.0, 0.0, 1.0, 1.0, 0.0, 1.0, 1.0), (-1.0, -1.0, -1.0, 0.0, 1.0, 1.0, 1.0, 0.0, 0.0), (-1.0, -1.0, -1.0, 0.0, 1.0, 1.0, 1.0, 0.0, 1.0), (-1.0, -1.0, -1.0, 0.0, 1.0, 1.0, 1.0, 1.0, 0.0), (-1.0, -1.0, -1.0, 0.0, 1.0, 1.0, 1.0, 1.0, 1.0), (-1.0, -1.0, -1.0, 1.0, -1.0, -1.0, 1.0, 0.0, 0.0), (-1.0, -1.0, -1.0, 1.0, -1.0, -1.0, 1.0, 0.0, 1.0), (-1.0, -1.0, -1.0, 1.0, -1.0, -1.0, 1.0, 1.0, 0.0), (-1.0, -1.0, -1.0, 1.0, -1.0, -1.0, 1.0, 1.0, 1.0), (-1.0, -1.0, -1.0, 1.0, -1.0, 0.0, 0.0, 0.0, 0.0), (-1.0, -1.0, -1.0, 1.0, -1.0, 0.0, 0.0, 0.0, 1.0), (-1.0, -1.0, -1.0, 1.0, -1.0, 0.0, 0.0, 1.0, 0.0), (-1.0, -1.0, -1.0, 1.0, -1.0, 0.0, 0.0, 1.0, 1.0), (-1.0, -1.0, -1.0, 1.0, -1.0, 0.0, 1.0, 0.0, 0.0), (-1.0, -1.0, -1.0, 1.0, -1.0, 0.0, 1.0, 0.0, 1.0), (-1.0, -1.0, -1.0, 1.0, -1.0, 0.0, 1.0, 1.0, 1.0), (-1.0, -1.0, -1.0, 1.0, -1.0, 1.0, 0.0, 0.0, 0.0), (-1.0, -1.0, -1.0, 1.0, -1.0, 1.0, 0.0, 0.0, 1.0), (-1.0, -1.0, -1.0, 1.0, -1.0, 1.0, 0.0, 1.0, 0.0), (-1.0, -1.0, -1.0, 1.0, -1.0, 1.0, 0.0, 1.0, 1.0), (-1.0, -1.0, -1.0, 1.0, -1.0, 1.0, 1.0, 0.0, 0.0), (-1.0, -1.0, -1.0, 1.0, -1.0, 1.0, 1.0, 0.0, 1.0), (-1.0, -1.0, -1.0, 1.0, -1.0, 1.0, 1.0, 1.0, 0.0), (-1.0, -1.0, -1.0, 1.0, -1.0, 1.0, 1.0, 1.0, 1.0), (-1.0, -1.0, -1.0, 1.0, 0.0, -1.0, 0.0, 0.0, 0.0), (-1.0, -1.0, -1.0, 1.0, 0.0, -1.0, 0.0, 0.0, 1.0), (-1.0, -1.0, -1.0, 1.0, 0.0, -1.0, 0.0, 1.0, 0.0), (-1.0, -1.0, -1.0, 1.0, 0.0, -1.0, 0.0, 1.0, 1.0), (-1.0, -1.0, -1.0, 1.0, 0.0, -1.0, 1.0, 0.0, 0.0), (-1.0, -1.0, -1.0, 1.0, 0.0, -1.0, 1.0, 0.0, 1.0), (-1.0, -1.0, -1.0, 1.0, 0.0, -1.0, 1.0, 1.0, 0.0), (-1.0, -1.0, -1.0, 1.0, 0.0, -1.0, 1.0, 1.0, 1.0), (-1.0, -1.0, -1.0, 1.0, 0.0, 0.0, 0.0, 0.0, 0.0), (-1.0, -1.0, -1.0, 1.0, 0.0, 0.0, 0.0, 0.0, 1.0), (-1.0, -1.0, -1.0, 1.0, 0.0, 0.0, 0.0, 1.0, 0.0), (-1.0, -1.0, -1.0, 1.0, 0.0, 0.0, 0.0, 1.0, 1.0), (-1.0, -1.0, -1.0, 1.0, 0.0, 0.0, 1.0, 0.0, 0.0), (-1.0, -1.0, -1.0, 1.0, 0.0, 0.0, 1.0, 0.0, 1.0), (-1.0, -1.0, -1.0, 1.0, 0.0, 0.0, 1.0, 1.0, 0.0), (-1.0, -1.0, -1.0, 1.0, 0.0, 0.0, 1.0, 1.0, 1.0), (-1.0, -1.0, -1.0, 1.0, 0.0, 1.0, 0.0, 0.0, 0.0), (-1.0, -1.0, -1.0, 1.0, 0.0, 1.0, 0.0, 1.0, 0.0), (-1.0, -1.0, -1.0, 1.0, 0.0, 1.0, 1.0, 0.0, 0.0), (-1.0, -1.0, -1.0, 1.0, 0.0, 1.0, 1.0, 1.0, 0.0), (-1.0, -1.0, -1.0, 1.0, 1.0, -1.0, 1.0, 0.0, 0.0), (-1.0, -1.0, -1.0, 1.0, 1.0, -1.0, 1.0, 0.0, 1.0), (-1.0, -1.0, -1.0, 1.0, 1.0, -1.0, 1.0, 1.0, 0.0), (-1.0, -1.0, -1.0, 1.0, 1.0, -1.0, 1.0, 1.0, 1.0), (-1.0, -1.0, -1.0, 1.0, 1.0, 0.0, 0.0, 0.0, 0.0), (-1.0, -1.0, -1.0, 1.0, 1.0, 0.0, 0.0, 0.0, 1.0), (-1.0, -1.0, -1.0, 1.0, 1.0, 0.0, 0.0, 1.0, 0.0), (-1.0, -1.0, -1.0, 1.0, 1.0, 0.0, 0.0, 1.0, 1.0), (-1.0, -1.0, -1.0, 1.0, 1.0, 0.0, 1.0, 0.0, 0.0), (-1.0, -1.0, -1.0, 1.0, 1.0, 0.0, 1.0, 1.0, 0.0), (-1.0, -1.0, -1.0, 1.0, 1.0, 1.0, 0.0, 0.0, 0.0), (-1.0, -1.0, -1.0, 1.0, 1.0, 1.0, 0.0, 0.0, 1.0), (-1.0, -1.0, -1.0, 1.0, 1.0, 1.0, 0.0, 1.0, 0.0), (-1.0, -1.0, -1.0, 1.0, 1.0, 1.0, 0.0, 1.0, 1.0), (-1.0, -1.0, -1.0, 1.0, 1.0, 1.0, 1.0, 0.0, 0.0), (-1.0, -1.0, -1.0, 1.0, 1.0, 1.0, 1.0, 1.0, 0.0), (-1.0, -1.0, 0.0, -1.0, -1.0, -1.0, 0.0, 0.0, 1.0), (-1.0, -1.0, 0.0, -1.0, -1.0, -1.0, 0.0, 1.0, 1.0), (-1.0, -1.0, 0.0, -1.0, -1.0, -1.0, 1.0, 0.0, 0.0), (-1.0, -1.0, 0.0, -1.0, -1.0, -1.0, 1.0, 0.0, 1.0), (-1.0, -1.0, 0.0, -1.0, -1.0, -1.0, 1.0, 1.0, 0.0), (-1.0, -1.0, 0.0, -1.0, -1.0, -1.0, 1.0, 1.0, 1.0), (-1.0, -1.0, 0.0, -1.0, -1.0, 0.0, 0.0, 0.0, 0.0), (-1.0, -1.0, 0.0, -1.0, -1.0, 0.0, 0.0, 0.0, 1.0), (-1.0, -1.0, 0.0, -1.0, -1.0, 0.0, 0.0, 1.0, 0.0), (-1.0, -1.0, 0.0, -1.0, -1.0, 0.0, 0.0, 1.0, 1.0), (-1.0, -1.0, 0.0, -1.0, -1.0, 0.0, 1.0, 0.0, 0.0), (-1.0, -1.0, 0.0, -1.0, -1.0, 0.0, 1.0, 0.0, 1.0), (-1.0, -1.0, 0.0, -1.0, -1.0, 0.0, 1.0, 1.0, 0.0), (-1.0, -1.0, 0.0, -1.0, -1.0, 0.0, 1.0, 1.0, 1.0), (-1.0, -1.0, 0.0, -1.0, -1.0, 1.0, 0.0, 0.0, 0.0), (-1.0, -1.0, 0.0, -1.0, -1.0, 1.0, 0.0, 0.0, 1.0), (-1.0, -1.0, 0.0, -1.0, -1.0, 1.0, 0.0, 1.0, 0.0), (-1.0, -1.0, 0.0, -1.0, -1.0, 1.0, 0.0, 1.0, 1.0), (-1.0, -1.0, 0.0, -1.0, -1.0, 1.0, 1.0, 0.0, 0.0), (-1.0, -1.0, 0.0, -1.0, -1.0, 1.0, 1.0, 0.0, 1.0), (-1.0, -1.0, 0.0, -1.0, -1.0, 1.0, 1.0, 1.0, 1.0), (-1.0, -1.0, 0.0, -1.0, 0.0, -1.0, 0.0, 0.0, 0.0), (-1.0, -1.0, 0.0, -1.0, 0.0, -1.0, 0.0, 0.0, 1.0), (-1.0, -1.0, 0.0, -1.0, 0.0, -1.0, 0.0, 1.0, 0.0), (-1.0, -1.0, 0.0, -1.0, 0.0, -1.0, 0.0, 1.0, 1.0), (-1.0, -1.0, 0.0, -1.0, 0.0, -1.0, 1.0, 0.0, 0.0), (-1.0, -1.0, 0.0, -1.0, 0.0, -1.0, 1.0, 0.0, 1.0), (-1.0, -1.0, 0.0, -1.0, 0.0, -1.0, 1.0, 1.0, 0.0), (-1.0, -1.0, 0.0, -1.0, 0.0, -1.0, 1.0, 1.0, 1.0), (-1.0, -1.0, 0.0, -1.0, 0.0, 0.0, 0.0, 0.0, 0.0), (-1.0, -1.0, 0.0, -1.0, 0.0, 0.0, 0.0, 0.0, 1.0), (-1.0, -1.0, 0.0, -1.0, 0.0, 0.0, 0.0, 1.0, 0.0), (-1.0, -1.0, 0.0, -1.0, 0.0, 0.0, 0.0, 1.0, 1.0), (-1.0, -1.0, 0.0, -1.0, 0.0, 0.0, 1.0, 0.0, 0.0), (-1.0, -1.0, 0.0, -1.0, 0.0, 0.0, 1.0, 0.0, 1.0), (-1.0, -1.0, 0.0, -1.0, 0.0, 0.0, 1.0, 1.0, 1.0), (-1.0, -1.0, 0.0, -1.0, 0.0, 1.0, 0.0, 0.0, 0.0), (-1.0, -1.0, 0.0, -1.0, 0.0, 1.0, 0.0, 0.0, 1.0), (-1.0, -1.0, 0.0, -1.0, 0.0, 1.0, 0.0, 1.0, 0.0), (-1.0, -1.0, 0.0, -1.0, 0.0, 1.0, 0.0, 1.0, 1.0), (-1.0, -1.0, 0.0, -1.0, 0.0, 1.0, 1.0, 0.0, 0.0), (-1.0, -1.0, 0.0, -1.0, 0.0, 1.0, 1.0, 0.0, 1.0), (-1.0, -1.0, 0.0, -1.0, 0.0, 1.0, 1.0, 1.0, 0.0), (-1.0, -1.0, 0.0, -1.0, 0.0, 1.0, 1.0, 1.0, 1.0), (-1.0, -1.0, 0.0, -1.0, 1.0, -1.0, 1.0, 0.0, 0.0), (-1.0, -1.0, 0.0, -1.0, 1.0, -1.0, 1.0, 0.0, 1.0), (-1.0, -1.0, 0.0, -1.0, 1.0, -1.0, 1.0, 1.0, 0.0), (-1.0, -1.0, 0.0, -1.0, 1.0, -1.0, 1.0, 1.0, 1.0), (-1.0, -1.0, 0.0, -1.0, 1.0, 0.0, 0.0, 0.0, 0.0), (-1.0, -1.0, 0.0, -1.0, 1.0, 0.0, 0.0, 0.0, 1.0), (-1.0, -1.0, 0.0, -1.0, 1.0, 0.0, 0.0, 1.0, 0.0), (-1.0, -1.0, 0.0, -1.0, 1.0, 0.0, 0.0, 1.0, 1.0), (-1.0, -1.0, 0.0, -1.0, 1.0, 0.0, 1.0, 0.0, 0.0), (-1.0, -1.0, 0.0, -1.0, 1.0, 0.0, 1.0, 0.0, 1.0), (-1.0, -1.0, 0.0, -1.0, 1.0, 0.0, 1.0, 1.0, 1.0), (-1.0, -1.0, 0.0, -1.0, 1.0, 1.0, 0.0, 0.0, 0.0), (-1.0, -1.0, 0.0, -1.0, 1.0, 1.0, 0.0, 0.0, 1.0), (-1.0, -1.0, 0.0, -1.0, 1.0, 1.0, 0.0, 1.0, 0.0), (-1.0, -1.0, 0.0, -1.0, 1.0, 1.0, 0.0, 1.0, 1.0), (-1.0, -1.0, 0.0, -1.0, 1.0, 1.0, 1.0, 0.0, 0.0), (-1.0, -1.0, 0.0, -1.0, 1.0, 1.0, 1.0, 0.0, 1.0), (-1.0, -1.0, 0.0, -1.0, 1.0, 1.0, 1.0, 1.0, 0.0), (-1.0, -1.0, 0.0, -1.0, 1.0, 1.0, 1.0, 1.0, 1.0), (-1.0, -1.0, 0.0, 0.0, -1.0, -1.0, 0.0, 0.0, 0.0), (-1.0, -1.0, 0.0, 0.0, -1.0, -1.0, 1.0, 0.0, 0.0), (-1.0, -1.0, 0.0, 0.0, -1.0, -1.0, 1.0, 0.0, 1.0), (-1.0, -1.0, 0.0, 0.0, -1.0, -1.0, 1.0, 1.0, 0.0), (-1.0, -1.0, 0.0, 0.0, -1.0, -1.0, 1.0, 1.0, 1.0), (-1.0, -1.0, 0.0, 0.0, -1.0, 0.0, 0.0, 0.0, 0.0), (-1.0, -1.0, 0.0, 0.0, -1.0, 0.0, 0.0, 0.0, 1.0), (-1.0, -1.0, 0.0, 0.0, -1.0, 0.0, 0.0, 1.0, 0.0), (-1.0, -1.0, 0.0, 0.0, -1.0, 0.0, 0.0, 1.0, 1.0), (-1.0, -1.0, 0.0, 0.0, -1.0, 0.0, 1.0, 0.0, 0.0), (-1.0, -1.0, 0.0, 0.0, -1.0, 0.0, 1.0, 0.0, 1.0), (-1.0, -1.0, 0.0, 0.0, -1.0, 0.0, 1.0, 1.0, 0.0), (-1.0, -1.0, 0.0, 0.0, -1.0, 0.0, 1.0, 1.0, 1.0), (-1.0, -1.0, 0.0, 0.0, -1.0, 1.0, 0.0, 0.0, 0.0), (-1.0, -1.0, 0.0, 0.0, -1.0, 1.0, 0.0, 0.0, 1.0), (-1.0, -1.0, 0.0, 0.0, -1.0, 1.0, 0.0, 1.0, 0.0), (-1.0, -1.0, 0.0, 0.0, -1.0, 1.0, 0.0, 1.0, 1.0), (-1.0, -1.0, 0.0, 0.0, -1.0, 1.0, 1.0, 0.0, 0.0), (-1.0, -1.0, 0.0, 0.0, -1.0, 1.0, 1.0, 0.0, 1.0), (-1.0, -1.0, 0.0, 0.0, -1.0, 1.0, 1.0, 1.0, 0.0), (-1.0, -1.0, 0.0, 0.0, -1.0, 1.0, 1.0, 1.0, 1.0), (-1.0, -1.0, 0.0, 0.0, 0.0, -1.0, 0.0, 0.0, 0.0), (-1.0, -1.0, 0.0, 0.0, 0.0, -1.0, 0.0, 0.0, 1.0), (-1.0, -1.0, 0.0, 0.0, 0.0, -1.0, 0.0, 1.0, 0.0), (-1.0, -1.0, 0.0, 0.0, 0.0, -1.0, 0.0, 1.0, 1.0), (-1.0, -1.0, 0.0, 0.0, 0.0, -1.0, 1.0, 0.0, 0.0), (-1.0, -1.0, 0.0, 0.0, 0.0, -1.0, 1.0, 0.0, 1.0), (-1.0, -1.0, 0.0, 0.0, 0.0, -1.0, 1.0, 1.0, 0.0), (-1.0, -1.0, 0.0, 0.0, 0.0, -1.0, 1.0, 1.0, 1.0), (-1.0, -1.0, 0.0, 0.0, 0.0, 0.0, 0.0, 0.0, 0.0), (-1.0, -1.0, 0.0, 0.0, 0.0, 0.0, 0.0, 0.0, 1.0), (-1.0, -1.0, 0.0, 0.0, 0.0, 0.0, 0.0, 1.0, 0.0), (-1.0, -1.0, 0.0, 0.0, 0.0, 0.0, 0.0, 1.0, 1.0), (-1.0, -1.0, 0.0, 0.0, 0.0, 0.0, 1.0, 0.0, 0.0), (-1.0, -1.0, 0.0, 0.0, 0.0, 0.0, 1.0, 0.0, 1.0), (-1.0, -1.0, 0.0, 0.0, 0.0, 0.0, 1.0, 1.0, 0.0), (-1.0, -1.0, 0.0, 0.0, 0.0, 0.0, 1.0, 1.0, 1.0), (-1.0, -1.0, 0.0, 0.0, 0.0, 1.0, 0.0, 0.0, 0.0), (-1.0, -1.0, 0.0, 0.0, 0.0, 1.0, 0.0, 0.0, 1.0), (-1.0, -1.0, 0.0, 0.0, 0.0, 1.0, 0.0, 1.0, 0.0), (-1.0, -1.0, 0.0, 0.0, 0.0, 1.0, 0.0, 1.0, 1.0), (-1.0, -1.0, 0.0, 0.0, 0.0, 1.0, 1.0, 0.0, 0.0), (-1.0, -1.0, 0.0, 0.0, 0.0, 1.0, 1.0, 0.0, 1.0), (-1.0, -1.0, 0.0, 0.0, 0.0, 1.0, 1.0, 1.0, 0.0), (-1.0, -1.0, 0.0, 0.0, 1.0, -1.0, 1.0, 0.0, 0.0), (-1.0, -1.0, 0.0, 0.0, 1.0, -1.0, 1.0, 0.0, 1.0), (-1.0, -1.0, 0.0, 0.0, 1.0, -1.0, 1.0, 1.0, 0.0), (-1.0, -1.0, 0.0, 0.0, 1.0, -1.0, 1.0, 1.0, 1.0), (-1.0, -1.0, 0.0, 0.0, 1.0, 0.0, 0.0, 0.0, 0.0), (-1.0, -1.0, 0.0, 0.0, 1.0, 0.0, 0.0, 0.0, 1.0), (-1.0, -1.0, 0.0, 0.0, 1.0, 0.0, 0.0, 1.0, 0.0), (-1.0, -1.0, 0.0, 0.0, 1.0, 0.0, 0.0, 1.0, 1.0), (-1.0, -1.0, 0.0, 0.0, 1.0, 0.0, 1.0, 0.0, 0.0), (-1.0, -1.0, 0.0, 0.0, 1.0, 0.0, 1.0, 0.0, 1.0), (-1.0, -1.0, 0.0, 0.0, 1.0, 0.0, 1.0, 1.0, 0.0), (-1.0, -1.0, 0.0, 0.0, 1.0, 1.0, 0.0, 0.0, 0.0), (-1.0, -1.0, 0.0, 0.0, 1.0, 1.0, 0.0, 0.0, 1.0), (-1.0, -1.0, 0.0, 0.0, 1.0, 1.0, 0.0, 1.0, 0.0), (-1.0, -1.0, 0.0, 0.0, 1.0, 1.0, 0.0, 1.0, 1.0), (-1.0, -1.0, 0.0, 0.0, 1.0, 1.0, 1.0, 0.0, 0.0), (-1.0, -1.0, 0.0, 0.0, 1.0, 1.0, 1.0, 0.0, 1.0), (-1.0, -1.0, 0.0, 0.0, 1.0, 1.0, 1.0, 1.0, 0.0), (-1.0, -1.0, 0.0, 0.0, 1.0, 1.0, 1.0, 1.0, 1.0), (-1.0, -1.0, 0.0, 1.0, -1.0, -1.0, 1.0, 0.0, 0.0), (-1.0, -1.0, 0.0, 1.0, -1.0, -1.0, 1.0, 0.0, 1.0), (-1.0, -1.0, 0.0, 1.0, -1.0, -1.0, 1.0, 1.0, 0.0), (-1.0, -1.0, 0.0, 1.0, -1.0, -1.0, 1.0, 1.0, 1.0), (-1.0, -1.0, 0.0, 1.0, -1.0, 0.0, 0.0, 0.0, 0.0), (-1.0, -1.0, 0.0, 1.0, -1.0, 0.0, 0.0, 0.0, 1.0), (-1.0, -1.0, 0.0, 1.0, -1.0, 0.0, 0.0, 1.0, 0.0), (-1.0, -1.0, 0.0, 1.0, -1.0, 0.0, 0.0, 1.0, 1.0), (-1.0, -1.0, 0.0, 1.0, -1.0, 0.0, 1.0, 0.0, 0.0), (-1.0, -1.0, 0.0, 1.0, -1.0, 0.0, 1.0, 0.0, 1.0), (-1.0, -1.0, 0.0, 1.0, -1.0, 1.0, 0.0, 0.0, 0.0), (-1.0, -1.0, 0.0, 1.0, -1.0, 1.0, 0.0, 0.0, 1.0), (-1.0, -1.0, 0.0, 1.0, -1.0, 1.0, 0.0, 1.0, 0.0), (-1.0, -1.0, 0.0, 1.0, -1.0, 1.0, 0.0, 1.0, 1.0), (-1.0, -1.0, 0.0, 1.0, -1.0, 1.0, 1.0, 0.0, 0.0), (-1.0, -1.0, 0.0, 1.0, -1.0, 1.0, 1.0, 0.0, 1.0), (-1.0, -1.0, 0.0, 1.0, -1.0, 1.0, 1.0, 1.0, 1.0), (-1.0, -1.0, 0.0, 1.0, 0.0, -1.0, 0.0, 0.0, 0.0), (-1.0, -1.0, 0.0, 1.0, 0.0, -1.0, 0.0, 0.0, 1.0), (-1.0, -1.0, 0.0, 1.0, 0.0, -1.0, 0.0, 1.0, 1.0), (-1.0, -1.0, 0.0, 1.0, 0.0, -1.0, 1.0, 0.0, 0.0), (-1.0, -1.0, 0.0, 1.0, 0.0, -1.0, 1.0, 0.0, 1.0), (-1.0, -1.0, 0.0, 1.0, 0.0, -1.0, 1.0, 1.0, 0.0), (-1.0, -1.0, 0.0, 1.0, 0.0, -1.0, 1.0, 1.0, 1.0), (-1.0, -1.0, 0.0, 1.0, 0.0, 0.0, 0.0, 0.0, 0.0), (-1.0, -1.0, 0.0, 1.0, 0.0, 0.0, 0.0, 0.0, 1.0), (-1.0, -1.0, 0.0, 1.0, 0.0, 0.0, 0.0, 1.0, 0.0), (-1.0, -1.0, 0.0, 1.0, 0.0, 0.0, 0.0, 1.0, 1.0), (-1.0, -1.0, 0.0, 1.0, 1.0, -1.0, 1.0, 0.0, 1.0), (-1.0, -1.0, 0.0, 1.0, 1.0, -1.0, 1.0, 1.0, 1.0), (-1.0, -1.0, 0.0, 1.0, 1.0, 0.0, 0.0, 0.0, 0.0), (-1.0, -1.0, 0.0, 1.0, 1.0, 0.0, 0.0, 0.0, 1.0), (-1.0, -1.0, 0.0, 1.0, 1.0, 0.0, 0.0, 1.0, 0.0), (-1.0, -1.0, 0.0, 1.0, 1.0, 0.0, 0.0, 1.0, 1.0), (-1.0, -1.0, 0.0, 1.0, 1.0, 1.0, 0.0, 0.0, 0.0), (-1.0, -1.0, 0.0, 1.0, 1.0, 1.0, 0.0, 0.0, 1.0), (-1.0, -1.0, 0.0, 1.0, 1.0, 1.0, 0.0, 1.0, 0.0), (-1.0, -1.0, 0.0, 1.0, 1.0, 1.0, 0.0, 1.0, 1.0), (-1.0, -1.0, 1.0, -1.0, -1.0, -1.0, 0.0, 0.0, 0.0), (-1.0, -1.0, 1.0, -1.0, -1.0, -1.0, 0.0, 0.0, 1.0), (-1.0, -1.0, 1.0, -1.0, -1.0, -1.0, 1.0, 0.0, 0.0), (-1.0, -1.0, 1.0, -1.0, -1.0, -1.0, 1.0, 0.0, 1.0), (-1.0, -1.0, 1.0, -1.0, -1.0, -1.0, 1.0, 1.0, 0.0), (-1.0, -1.0, 1.0, -1.0, -1.0, -1.0, 1.0, 1.0, 1.0), (-1.0, -1.0, 1.0, -1.0, -1.0, 0.0, 0.0, 0.0, 0.0), (-1.0, -1.0, 1.0, -1.0, -1.0, 0.0, 0.0, 0.0, 1.0), (-1.0, -1.0, 1.0, -1.0, -1.0, 0.0, 0.0, 1.0, 0.0), (-1.0, -1.0, 1.0, -1.0, -1.0, 0.0, 0.0, 1.0, 1.0), (-1.0, -1.0, 1.0, -1.0, -1.0, 0.0, 1.0, 0.0, 0.0), (-1.0, -1.0, 1.0, -1.0, -1.0, 0.0, 1.0, 0.0, 1.0), (-1.0, -1.0, 1.0, -1.0, -1.0, 0.0, 1.0, 1.0, 0.0), (-1.0, -1.0, 1.0, -1.0, -1.0, 0.0, 1.0, 1.0, 1.0), (-1.0, -1.0, 1.0, -1.0, -1.0, 1.0, 0.0, 0.0, 0.0), (-1.0, -1.0, 1.0, -1.0, -1.0, 1.0, 0.0, 0.0, 1.0), (-1.0, -1.0, 1.0, -1.0, -1.0, 1.0, 0.0, 1.0, 0.0), (-1.0, -1.0, 1.0, -1.0, -1.0, 1.0, 0.0, 1.0, 1.0), (-1.0, -1.0, 1.0, -1.0, -1.0, 1.0, 1.0, 0.0, 0.0), (-1.0, -1.0, 1.0, -1.0, -1.0, 1.0, 1.0, 0.0, 1.0), (-1.0, -1.0, 1.0, -1.0, -1.0, 1.0, 1.0, 1.0, 0.0), (-1.0, -1.0, 1.0, -1.0, -1.0, 1.0, 1.0, 1.0, 1.0), (-1.0, -1.0, 1.0, -1.0, 0.0, -1.0, 0.0, 0.0, 0.0), (-1.0, -1.0, 1.0, -1.0, 0.0, -1.0, 0.0, 0.0, 1.0), (-1.0, -1.0, 1.0, -1.0, 0.0, -1.0, 0.0, 1.0, 0.0), (-1.0, -1.0, 1.0, -1.0, 0.0, -1.0, 0.0, 1.0, 1.0), (-1.0, -1.0, 1.0, -1.0, 0.0, -1.0, 1.0, 0.0, 0.0), (-1.0, -1.0, 1.0, -1.0, 0.0, -1.0, 1.0, 0.0, 1.0), (-1.0, -1.0, 1.0, -1.0, 0.0, -1.0, 1.0, 1.0, 0.0), (-1.0, -1.0, 1.0, -1.0, 0.0, -1.0, 1.0, 1.0, 1.0), (-1.0, -1.0, 1.0, -1.0, 0.0, 0.0, 0.0, 0.0, 0.0), (-1.0, -1.0, 1.0, -1.0, 0.0, 0.0, 0.0, 0.0, 1.0), (-1.0, -1.0, 1.0, -1.0, 0.0, 0.0, 0.0, 1.0, 0.0), (-1.0, -1.0, 1.0, -1.0, 0.0, 0.0, 0.0, 1.0, 1.0), (-1.0, -1.0, 1.0, -1.0, 0.0, 0.0, 1.0, 0.0, 0.0), (-1.0, -1.0, 1.0, -1.0, 0.0, 0.0, 1.0, 0.0, 1.0), (-1.0, -1.0, 1.0, -1.0, 0.0, 0.0, 1.0, 1.0, 0.0), (-1.0, -1.0, 1.0, -1.0, 0.0, 0.0, 1.0, 1.0, 1.0), (-1.0, -1.0, 1.0, -1.0, 0.0, 1.0, 0.0, 0.0, 0.0), (-1.0, -1.0, 1.0, -1.0, 0.0, 1.0, 0.0, 0.0, 1.0), (-1.0, -1.0, 1.0, -1.0, 0.0, 1.0, 0.0, 1.0, 0.0), (-1.0, -1.0, 1.0, -1.0, 0.0, 1.0, 0.0, 1.0, 1.0), (-1.0, -1.0, 1.0, -1.0, 0.0, 1.0, 1.0, 0.0, 0.0), (-1.0, -1.0, 1.0, -1.0, 0.0, 1.0, 1.0, 0.0, 1.0), (-1.0, -1.0, 1.0, -1.0, 0.0, 1.0, 1.0, 1.0, 0.0), (-1.0, -1.0, 1.0, -1.0, 1.0, -1.0, 0.0, 0.0, 1.0), (-1.0, -1.0, 1.0, -1.0, 1.0, -1.0, 1.0, 0.0, 0.0), (-1.0, -1.0, 1.0, -1.0, 1.0, -1.0, 1.0, 0.0, 1.0), (-1.0, -1.0, 1.0, -1.0, 1.0, -1.0, 1.0, 1.0, 0.0), (-1.0, -1.0, 1.0, -1.0, 1.0, -1.0, 1.0, 1.0, 1.0), (-1.0, -1.0, 1.0, -1.0, 1.0, 0.0, 0.0, 0.0, 0.0), (-1.0, -1.0, 1.0, -1.0, 1.0, 0.0, 0.0, 0.0, 1.0), (-1.0, -1.0, 1.0, -1.0, 1.0, 0.0, 0.0, 1.0, 0.0), (-1.0, -1.0, 1.0, -1.0, 1.0, 0.0, 0.0, 1.0, 1.0), (-1.0, -1.0, 1.0, -1.0, 1.0, 0.0, 1.0, 0.0, 0.0), (-1.0, -1.0, 1.0, -1.0, 1.0, 0.0, 1.0, 0.0, 1.0), (-1.0, -1.0, 1.0, -1.0, 1.0, 0.0, 1.0, 1.0, 0.0), (-1.0, -1.0, 1.0, -1.0, 1.0, 0.0, 1.0, 1.0, 1.0), (-1.0, -1.0, 1.0, -1.0, 1.0, 1.0, 0.0, 0.0, 0.0), (-1.0, -1.0, 1.0, -1.0, 1.0, 1.0, 0.0, 0.0, 1.0), (-1.0, -1.0, 1.0, -1.0, 1.0, 1.0, 0.0, 1.0, 0.0), (-1.0, -1.0, 1.0, -1.0, 1.0, 1.0, 0.0, 1.0, 1.0), (-1.0, -1.0, 1.0, -1.0, 1.0, 1.0, 1.0, 0.0, 0.0), (-1.0, -1.0, 1.0, -1.0, 1.0, 1.0, 1.0, 0.0, 1.0), (-1.0, -1.0, 1.0, -1.0, 1.0, 1.0, 1.0, 1.0, 0.0), (-1.0, -1.0, 1.0, -1.0, 1.0, 1.0, 1.0, 1.0, 1.0), (-1.0, -1.0, 1.0, 0.0, -1.0, -1.0, 1.0, 0.0, 0.0), (-1.0, -1.0, 1.0, 0.0, -1.0, -1.0, 1.0, 0.0, 1.0), (-1.0, -1.0, 1.0, 0.0, -1.0, -1.0, 1.0, 1.0, 0.0), (-1.0, -1.0, 1.0, 0.0, -1.0, -1.0, 1.0, 1.0, 1.0), (-1.0, -1.0, 1.0, 0.0, -1.0, 0.0, 0.0, 0.0, 0.0), (-1.0, -1.0, 1.0, 0.0, -1.0, 0.0, 0.0, 0.0, 1.0), (-1.0, -1.0, 1.0, 0.0, -1.0, 0.0, 0.0, 1.0, 0.0), (-1.0, -1.0, 1.0, 0.0, -1.0, 0.0, 0.0, 1.0, 1.0), (-1.0, -1.0, 1.0, 0.0, -1.0, 0.0, 1.0, 0.0, 0.0), (-1.0, -1.0, 1.0, 0.0, -1.0, 0.0, 1.0, 0.0, 1.0), (-1.0, -1.0, 1.0, 0.0, -1.0, 0.0, 1.0, 1.0, 0.0), (-1.0, -1.0, 1.0, 0.0, -1.0, 1.0, 0.0, 0.0, 0.0), (-1.0, -1.0, 1.0, 0.0, -1.0, 1.0, 0.0, 0.0, 1.0), (-1.0, -1.0, 1.0, 0.0, -1.0, 1.0, 0.0, 1.0, 0.0), (-1.0, -1.0, 1.0, 0.0, -1.0, 1.0, 0.0, 1.0, 1.0), (-1.0, -1.0, 1.0, 0.0, -1.0, 1.0, 1.0, 0.0, 0.0), (-1.0, -1.0, 1.0, 0.0, -1.0, 1.0, 1.0, 0.0, 1.0), (-1.0, -1.0, 1.0, 0.0, -1.0, 1.0, 1.0, 1.0, 0.0), (-1.0, -1.0, 1.0, 0.0, 0.0, -1.0, 0.0, 0.0, 0.0), (-1.0, -1.0, 1.0, 0.0, 0.0, -1.0, 0.0, 0.0, 1.0), (-1.0, -1.0, 1.0, 0.0, 0.0, -1.0, 0.0, 1.0, 0.0), (-1.0, -1.0, 1.0, 0.0, 0.0, -1.0, 1.0, 0.0, 0.0), (-1.0, -1.0, 1.0, 0.0, 0.0, -1.0, 1.0, 0.0, 1.0), (-1.0, -1.0, 1.0, 0.0, 0.0, -1.0, 1.0, 1.0, 0.0), (-1.0, -1.0, 1.0, 0.0, 0.0, -1.0, 1.0, 1.0, 1.0), (-1.0, -1.0, 1.0, 0.0, 0.0, 0.0, 0.0, 0.0, 0.0), (-1.0, -1.0, 1.0, 0.0, 0.0, 0.0, 0.0, 0.0, 1.0), (-1.0, -1.0, 1.0, 0.0, 0.0, 0.0, 0.0, 1.0, 0.0), (-1.0, -1.0, 1.0, 0.0, 0.0, 0.0, 0.0, 1.0, 1.0), (-1.0, -1.0, 1.0, 0.0, 0.0, 0.0, 1.0, 0.0, 0.0), (-1.0, -1.0, 1.0, 0.0, 0.0, 0.0, 1.0, 0.0, 1.0), (-1.0, -1.0, 1.0, 0.0, 0.0, 0.0, 1.0, 1.0, 0.0), (-1.0, -1.0, 1.0, 0.0, 0.0, 0.0, 1.0, 1.0, 1.0), (-1.0, -1.0, 1.0, 0.0, 1.0, -1.0, 1.0, 0.0, 0.0), (-1.0, -1.0, 1.0, 0.0, 1.0, -1.0, 1.0, 0.0, 1.0), (-1.0, -1.0, 1.0, 0.0, 1.0, -1.0, 1.0, 1.0, 0.0), (-1.0, -1.0, 1.0, 0.0, 1.0, -1.0, 1.0, 1.0, 1.0), (-1.0, -1.0, 1.0, 0.0, 1.0, 0.0, 0.0, 0.0, 0.0), (-1.0, -1.0, 1.0, 0.0, 1.0, 0.0, 0.0, 1.0, 1.0), (-1.0, -1.0, 1.0, 0.0, 1.0, 0.0, 1.0, 0.0, 0.0), (-1.0, -1.0, 1.0, 0.0, 1.0, 0.0, 1.0, 0.0, 1.0), (-1.0, -1.0, 1.0, 0.0, 1.0, 0.0, 1.0, 1.0, 0.0), (-1.0, -1.0, 1.0, 0.0, 1.0, 0.0, 1.0, 1.0, 1.0), (-1.0, -1.0, 1.0, 0.0, 1.0, 1.0, 0.0, 0.0, 0.0), (-1.0, -1.0, 1.0, 0.0, 1.0, 1.0, 0.0, 0.0, 1.0), (-1.0, -1.0, 1.0, 0.0, 1.0, 1.0, 0.0, 1.0, 0.0), (-1.0, -1.0, 1.0, 0.0, 1.0, 1.0, 0.0, 1.0, 1.0), (-1.0, -1.0, 1.0, 0.0, 1.0, 1.0, 1.0, 0.0, 0.0), (-1.0, -1.0, 1.0, 0.0, 1.0, 1.0, 1.0, 0.0, 1.0), (-1.0, -1.0, 1.0, 0.0, 1.0, 1.0, 1.0, 1.0, 0.0), (-1.0, -1.0, 1.0, 0.0, 1.0, 1.0, 1.0, 1.0, 1.0), (-1.0, -1.0, 1.0, 1.0, -1.0, -1.0, 1.0, 0.0, 0.0), (-1.0, -1.0, 1.0, 1.0, -1.0, -1.0, 1.0, 0.0, 1.0), (-1.0, -1.0, 1.0, 1.0, -1.0, -1.0, 1.0, 1.0, 1.0), (-1.0, -1.0, 1.0, 1.0, -1.0, 0.0, 0.0, 0.0, 0.0), (-1.0, -1.0, 1.0, 1.0, -1.0, 0.0, 0.0, 0.0, 1.0), (-1.0, -1.0, 1.0, 1.0, -1.0, 0.0, 0.0, 1.0, 0.0), (-1.0, -1.0, 1.0, 1.0, -1.0, 0.0, 0.0, 1.0, 1.0), (-1.0, -1.0, 1.0, 1.0, -1.0, 0.0, 1.0, 0.0, 0.0), (-1.0, -1.0, 1.0, 1.0, -1.0, 0.0, 1.0, 0.0, 1.0), (-1.0, -1.0, 1.0, 1.0, -1.0, 0.0, 1.0, 1.0, 0.0), (-1.0, -1.0, 1.0, 1.0, -1.0, 0.0, 1.0, 1.0, 1.0), (-1.0, -1.0, 1.0, 1.0, -1.0, 1.0, 0.0, 0.0, 0.0), (-1.0, -1.0, 1.0, 1.0, -1.0, 1.0, 0.0, 0.0, 1.0), (-1.0, -1.0, 1.0, 1.0, -1.0, 1.0, 0.0, 1.0, 0.0), (-1.0, -1.0, 1.0, 1.0, -1.0, 1.0, 0.0, 1.0, 1.0), (-1.0, -1.0, 1.0, 1.0, -1.0, 1.0, 1.0, 0.0, 0.0), (-1.0, -1.0, 1.0, 1.0, -1.0, 1.0, 1.0, 0.0, 1.0), (-1.0, -1.0, 1.0, 1.0, -1.0, 1.0, 1.0, 1.0, 0.0), (-1.0, -1.0, 1.0, 1.0, -1.0, 1.0, 1.0, 1.0, 1.0), (-1.0, -1.0, 1.0, 1.0, 0.0, -1.0, 0.0, 0.0, 0.0), (-1.0, -1.0, 1.0, 1.0, 0.0, -1.0, 0.0, 0.0, 1.0), (-1.0, -1.0, 1.0, 1.0, 0.0, -1.0, 0.0, 1.0, 0.0), (-1.0, -1.0, 1.0, 1.0, 0.0, -1.0, 0.0, 1.0, 1.0), (-1.0, -1.0, 1.0, 1.0, 0.0, -1.0, 1.0, 0.0, 0.0), (-1.0, -1.0, 1.0, 1.0, 0.0, -1.0, 1.0, 0.0, 1.0), (-1.0, -1.0, 1.0, 1.0, 0.0, -1.0, 1.0, 1.0, 0.0), (-1.0, -1.0, 1.0, 1.0, 0.0, -1.0, 1.0, 1.0, 1.0), (-1.0, -1.0, 1.0, 1.0, 0.0, 0.0, 0.0, 0.0, 0.0), (-1.0, -1.0, 1.0, 1.0, 0.0, 0.0, 0.0, 0.0, 1.0), (-1.0, -1.0, 1.0, 1.0, 0.0, 0.0, 0.0, 1.0, 0.0), (-1.0, -1.0, 1.0, 1.0, 0.0, 0.0, 0.0, 1.0, 1.0), (-1.0, -1.0, 1.0, 1.0, 0.0, 0.0, 1.0, 0.0, 0.0), (-1.0, -1.0, 1.0, 1.0, 0.0, 0.0, 1.0, 0.0, 1.0), (-1.0, -1.0, 1.0, 1.0, 0.0, 0.0, 1.0, 1.0, 0.0), (-1.0, -1.0, 1.0, 1.0, 0.0, 0.0, 1.0, 1.0, 1.0), (-1.0, -1.0, 1.0, 1.0, 0.0, 1.0, 1.0, 1.0, 0.0), (-1.0, -1.0, 1.0, 1.0, 1.0, -1.0, 1.0, 0.0, 0.0), (-1.0, -1.0, 1.0, 1.0, 1.0, -1.0, 1.0, 0.0, 1.0), (-1.0, -1.0, 1.0, 1.0, 1.0, -1.0, 1.0, 1.0, 1.0), (-1.0, -1.0, 1.0, 1.0, 1.0, 0.0, 0.0, 0.0, 0.0), (-1.0, -1.0, 1.0, 1.0, 1.0, 0.0, 0.0, 0.0, 1.0), (-1.0, -1.0, 1.0, 1.0, 1.0, 0.0, 0.0, 1.0, 0.0), (-1.0, -1.0, 1.0, 1.0, 1.0, 0.0, 0.0, 1.0, 1.0), (-1.0, -1.0, 1.0, 1.0, 1.0, 0.0, 1.0, 0.0, 0.0), (-1.0, -1.0, 1.0, 1.0, 1.0, 0.0, 1.0, 1.0, 0.0), (-1.0, -1.0, 1.0, 1.0, 1.0, 1.0, 0.0, 0.0, 0.0), (-1.0, -1.0, 1.0, 1.0, 1.0, 1.0, 0.0, 0.0, 1.0), (-1.0, -1.0, 1.0, 1.0, 1.0, 1.0, 0.0, 1.0, 0.0), (-1.0, -1.0, 1.0, 1.0, 1.0, 1.0, 0.0, 1.0, 1.0), (-1.0, -1.0, 1.0, 1.0, 1.0, 1.0, 1.0, 0.0, 0.0), (-1.0, 0.0, -1.0, -1.0, -1.0, -1.0, 1.0, 0.0, 0.0), (-1.0, 0.0, -1.0, -1.0, -1.0, -1.0, 1.0, 0.0, 1.0), (-1.0, 0.0, -1.0, -1.0, -1.0, -1.0, 1.0, 1.0, 1.0), (-1.0, 0.0, -1.0, -1.0, -1.0, 0.0, 0.0, 0.0, 0.0), (-1.0, 0.0, -1.0, -1.0, -1.0, 0.0, 0.0, 0.0, 1.0), (-1.0, 0.0, -1.0, -1.0, -1.0, 0.0, 0.0, 1.0, 0.0), (-1.0, 0.0, -1.0, -1.0, -1.0, 0.0, 0.0, 1.0, 1.0), (-1.0, 0.0, -1.0, -1.0, -1.0, 0.0, 1.0, 0.0, 0.0), (-1.0, 0.0, -1.0, -1.0, -1.0, 0.0, 1.0, 0.0, 1.0), (-1.0, 0.0, -1.0, -1.0, -1.0, 0.0, 1.0, 1.0, 0.0), (-1.0, 0.0, -1.0, -1.0, -1.0, 0.0, 1.0, 1.0, 1.0), (-1.0, 0.0, -1.0, -1.0, -1.0, 1.0, 0.0, 0.0, 0.0), (-1.0, 0.0, -1.0, -1.0, -1.0, 1.0, 0.0, 0.0, 1.0), (-1.0, 0.0, -1.0, -1.0, -1.0, 1.0, 0.0, 1.0, 0.0), (-1.0, 0.0, -1.0, -1.0, -1.0, 1.0, 0.0, 1.0, 1.0), (-1.0, 0.0, -1.0, -1.0, -1.0, 1.0, 1.0, 0.0, 0.0), (-1.0, 0.0, -1.0, -1.0, -1.0, 1.0, 1.0, 0.0, 1.0), (-1.0, 0.0, -1.0, -1.0, -1.0, 1.0, 1.0, 1.0, 0.0), (-1.0, 0.0, -1.0, -1.0, -1.0, 1.0, 1.0, 1.0, 1.0), (-1.0, 0.0, -1.0, -1.0, 0.0, -1.0, 0.0, 0.0, 1.0), (-1.0, 0.0, -1.0, -1.0, 0.0, -1.0, 0.0, 1.0, 1.0), (-1.0, 0.0, -1.0, -1.0, 0.0, -1.0, 1.0, 0.0, 1.0), (-1.0, 0.0, -1.0, -1.0, 0.0, -1.0, 1.0, 1.0, 1.0), (-1.0, 0.0, -1.0, -1.0, 0.0, 0.0, 0.0, 0.0, 0.0), (-1.0, 0.0, -1.0, -1.0, 0.0, 0.0, 0.0, 0.0, 1.0), (-1.0, 0.0, -1.0, -1.0, 0.0, 0.0, 0.0, 1.0, 0.0), (-1.0, 0.0, -1.0, -1.0, 0.0, 0.0, 0.0, 1.0, 1.0), (-1.0, 0.0, -1.0, -1.0, 0.0, 0.0, 1.0, 0.0, 0.0), (-1.0, 0.0, -1.0, -1.0, 0.0, 0.0, 1.0, 0.0, 1.0), (-1.0, 0.0, -1.0, -1.0, 0.0, 0.0, 1.0, 1.0, 0.0), (-1.0, 0.0, -1.0, -1.0, 0.0, 0.0, 1.0, 1.0, 1.0), (-1.0, 0.0, -1.0, -1.0, 0.0, 1.0, 0.0, 0.0, 0.0), (-1.0, 0.0, -1.0, -1.0, 0.0, 1.0, 0.0, 0.0, 1.0), (-1.0, 0.0, -1.0, -1.0, 0.0, 1.0, 0.0, 1.0, 0.0), (-1.0, 0.0, -1.0, -1.0, 0.0, 1.0, 0.0, 1.0, 1.0), (-1.0, 0.0, -1.0, -1.0, 0.0, 1.0, 1.0, 0.0, 0.0), (-1.0, 0.0, -1.0, -1.0, 0.0, 1.0, 1.0, 0.0, 1.0), (-1.0, 0.0, -1.0, -1.0, 0.0, 1.0, 1.0, 1.0, 0.0), (-1.0, 0.0, -1.0, -1.0, 0.0, 1.0, 1.0, 1.0, 1.0), (-1.0, 0.0, -1.0, -1.0, 1.0, -1.0, 0.0, 1.0, 1.0), (-1.0, 0.0, -1.0, -1.0, 1.0, -1.0, 1.0, 0.0, 1.0), (-1.0, 0.0, -1.0, -1.0, 1.0, -1.0, 1.0, 1.0, 1.0), (-1.0, 0.0, -1.0, -1.0, 1.0, 0.0, 0.0, 0.0, 1.0), (-1.0, 0.0, -1.0, -1.0, 1.0, 0.0, 0.0, 1.0, 1.0), (-1.0, 0.0, -1.0, -1.0, 1.0, 0.0, 1.0, 0.0, 1.0), (-1.0, 0.0, -1.0, -1.0, 1.0, 0.0, 1.0, 1.0, 1.0), (-1.0, 0.0, -1.0, -1.0, 1.0, 1.0, 0.0, 0.0, 1.0), (-1.0, 0.0, -1.0, -1.0, 1.0, 1.0, 0.0, 1.0, 0.0), (-1.0, 0.0, -1.0, -1.0, 1.0, 1.0, 0.0, 1.0, 1.0), (-1.0, 0.0, -1.0, -1.0, 1.0, 1.0, 1.0, 0.0, 0.0), (-1.0, 0.0, -1.0, -1.0, 1.0, 1.0, 1.0, 0.0, 1.0), (-1.0, 0.0, -1.0, -1.0, 1.0, 1.0, 1.0, 1.0, 0.0), (-1.0, 0.0, -1.0, -1.0, 1.0, 1.0, 1.0, 1.0, 1.0), (-1.0, 0.0, -1.0, 0.0, -1.0, -1.0, 1.0, 0.0, 0.0), (-1.0, 0.0, -1.0, 0.0, -1.0, -1.0, 1.0, 0.0, 1.0), (-1.0, 0.0, -1.0, 0.0, -1.0, -1.0, 1.0, 1.0, 0.0), (-1.0, 0.0, -1.0, 0.0, -1.0, -1.0, 1.0, 1.0, 1.0), (-1.0, 0.0, -1.0, 0.0, -1.0, 0.0, 0.0, 0.0, 0.0), (-1.0, 0.0, -1.0, 0.0, -1.0, 0.0, 0.0, 0.0, 1.0), (-1.0, 0.0, -1.0, 0.0, -1.0, 0.0, 0.0, 1.0, 0.0), (-1.0, 0.0, -1.0, 0.0, -1.0, 0.0, 0.0, 1.0, 1.0), (-1.0, 0.0, -1.0, 0.0, -1.0, 0.0, 1.0, 0.0, 0.0), (-1.0, 0.0, -1.0, 0.0, -1.0, 0.0, 1.0, 0.0, 1.0), (-1.0, 0.0, -1.0, 0.0, -1.0, 0.0, 1.0, 1.0, 0.0), (-1.0, 0.0, -1.0, 0.0, -1.0, 0.0, 1.0, 1.0, 1.0), (-1.0, 0.0, -1.0, 0.0, -1.0, 1.0, 0.0, 0.0, 0.0), (-1.0, 0.0, -1.0, 0.0, -1.0, 1.0, 0.0, 0.0, 1.0), (-1.0, 0.0, -1.0, 0.0, -1.0, 1.0, 0.0, 1.0, 0.0), (-1.0, 0.0, -1.0, 0.0, -1.0, 1.0, 0.0, 1.0, 1.0), (-1.0, 0.0, -1.0, 0.0, -1.0, 1.0, 1.0, 0.0, 0.0), (-1.0, 0.0, -1.0, 0.0, -1.0, 1.0, 1.0, 0.0, 1.0), (-1.0, 0.0, -1.0, 0.0, -1.0, 1.0, 1.0, 1.0, 0.0), (-1.0, 0.0, -1.0, 0.0, -1.0, 1.0, 1.0, 1.0, 1.0), (-1.0, 0.0, -1.0, 0.0, 0.0, -1.0, 0.0, 0.0, 0.0), (-1.0, 0.0, -1.0, 0.0, 0.0, -1.0, 0.0, 0.0, 1.0), (-1.0, 0.0, -1.0, 0.0, 0.0, -1.0, 0.0, 1.0, 0.0), (-1.0, 0.0, -1.0, 0.0, 0.0, -1.0, 0.0, 1.0, 1.0), (-1.0, 0.0, -1.0, 0.0, 0.0, -1.0, 1.0, 0.0, 0.0), (-1.0, 0.0, -1.0, 0.0, 0.0, -1.0, 1.0, 0.0, 1.0), (-1.0, 0.0, -1.0, 0.0, 0.0, -1.0, 1.0, 1.0, 0.0), (-1.0, 0.0, -1.0, 0.0, 0.0, -1.0, 1.0, 1.0, 1.0), (-1.0, 0.0, -1.0, 0.0, 0.0, 0.0, 0.0, 0.0, 0.0), (-1.0, 0.0, -1.0, 0.0, 0.0, 0.0, 0.0, 0.0, 1.0), (-1.0, 0.0, -1.0, 0.0, 0.0, 0.0, 0.0, 1.0, 0.0), (-1.0, 0.0, -1.0, 0.0, 0.0, 0.0, 0.0, 1.0, 1.0), (-1.0, 0.0, -1.0, 0.0, 0.0, 0.0, 1.0, 0.0, 0.0), (-1.0, 0.0, -1.0, 0.0, 0.0, 0.0, 1.0, 0.0, 1.0), (-1.0, 0.0, -1.0, 0.0, 0.0, 0.0, 1.0, 1.0, 0.0), (-1.0, 0.0, -1.0, 0.0, 0.0, 0.0, 1.0, 1.0, 1.0), (-1.0, 0.0, -1.0, 0.0, 0.0, 1.0, 0.0, 0.0, 0.0), (-1.0, 0.0, -1.0, 0.0, 0.0, 1.0, 0.0, 0.0, 1.0), (-1.0, 0.0, -1.0, 0.0, 0.0, 1.0, 0.0, 1.0, 0.0), (-1.0, 0.0, -1.0, 0.0, 0.0, 1.0, 0.0, 1.0, 1.0), (-1.0, 0.0, -1.0, 0.0, 0.0, 1.0, 1.0, 0.0, 0.0), (-1.0, 0.0, -1.0, 0.0, 0.0, 1.0, 1.0, 0.0, 1.0), (-1.0, 0.0, -1.0, 0.0, 0.0, 1.0, 1.0, 1.0, 0.0), (-1.0, 0.0, -1.0, 0.0, 0.0, 1.0, 1.0, 1.0, 1.0), (-1.0, 0.0, -1.0, 0.0, 1.0, -1.0, 0.0, 0.0, 0.0), (-1.0, 0.0, -1.0, 0.0, 1.0, -1.0, 0.0, 0.0, 1.0), (-1.0, 0.0, -1.0, 0.0, 1.0, -1.0, 0.0, 1.0, 0.0), (-1.0, 0.0, -1.0, 0.0, 1.0, -1.0, 0.0, 1.0, 1.0), (-1.0, 0.0, -1.0, 0.0, 1.0, -1.0, 1.0, 0.0, 0.0), (-1.0, 0.0, -1.0, 0.0, 1.0, -1.0, 1.0, 0.0, 1.0), (-1.0, 0.0, -1.0, 0.0, 1.0, -1.0, 1.0, 1.0, 0.0), (-1.0, 0.0, -1.0, 0.0, 1.0, -1.0, 1.0, 1.0, 1.0), (-1.0, 0.0, -1.0, 0.0, 1.0, 0.0, 0.0, 0.0, 0.0), (-1.0, 0.0, -1.0, 0.0, 1.0, 0.0, 0.0, 0.0, 1.0), (-1.0, 0.0, -1.0, 0.0, 1.0, 0.0, 0.0, 1.0, 0.0), (-1.0, 0.0, -1.0, 0.0, 1.0, 0.0, 0.0, 1.0, 1.0), (-1.0, 0.0, -1.0, 0.0, 1.0, 0.0, 1.0, 0.0, 0.0), (-1.0, 0.0, -1.0, 0.0, 1.0, 0.0, 1.0, 0.0, 1.0), (-1.0, 0.0, -1.0, 0.0, 1.0, 0.0, 1.0, 1.0, 1.0), (-1.0, 0.0, -1.0, 0.0, 1.0, 1.0, 0.0, 0.0, 0.0), (-1.0, 0.0, -1.0, 0.0, 1.0, 1.0, 0.0, 0.0, 1.0), (-1.0, 0.0, -1.0, 0.0, 1.0, 1.0, 0.0, 1.0, 0.0), (-1.0, 0.0, -1.0, 0.0, 1.0, 1.0, 0.0, 1.0, 1.0), (-1.0, 0.0, -1.0, 0.0, 1.0, 1.0, 1.0, 0.0, 0.0), (-1.0, 0.0, -1.0, 0.0, 1.0, 1.0, 1.0, 0.0, 1.0), (-1.0, 0.0, -1.0, 0.0, 1.0, 1.0, 1.0, 1.0, 0.0), (-1.0, 0.0, -1.0, 0.0, 1.0, 1.0, 1.0, 1.0, 1.0), (-1.0, 0.0, -1.0, 1.0, -1.0, -1.0, 0.0, 0.0, 1.0), (-1.0, 0.0, -1.0, 1.0, -1.0, -1.0, 0.0, 1.0, 1.0), (-1.0, 0.0, -1.0, 1.0, -1.0, -1.0, 1.0, 0.0, 0.0), (-1.0, 0.0, -1.0, 1.0, -1.0, -1.0, 1.0, 0.0, 1.0), (-1.0, 0.0, -1.0, 1.0, -1.0, -1.0, 1.0, 1.0, 0.0), (-1.0, 0.0, -1.0, 1.0, -1.0, -1.0, 1.0, 1.0, 1.0), (-1.0, 0.0, -1.0, 1.0, -1.0, 0.0, 0.0, 0.0, 0.0), (-1.0, 0.0, -1.0, 1.0, -1.0, 0.0, 0.0, 0.0, 1.0), (-1.0, 0.0, -1.0, 1.0, -1.0, 0.0, 0.0, 1.0, 0.0), (-1.0, 0.0, -1.0, 1.0, -1.0, 0.0, 0.0, 1.0, 1.0), (-1.0, 0.0, -1.0, 1.0, -1.0, 0.0, 1.0, 0.0, 0.0), (-1.0, 0.0, -1.0, 1.0, -1.0, 0.0, 1.0, 0.0, 1.0), (-1.0, 0.0, -1.0, 1.0, -1.0, 0.0, 1.0, 1.0, 0.0), (-1.0, 0.0, -1.0, 1.0, -1.0, 1.0, 0.0, 0.0, 0.0), (-1.0, 0.0, -1.0, 1.0, -1.0, 1.0, 0.0, 0.0, 1.0), (-1.0, 0.0, -1.0, 1.0, -1.0, 1.0, 0.0, 1.0, 0.0), (-1.0, 0.0, -1.0, 1.0, -1.0, 1.0, 0.0, 1.0, 1.0), (-1.0, 0.0, -1.0, 1.0, -1.0, 1.0, 1.0, 0.0, 0.0), (-1.0, 0.0, -1.0, 1.0, -1.0, 1.0, 1.0, 0.0, 1.0), (-1.0, 0.0, -1.0, 1.0, -1.0, 1.0, 1.0, 1.0, 0.0), (-1.0, 0.0, -1.0, 1.0, -1.0, 1.0, 1.0, 1.0, 1.0), (-1.0, 0.0, -1.0, 1.0, 0.0, -1.0, 0.0, 0.0, 0.0), (-1.0, 0.0, -1.0, 1.0, 0.0, -1.0, 0.0, 0.0, 1.0), (-1.0, 0.0, -1.0, 1.0, 0.0, -1.0, 0.0, 1.0, 0.0), (-1.0, 0.0, -1.0, 1.0, 0.0, -1.0, 0.0, 1.0, 1.0), (-1.0, 0.0, -1.0, 1.0, 0.0, -1.0, 1.0, 0.0, 0.0), (-1.0, 0.0, -1.0, 1.0, 0.0, -1.0, 1.0, 0.0, 1.0), (-1.0, 0.0, -1.0, 1.0, 0.0, -1.0, 1.0, 1.0, 0.0), (-1.0, 0.0, -1.0, 1.0, 0.0, 0.0, 0.0, 0.0, 0.0), (-1.0, 0.0, -1.0, 1.0, 0.0, 0.0, 0.0, 1.0, 0.0), (-1.0, 0.0, -1.0, 1.0, 0.0, 0.0, 0.0, 1.0, 1.0), (-1.0, 0.0, -1.0, 1.0, 0.0, 0.0, 1.0, 0.0, 0.0), (-1.0, 0.0, -1.0, 1.0, 0.0, 0.0, 1.0, 0.0, 1.0), (-1.0, 0.0, -1.0, 1.0, 0.0, 0.0, 1.0, 1.0, 0.0), (-1.0, 0.0, -1.0, 1.0, 0.0, 1.0, 0.0, 0.0, 0.0), (-1.0, 0.0, -1.0, 1.0, 0.0, 1.0, 0.0, 1.0, 0.0), (-1.0, 0.0, -1.0, 1.0, 0.0, 1.0, 1.0, 0.0, 0.0), (-1.0, 0.0, -1.0, 1.0, 0.0, 1.0, 1.0, 1.0, 0.0), (-1.0, 0.0, -1.0, 1.0, 1.0, -1.0, 0.0, 0.0, 1.0), (-1.0, 0.0, -1.0, 1.0, 1.0, -1.0, 0.0, 1.0, 1.0), (-1.0, 0.0, -1.0, 1.0, 1.0, -1.0, 1.0, 0.0, 0.0), (-1.0, 0.0, -1.0, 1.0, 1.0, -1.0, 1.0, 0.0, 1.0), (-1.0, 0.0, -1.0, 1.0, 1.0, -1.0, 1.0, 1.0, 0.0), (-1.0, 0.0, -1.0, 1.0, 1.0, -1.0, 1.0, 1.0, 1.0), (-1.0, 0.0, -1.0, 1.0, 1.0, 0.0, 0.0, 0.0, 0.0), (-1.0, 0.0, -1.0, 1.0, 1.0, 0.0, 0.0, 1.0, 0.0), (-1.0, 0.0, -1.0, 1.0, 1.0, 0.0, 1.0, 0.0, 0.0), (-1.0, 0.0, -1.0, 1.0, 1.0, 0.0, 1.0, 0.0, 1.0), (-1.0, 0.0, -1.0, 1.0, 1.0, 0.0, 1.0, 1.0, 0.0), (-1.0, 0.0, -1.0, 1.0, 1.0, 1.0, 0.0, 0.0, 0.0), (-1.0, 0.0, -1.0, 1.0, 1.0, 1.0, 0.0, 0.0, 1.0), (-1.0, 0.0, -1.0, 1.0, 1.0, 1.0, 0.0, 1.0, 0.0), (-1.0, 0.0, -1.0, 1.0, 1.0, 1.0, 0.0, 1.0, 1.0), (-1.0, 0.0, -1.0, 1.0, 1.0, 1.0, 1.0, 0.0, 0.0), (-1.0, 0.0, -1.0, 1.0, 1.0, 1.0, 1.0, 1.0, 0.0), (-1.0, 0.0, 0.0, -1.0, -1.0, -1.0, 1.0, 0.0, 0.0), (-1.0, 0.0, 0.0, -1.0, -1.0, -1.0, 1.0, 0.0, 1.0), (-1.0, 0.0, 0.0, -1.0, -1.0, -1.0, 1.0, 1.0, 0.0), (-1.0, 0.0, 0.0, -1.0, -1.0, -1.0, 1.0, 1.0, 1.0), (-1.0, 0.0, 0.0, -1.0, -1.0, 0.0, 0.0, 0.0, 0.0), (-1.0, 0.0, 0.0, -1.0, -1.0, 0.0, 0.0, 0.0, 1.0), (-1.0, 0.0, 0.0, -1.0, -1.0, 0.0, 0.0, 1.0, 0.0), (-1.0, 0.0, 0.0, -1.0, -1.0, 0.0, 0.0, 1.0, 1.0), (-1.0, 0.0, 0.0, -1.0, -1.0, 0.0, 1.0, 0.0, 0.0), (-1.0, 0.0, 0.0, -1.0, -1.0, 0.0, 1.0, 0.0, 1.0), (-1.0, 0.0, 0.0, -1.0, -1.0, 0.0, 1.0, 1.0, 0.0), (-1.0, 0.0, 0.0, -1.0, -1.0, 0.0, 1.0, 1.0, 1.0), (-1.0, 0.0, 0.0, -1.0, -1.0, 1.0, 0.0, 0.0, 0.0), (-1.0, 0.0, 0.0, -1.0, -1.0, 1.0, 0.0, 0.0, 1.0), (-1.0, 0.0, 0.0, -1.0, -1.0, 1.0, 0.0, 1.0, 0.0), (-1.0, 0.0, 0.0, -1.0, -1.0, 1.0, 0.0, 1.0, 1.0), (-1.0, 0.0, 0.0, -1.0, -1.0, 1.0, 1.0, 0.0, 0.0), (-1.0, 0.0, 0.0, -1.0, -1.0, 1.0, 1.0, 0.0, 1.0), (-1.0, 0.0, 0.0, -1.0, -1.0, 1.0, 1.0, 1.0, 0.0), (-1.0, 0.0, 0.0, -1.0, -1.0, 1.0, 1.0, 1.0, 1.0), (-1.0, 0.0, 0.0, -1.0, 0.0, -1.0, 0.0, 0.0, 0.0), (-1.0, 0.0, 0.0, -1.0, 0.0, -1.0, 0.0, 0.0, 1.0), (-1.0, 0.0, 0.0, -1.0, 0.0, -1.0, 0.0, 1.0, 0.0), (-1.0, 0.0, 0.0, -1.0, 0.0, -1.0, 0.0, 1.0, 1.0), (-1.0, 0.0, 0.0, -1.0, 0.0, -1.0, 1.0, 0.0, 0.0), (-1.0, 0.0, 0.0, -1.0, 0.0, -1.0, 1.0, 0.0, 1.0), (-1.0, 0.0, 0.0, -1.0, 0.0, -1.0, 1.0, 1.0, 0.0), (-1.0, 0.0, 0.0, -1.0, 0.0, -1.0, 1.0, 1.0, 1.0), (-1.0, 0.0, 0.0, -1.0, 0.0, 0.0, 0.0, 0.0, 0.0), (-1.0, 0.0, 0.0, -1.0, 0.0, 0.0, 0.0, 0.0, 1.0), (-1.0, 0.0, 0.0, -1.0, 0.0, 0.0, 0.0, 1.0, 0.0), (-1.0, 0.0, 0.0, -1.0, 0.0, 0.0, 0.0, 1.0, 1.0), (-1.0, 0.0, 0.0, -1.0, 0.0, 0.0, 1.0, 0.0, 0.0), (-1.0, 0.0, 0.0, -1.0, 0.0, 0.0, 1.0, 0.0, 1.0), (-1.0, 0.0, 0.0, -1.0, 0.0, 1.0, 0.0, 0.0, 0.0), (-1.0, 0.0, 0.0, -1.0, 0.0, 1.0, 0.0, 0.0, 1.0), (-1.0, 0.0, 0.0, -1.0, 0.0, 1.0, 0.0, 1.0, 0.0), (-1.0, 0.0, 0.0, -1.0, 0.0, 1.0, 0.0, 1.0, 1.0), (-1.0, 0.0, 0.0, -1.0, 0.0, 1.0, 1.0, 0.0, 0.0), (-1.0, 0.0, 0.0, -1.0, 0.0, 1.0, 1.0, 0.0, 1.0), (-1.0, 0.0, 0.0, -1.0, 0.0, 1.0, 1.0, 1.0, 0.0), (-1.0, 0.0, 0.0, -1.0, 1.0, -1.0, 0.0, 0.0, 0.0), (-1.0, 0.0, 0.0, -1.0, 1.0, -1.0, 0.0, 0.0, 1.0), (-1.0, 0.0, 0.0, -1.0, 1.0, -1.0, 0.0, 1.0, 0.0), (-1.0, 0.0, 0.0, -1.0, 1.0, -1.0, 0.0, 1.0, 1.0), (-1.0, 0.0, 0.0, -1.0, 1.0, -1.0, 1.0, 0.0, 0.0), (-1.0, 0.0, 0.0, -1.0, 1.0, -1.0, 1.0, 0.0, 1.0), (-1.0, 0.0, 0.0, -1.0, 1.0, -1.0, 1.0, 1.0, 1.0), (-1.0, 0.0, 0.0, -1.0, 1.0, 0.0, 0.0, 0.0, 0.0), (-1.0, 0.0, 0.0, -1.0, 1.0, 0.0, 0.0, 0.0, 1.0), (-1.0, 0.0, 0.0, -1.0, 1.0, 0.0, 0.0, 1.0, 0.0), (-1.0, 0.0, 0.0, -1.0, 1.0, 0.0, 0.0, 1.0, 1.0), (-1.0, 0.0, 0.0, -1.0, 1.0, 0.0, 1.0, 0.0, 0.0), (-1.0, 0.0, 0.0, -1.0, 1.0, 0.0, 1.0, 0.0, 1.0), (-1.0, 0.0, 0.0, -1.0, 1.0, 0.0, 1.0, 1.0, 0.0), (-1.0, 0.0, 0.0, -1.0, 1.0, 0.0, 1.0, 1.0, 1.0), (-1.0, 0.0, 0.0, -1.0, 1.0, 1.0, 0.0, 0.0, 0.0), (-1.0, 0.0, 0.0, -1.0, 1.0, 1.0, 0.0, 0.0, 1.0), (-1.0, 0.0, 0.0, -1.0, 1.0, 1.0, 0.0, 1.0, 0.0), (-1.0, 0.0, 0.0, -1.0, 1.0, 1.0, 0.0, 1.0, 1.0), (-1.0, 0.0, 0.0, -1.0, 1.0, 1.0, 1.0, 0.0, 0.0), (-1.0, 0.0, 0.0, -1.0, 1.0, 1.0, 1.0, 0.0, 1.0), (-1.0, 0.0, 0.0, -1.0, 1.0, 1.0, 1.0, 1.0, 0.0), (-1.0, 0.0, 0.0, -1.0, 1.0, 1.0, 1.0, 1.0, 1.0), (-1.0, 0.0, 0.0, 0.0, -1.0, -1.0, 0.0, 1.0, 0.0), (-1.0, 0.0, 0.0, 0.0, -1.0, -1.0, 1.0, 0.0, 0.0), (-1.0, 0.0, 0.0, 0.0, -1.0, -1.0, 1.0, 0.0, 1.0), (-1.0, 0.0, 0.0, 0.0, -1.0, -1.0, 1.0, 1.0, 0.0), (-1.0, 0.0, 0.0, 0.0, -1.0, -1.0, 1.0, 1.0, 1.0), (-1.0, 0.0, 0.0, 0.0, -1.0, 0.0, 0.0, 0.0, 0.0), (-1.0, 0.0, 0.0, 0.0, -1.0, 0.0, 0.0, 0.0, 1.0), (-1.0, 0.0, 0.0, 0.0, -1.0, 0.0, 0.0, 1.0, 0.0), (-1.0, 0.0, 0.0, 0.0, -1.0, 0.0, 0.0, 1.0, 1.0), (-1.0, 0.0, 0.0, 0.0, -1.0, 0.0, 1.0, 0.0, 0.0), (-1.0, 0.0, 0.0, 0.0, -1.0, 0.0, 1.0, 0.0, 1.0), (-1.0, 0.0, 0.0, 0.0, -1.0, 0.0, 1.0, 1.0, 0.0), (-1.0, 0.0, 0.0, 0.0, -1.0, 0.0, 1.0, 1.0, 1.0), (-1.0, 0.0, 0.0, 0.0, -1.0, 1.0, 0.0, 0.0, 0.0), (-1.0, 0.0, 0.0, 0.0, -1.0, 1.0, 0.0, 0.0, 1.0), (-1.0, 0.0, 0.0, 0.0, -1.0, 1.0, 0.0, 1.0, 0.0), (-1.0, 0.0, 0.0, 0.0, -1.0, 1.0, 0.0, 1.0, 1.0), (-1.0, 0.0, 0.0, 0.0, 0.0, -1.0, 0.0, 0.0, 0.0), (-1.0, 0.0, 0.0, 0.0, 0.0, -1.0, 0.0, 0.0, 1.0), (-1.0, 0.0, 0.0, 0.0, 0.0, -1.0, 0.0, 1.0, 0.0), (-1.0, 0.0, 0.0, 0.0, 0.0, -1.0, 0.0, 1.0, 1.0), (-1.0, 0.0, 0.0, 0.0, 0.0, -1.0, 1.0, 0.0, 0.0), (-1.0, 0.0, 0.0, 0.0, 0.0, -1.0, 1.0, 1.0, 0.0), (-1.0, 0.0, 0.0, 0.0, 0.0, -1.0, 1.0, 1.0, 1.0), (-1.0, 0.0, 0.0, 0.0, 0.0, 0.0, 0.0, 0.0, 0.0), (-1.0, 0.0, 0.0, 0.0, 0.0, 0.0, 0.0, 1.0, 0.0), (-1.0, 0.0, 0.0, 0.0, 0.0, 0.0, 0.0, 1.0, 1.0), (-1.0, 0.0, 0.0, 0.0, 1.0, -1.0, 0.0, 0.0, 0.0), (-1.0, 0.0, 0.0, 0.0, 1.0, -1.0, 0.0, 0.0, 1.0), (-1.0, 0.0, 0.0, 0.0, 1.0, -1.0, 0.0, 1.0, 0.0), (-1.0, 0.0, 0.0, 0.0, 1.0, -1.0, 1.0, 0.0, 0.0), (-1.0, 0.0, 0.0, 0.0, 1.0, -1.0, 1.0, 1.0, 0.0), (-1.0, 0.0, 0.0, 0.0, 1.0, -1.0, 1.0, 1.0, 1.0), (-1.0, 0.0, 0.0, 0.0, 1.0, 0.0, 0.0, 0.0, 1.0), (-1.0, 0.0, 0.0, 0.0, 1.0, 0.0, 1.0, 0.0, 0.0), (-1.0, 0.0, 0.0, 0.0, 1.0, 0.0, 1.0, 1.0, 1.0), (-1.0, 0.0, 0.0, 0.0, 1.0, 1.0, 0.0, 0.0, 1.0), (-1.0, 0.0, 0.0, 1.0, -1.0, -1.0, 0.0, 0.0, 0.0), (-1.0, 0.0, 0.0, 1.0, -1.0, -1.0, 0.0, 0.0, 1.0), (-1.0, 0.0, 0.0, 1.0, -1.0, -1.0, 0.0, 1.0, 0.0), (-1.0, 0.0, 0.0, 1.0, -1.0, -1.0, 0.0, 1.0, 1.0), (-1.0, 0.0, 0.0, 1.0, -1.0, -1.0, 1.0, 0.0, 0.0), (-1.0, 0.0, 0.0, 1.0, -1.0, -1.0, 1.0, 0.0, 1.0), (-1.0, 0.0, 0.0, 1.0, -1.0, -1.0, 1.0, 1.0, 1.0), (-1.0, 0.0, 0.0, 1.0, -1.0, 0.0, 0.0, 0.0, 0.0), (-1.0, 0.0, 0.0, 1.0, -1.0, 0.0, 0.0, 0.0, 1.0), (-1.0, 0.0, 0.0, 1.0, -1.0, 0.0, 0.0, 1.0, 0.0), (-1.0, 0.0, 0.0, 1.0, -1.0, 0.0, 0.0, 1.0, 1.0), (-1.0, 0.0, 0.0, 1.0, -1.0, 0.0, 1.0, 0.0, 0.0), (-1.0, 0.0, 0.0, 1.0, -1.0, 0.0, 1.0, 0.0, 1.0), (-1.0, 0.0, 0.0, 1.0, -1.0, 0.0, 1.0, 1.0, 0.0), (-1.0, 0.0, 0.0, 1.0, -1.0, 0.0, 1.0, 1.0, 1.0), (-1.0, 0.0, 0.0, 1.0, -1.0, 1.0, 0.0, 0.0, 0.0), (-1.0, 0.0, 0.0, 1.0, -1.0, 1.0, 0.0, 0.0, 1.0), (-1.0, 0.0, 0.0, 1.0, -1.0, 1.0, 0.0, 1.0, 0.0), (-1.0, 0.0, 0.0, 1.0, -1.0, 1.0, 0.0, 1.0, 1.0), (-1.0, 0.0, 0.0, 1.0, -1.0, 1.0, 1.0, 0.0, 0.0), (-1.0, 0.0, 0.0, 1.0, -1.0, 1.0, 1.0, 0.0, 1.0), (-1.0, 0.0, 0.0, 1.0, -1.0, 1.0, 1.0, 1.0, 0.0), (-1.0, 0.0, 0.0, 1.0, -1.0, 1.0, 1.0, 1.0, 1.0), (-1.0, 0.0, 0.0, 1.0, 0.0, -1.0, 0.0, 0.0, 0.0), (-1.0, 0.0, 0.0, 1.0, 0.0, -1.0, 0.0, 0.0, 1.0), (-1.0, 0.0, 0.0, 1.0, 0.0, -1.0, 0.0, 1.0, 0.0), (-1.0, 0.0, 0.0, 1.0, 0.0, -1.0, 0.0, 1.0, 1.0), (-1.0, 0.0, 0.0, 1.0, 0.0, -1.0, 1.0, 0.0, 0.0), (-1.0, 0.0, 0.0, 1.0, 0.0, -1.0, 1.0, 0.0, 1.0), (-1.0, 0.0, 0.0, 1.0, 0.0, -1.0, 1.0, 1.0, 0.0), (-1.0, 0.0, 0.0, 1.0, 0.0, -1.0, 1.0, 1.0, 1.0), (-1.0, 0.0, 0.0, 1.0, 0.0, 0.0, 0.0, 0.0, 0.0), (-1.0, 0.0, 0.0, 1.0, 0.0, 0.0, 0.0, 0.0, 1.0), (-1.0, 0.0, 0.0, 1.0, 0.0, 0.0, 0.0, 1.0, 1.0), (-1.0, 0.0, 0.0, 1.0, 0.0, 0.0, 1.0, 0.0, 0.0), (-1.0, 0.0, 0.0, 1.0, 0.0, 0.0, 1.0, 0.0, 1.0), (-1.0, 0.0, 0.0, 1.0, 0.0, 0.0, 1.0, 1.0, 0.0), (-1.0, 0.0, 0.0, 1.0, 0.0, 0.0, 1.0, 1.0, 1.0), (-1.0, 0.0, 0.0, 1.0, 0.0, 1.0, 0.0, 0.0, 0.0), (-1.0, 0.0, 0.0, 1.0, 0.0, 1.0, 0.0, 0.0, 1.0), (-1.0, 0.0, 0.0, 1.0, 0.0, 1.0, 0.0, 1.0, 0.0), (-1.0, 0.0, 0.0, 1.0, 0.0, 1.0, 0.0, 1.0, 1.0), (-1.0, 0.0, 0.0, 1.0, 0.0, 1.0, 1.0, 0.0, 0.0), (-1.0, 0.0, 0.0, 1.0, 0.0, 1.0, 1.0, 0.0, 1.0), (-1.0, 0.0, 0.0, 1.0, 0.0, 1.0, 1.0, 1.0, 0.0), (-1.0, 0.0, 0.0, 1.0, 0.0, 1.0, 1.0, 1.0, 1.0), (-1.0, 0.0, 0.0, 1.0, 1.0, -1.0, 0.0, 0.0, 0.0), (-1.0, 0.0, 0.0, 1.0, 1.0, -1.0, 0.0, 0.0, 1.0), (-1.0, 0.0, 0.0, 1.0, 1.0, -1.0, 0.0, 1.0, 0.0), (-1.0, 0.0, 0.0, 1.0, 1.0, -1.0, 0.0, 1.0, 1.0), (-1.0, 0.0, 0.0, 1.0, 1.0, -1.0, 1.0, 0.0, 0.0), (-1.0, 0.0, 0.0, 1.0, 1.0, -1.0, 1.0, 0.0, 1.0), (-1.0, 0.0, 0.0, 1.0, 1.0, -1.0, 1.0, 1.0, 0.0), (-1.0, 0.0, 0.0, 1.0, 1.0, 0.0, 0.0, 0.0, 0.0), (-1.0, 0.0, 0.0, 1.0, 1.0, 0.0, 0.0, 0.0, 1.0), (-1.0, 0.0, 0.0, 1.0, 1.0, 0.0, 0.0, 1.0, 0.0), (-1.0, 0.0, 0.0, 1.0, 1.0, 0.0, 0.0, 1.0, 1.0), (-1.0, 0.0, 0.0, 1.0, 1.0, 0.0, 1.0, 0.0, 0.0), (-1.0, 0.0, 0.0, 1.0, 1.0, 0.0, 1.0, 1.0, 0.0), (-1.0, 0.0, 0.0, 1.0, 1.0, 0.0, 1.0, 1.0, 1.0), (-1.0, 0.0, 0.0, 1.0, 1.0, 1.0, 0.0, 0.0, 0.0), (-1.0, 0.0, 0.0, 1.0, 1.0, 1.0, 0.0, 0.0, 1.0), (-1.0, 0.0, 0.0, 1.0, 1.0, 1.0, 0.0, 1.0, 0.0), (-1.0, 0.0, 0.0, 1.0, 1.0, 1.0, 0.0, 1.0, 1.0), (-1.0, 0.0, 0.0, 1.0, 1.0, 1.0, 1.0, 0.0, 0.0), (-1.0, 0.0, 0.0, 1.0, 1.0, 1.0, 1.0, 0.0, 1.0), (-1.0, 0.0, 0.0, 1.0, 1.0, 1.0, 1.0, 1.0, 0.0), (-1.0, 0.0, 0.0, 1.0, 1.0, 1.0, 1.0, 1.0, 1.0), (-1.0, 0.0, 1.0, -1.0, -1.0, -1.0, 0.0, 0.0, 1.0), (-1.0, 0.0, 1.0, -1.0, -1.0, -1.0, 1.0, 1.0, 1.0), (-1.0, 0.0, 1.0, -1.0, -1.0, 0.0, 0.0, 0.0, 0.0), (-1.0, 0.0, 1.0, -1.0, -1.0, 0.0, 0.0, 0.0, 1.0), (-1.0, 0.0, 1.0, -1.0, -1.0, 0.0, 0.0, 1.0, 0.0), (-1.0, 0.0, 1.0, -1.0, -1.0, 0.0, 0.0, 1.0, 1.0), (-1.0, 0.0, 1.0, -1.0, -1.0, 0.0, 1.0, 0.0, 1.0), (-1.0, 0.0, 1.0, -1.0, -1.0, 0.0, 1.0, 1.0, 0.0), (-1.0, 0.0, 1.0, -1.0, -1.0, 0.0, 1.0, 1.0, 1.0), (-1.0, 0.0, 1.0, -1.0, -1.0, 1.0, 0.0, 0.0, 0.0), (-1.0, 0.0, 1.0, -1.0, -1.0, 1.0, 0.0, 0.0, 1.0), (-1.0, 0.0, 1.0, -1.0, -1.0, 1.0, 0.0, 1.0, 0.0), (-1.0, 0.0, 1.0, -1.0, -1.0, 1.0, 0.0, 1.0, 1.0), (-1.0, 0.0, 1.0, -1.0, -1.0, 1.0, 1.0, 1.0, 0.0), (-1.0, 0.0, 1.0, -1.0, 0.0, -1.0, 0.0, 0.0, 0.0), (-1.0, 0.0, 1.0, -1.0, 0.0, -1.0, 0.0, 1.0, 0.0), (-1.0, 0.0, 1.0, -1.0, 0.0, -1.0, 0.0, 1.0, 1.0), (-1.0, 0.0, 1.0, -1.0, 0.0, -1.0, 1.0, 0.0, 1.0), (-1.0, 0.0, 1.0, -1.0, 0.0, -1.0, 1.0, 1.0, 0.0), (-1.0, 0.0, 1.0, -1.0, 0.0, -1.0, 1.0, 1.0, 1.0), (-1.0, 0.0, 1.0, -1.0, 0.0, 0.0, 0.0, 0.0, 0.0), (-1.0, 0.0, 1.0, -1.0, 0.0, 0.0, 0.0, 0.0, 1.0), (-1.0, 0.0, 1.0, -1.0, 0.0, 0.0, 0.0, 1.0, 0.0), (-1.0, 0.0, 1.0, -1.0, 0.0, 0.0, 0.0, 1.0, 1.0), (-1.0, 0.0, 1.0, -1.0, 0.0, 0.0, 1.0, 0.0, 0.0), (-1.0, 0.0, 1.0, -1.0, 0.0, 0.0, 1.0, 1.0, 0.0), (-1.0, 0.0, 1.0, -1.0, 0.0, 0.0, 1.0, 1.0, 1.0), (-1.0, 0.0, 1.0, -1.0, 0.0, 1.0, 0.0, 0.0, 0.0), (-1.0, 0.0, 1.0, -1.0, 0.0, 1.0, 0.0, 1.0, 0.0), (-1.0, 0.0, 1.0, -1.0, 0.0, 1.0, 1.0, 0.0, 0.0), (-1.0, 0.0, 1.0, -1.0, 0.0, 1.0, 1.0, 1.0, 0.0), (-1.0, 0.0, 1.0, -1.0, 1.0, -1.0, 0.0, 0.0, 1.0), (-1.0, 0.0, 1.0, -1.0, 1.0, -1.0, 0.0, 1.0, 1.0), (-1.0, 0.0, 1.0, -1.0, 1.0, -1.0, 1.0, 0.0, 0.0), (-1.0, 0.0, 1.0, -1.0, 1.0, -1.0, 1.0, 1.0, 0.0), (-1.0, 0.0, 1.0, -1.0, 1.0, -1.0, 1.0, 1.0, 1.0), (-1.0, 0.0, 1.0, -1.0, 1.0, 0.0, 0.0, 0.0, 0.0), (-1.0, 0.0, 1.0, -1.0, 1.0, 0.0, 0.0, 1.0, 0.0), (-1.0, 0.0, 1.0, -1.0, 1.0, 0.0, 1.0, 0.0, 0.0), (-1.0, 0.0, 1.0, -1.0, 1.0, 0.0, 1.0, 0.0, 1.0), (-1.0, 0.0, 1.0, -1.0, 1.0, 0.0, 1.0, 1.0, 0.0), (-1.0, 0.0, 1.0, -1.0, 1.0, 0.0, 1.0, 1.0, 1.0), (-1.0, 0.0, 1.0, -1.0, 1.0, 1.0, 0.0, 0.0, 0.0), (-1.0, 0.0, 1.0, -1.0, 1.0, 1.0, 0.0, 1.0, 0.0), (-1.0, 0.0, 1.0, -1.0, 1.0, 1.0, 0.0, 1.0, 1.0), (-1.0, 0.0, 1.0, -1.0, 1.0, 1.0, 1.0, 0.0, 0.0), (-1.0, 0.0, 1.0, -1.0, 1.0, 1.0, 1.0, 0.0, 1.0), (-1.0, 0.0, 1.0, -1.0, 1.0, 1.0, 1.0, 1.0, 0.0), (-1.0, 0.0, 1.0, 0.0, -1.0, -1.0, 0.0, 0.0, 0.0), (-1.0, 0.0, 1.0, 0.0, -1.0, -1.0, 0.0, 0.0, 1.0), (-1.0, 0.0, 1.0, 0.0, -1.0, -1.0, 0.0, 1.0, 0.0), (-1.0, 0.0, 1.0, 0.0, -1.0, -1.0, 0.0, 1.0, 1.0), (-1.0, 0.0, 1.0, 0.0, -1.0, -1.0, 1.0, 0.0, 0.0), (-1.0, 0.0, 1.0, 0.0, -1.0, -1.0, 1.0, 0.0, 1.0), (-1.0, 0.0, 1.0, 0.0, -1.0, -1.0, 1.0, 1.0, 0.0), (-1.0, 0.0, 1.0, 0.0, -1.0, -1.0, 1.0, 1.0, 1.0), (-1.0, 0.0, 1.0, 0.0, -1.0, 0.0, 0.0, 0.0, 0.0), (-1.0, 0.0, 1.0, 0.0, -1.0, 0.0, 0.0, 0.0, 1.0), (-1.0, 0.0, 1.0, 0.0, -1.0, 0.0, 0.0, 1.0, 0.0), (-1.0, 0.0, 1.0, 0.0, -1.0, 0.0, 0.0, 1.0, 1.0), (-1.0, 0.0, 1.0, 0.0, -1.0, 0.0, 1.0, 0.0, 0.0), (-1.0, 0.0, 1.0, 0.0, -1.0, 0.0, 1.0, 1.0, 0.0), (-1.0, 0.0, 1.0, 0.0, -1.0, 0.0, 1.0, 1.0, 1.0), (-1.0, 0.0, 1.0, 0.0, -1.0, 1.0, 0.0, 0.0, 0.0), (-1.0, 0.0, 1.0, 0.0, -1.0, 1.0, 0.0, 0.0, 1.0), (-1.0, 0.0, 1.0, 0.0, -1.0, 1.0, 0.0, 1.0, 0.0), (-1.0, 0.0, 1.0, 0.0, -1.0, 1.0, 0.0, 1.0, 1.0), (-1.0, 0.0, 1.0, 0.0, -1.0, 1.0, 1.0, 0.0, 0.0), (-1.0, 0.0, 1.0, 0.0, -1.0, 1.0, 1.0, 0.0, 1.0), (-1.0, 0.0, 1.0, 0.0, -1.0, 1.0, 1.0, 1.0, 0.0), (-1.0, 0.0, 1.0, 0.0, -1.0, 1.0, 1.0, 1.0, 1.0), (-1.0, 0.0, 1.0, 0.0, 0.0, -1.0, 0.0, 0.0, 0.0), (-1.0, 0.0, 1.0, 0.0, 0.0, -1.0, 0.0, 0.0, 1.0), (-1.0, 0.0, 1.0, 0.0, 0.0, -1.0, 0.0, 1.0, 0.0), (-1.0, 0.0, 1.0, 0.0, 0.0, -1.0, 0.0, 1.0, 1.0), (-1.0, 0.0, 1.0, 0.0, 0.0, -1.0, 1.0, 0.0, 1.0), (-1.0, 0.0, 1.0, 0.0, 0.0, -1.0, 1.0, 1.0, 0.0), (-1.0, 0.0, 1.0, 0.0, 0.0, -1.0, 1.0, 1.0, 1.0), (-1.0, 0.0, 1.0, 0.0, 0.0, 0.0, 0.0, 0.0, 0.0), (-1.0, 0.0, 1.0, 0.0, 0.0, 0.0, 0.0, 0.0, 1.0), (-1.0, 0.0, 1.0, 0.0, 0.0, 0.0, 0.0, 1.0, 0.0), (-1.0, 0.0, 1.0, 0.0, 0.0, 0.0, 0.0, 1.0, 1.0), (-1.0, 0.0, 1.0, 0.0, 0.0, 0.0, 1.0, 0.0, 0.0), (-1.0, 0.0, 1.0, 0.0, 0.0, 0.0, 1.0, 0.0, 1.0), (-1.0, 0.0, 1.0, 0.0, 0.0, 0.0, 1.0, 1.0, 0.0), (-1.0, 0.0, 1.0, 0.0, 0.0, 0.0, 1.0, 1.0, 1.0), (-1.0, 0.0, 1.0, 0.0, 0.0, 1.0, 0.0, 0.0, 0.0), (-1.0, 0.0, 1.0, 0.0, 0.0, 1.0, 0.0, 0.0, 1.0), (-1.0, 0.0, 1.0, 0.0, 0.0, 1.0, 0.0, 1.0, 0.0), (-1.0, 0.0, 1.0, 0.0, 0.0, 1.0, 0.0, 1.0, 1.0), (-1.0, 0.0, 1.0, 0.0, 0.0, 1.0, 1.0, 0.0, 0.0), (-1.0, 0.0, 1.0, 0.0, 0.0, 1.0, 1.0, 0.0, 1.0), (-1.0, 0.0, 1.0, 0.0, 0.0, 1.0, 1.0, 1.0, 0.0), (-1.0, 0.0, 1.0, 0.0, 0.0, 1.0, 1.0, 1.0, 1.0), (-1.0, 0.0, 1.0, 0.0, 1.0, -1.0, 0.0, 0.0, 0.0), (-1.0, 0.0, 1.0, 0.0, 1.0, -1.0, 0.0, 1.0, 0.0), (-1.0, 0.0, 1.0, 0.0, 1.0, -1.0, 0.0, 1.0, 1.0), (-1.0, 0.0, 1.0, 0.0, 1.0, -1.0, 1.0, 0.0, 0.0), (-1.0, 0.0, 1.0, 0.0, 1.0, -1.0, 1.0, 0.0, 1.0), (-1.0, 0.0, 1.0, 0.0, 1.0, -1.0, 1.0, 1.0, 0.0), (-1.0, 0.0, 1.0, 0.0, 1.0, -1.0, 1.0, 1.0, 1.0), (-1.0, 0.0, 1.0, 0.0, 1.0, 0.0, 0.0, 0.0, 0.0), (-1.0, 0.0, 1.0, 0.0, 1.0, 0.0, 0.0, 0.0, 1.0), (-1.0, 0.0, 1.0, 0.0, 1.0, 0.0, 0.0, 1.0, 0.0), (-1.0, 0.0, 1.0, 0.0, 1.0, 0.0, 0.0, 1.0, 1.0), (-1.0, 0.0, 1.0, 0.0, 1.0, 0.0, 1.0, 0.0, 0.0), (-1.0, 0.0, 1.0, 0.0, 1.0, 0.0, 1.0, 0.0, 1.0), (-1.0, 0.0, 1.0, 0.0, 1.0, 0.0, 1.0, 1.0, 0.0), (-1.0, 0.0, 1.0, 0.0, 1.0, 0.0, 1.0, 1.0, 1.0), (-1.0, 0.0, 1.0, 0.0, 1.0, 1.0, 0.0, 0.0, 0.0), (-1.0, 0.0, 1.0, 0.0, 1.0, 1.0, 0.0, 0.0, 1.0), (-1.0, 0.0, 1.0, 0.0, 1.0, 1.0, 0.0, 1.0, 0.0), (-1.0, 0.0, 1.0, 0.0, 1.0, 1.0, 0.0, 1.0, 1.0), (-1.0, 0.0, 1.0, 0.0, 1.0, 1.0, 1.0, 0.0, 0.0), (-1.0, 0.0, 1.0, 0.0, 1.0, 1.0, 1.0, 0.0, 1.0), (-1.0, 0.0, 1.0, 0.0, 1.0, 1.0, 1.0, 1.0, 0.0), (-1.0, 0.0, 1.0, 1.0, -1.0, -1.0, 0.0, 0.0, 0.0), (-1.0, 0.0, 1.0, 1.0, -1.0, -1.0, 0.0, 0.0, 1.0), (-1.0, 0.0, 1.0, 1.0, -1.0, -1.0, 0.0, 1.0, 0.0), (-1.0, 0.0, 1.0, 1.0, -1.0, -1.0, 0.0, 1.0, 1.0), (-1.0, 0.0, 1.0, 1.0, -1.0, -1.0, 1.0, 0.0, 0.0), (-1.0, 0.0, 1.0, 1.0, -1.0, -1.0, 1.0, 0.0, 1.0), (-1.0, 0.0, 1.0, 1.0, -1.0, -1.0, 1.0, 1.0, 0.0), (-1.0, 0.0, 1.0, 1.0, -1.0, -1.0, 1.0, 1.0, 1.0), (-1.0, 0.0, 1.0, 1.0, -1.0, 0.0, 0.0, 0.0, 0.0), (-1.0, 0.0, 1.0, 1.0, -1.0, 0.0, 0.0, 0.0, 1.0), (-1.0, 0.0, 1.0, 1.0, -1.0, 0.0, 0.0, 1.0, 0.0), (-1.0, 0.0, 1.0, 1.0, -1.0, 0.0, 0.0, 1.0, 1.0), (-1.0, 0.0, 1.0, 1.0, -1.0, 0.0, 1.0, 0.0, 0.0), (-1.0, 0.0, 1.0, 1.0, -1.0, 0.0, 1.0, 0.0, 1.0), (-1.0, 0.0, 1.0, 1.0, -1.0, 0.0, 1.0, 1.0, 0.0), (-1.0, 0.0, 1.0, 1.0, -1.0, 0.0, 1.0, 1.0, 1.0), (-1.0, 0.0, 1.0, 1.0, -1.0, 1.0, 0.0, 0.0, 0.0), (-1.0, 0.0, 1.0, 1.0, -1.0, 1.0, 0.0, 0.0, 1.0), (-1.0, 0.0, 1.0, 1.0, -1.0, 1.0, 0.0, 1.0, 0.0), (-1.0, 0.0, 1.0, 1.0, -1.0, 1.0, 0.0, 1.0, 1.0), (-1.0, 0.0, 1.0, 1.0, -1.0, 1.0, 1.0, 0.0, 0.0), (-1.0, 0.0, 1.0, 1.0, -1.0, 1.0, 1.0, 0.0, 1.0), (-1.0, 0.0, 1.0, 1.0, -1.0, 1.0, 1.0, 1.0, 0.0), (-1.0, 0.0, 1.0, 1.0, -1.0, 1.0, 1.0, 1.0, 1.0), (-1.0, 0.0, 1.0, 1.0, 0.0, -1.0, 0.0, 0.0, 0.0), (-1.0, 0.0, 1.0, 1.0, 0.0, -1.0, 0.0, 0.0, 1.0), (-1.0, 0.0, 1.0, 1.0, 0.0, -1.0, 0.0, 1.0, 0.0), (-1.0, 0.0, 1.0, 1.0, 0.0, -1.0, 0.0, 1.0, 1.0), (-1.0, 0.0, 1.0, 1.0, 0.0, -1.0, 1.0, 0.0, 0.0), (-1.0, 0.0, 1.0, 1.0, 0.0, -1.0, 1.0, 0.0, 1.0), (-1.0, 0.0, 1.0, 1.0, 0.0, -1.0, 1.0, 1.0, 0.0), (-1.0, 0.0, 1.0, 1.0, 0.0, 0.0, 0.0, 0.0, 0.0), (-1.0, 0.0, 1.0, 1.0, 0.0, 0.0, 0.0, 0.0, 1.0), (-1.0, 0.0, 1.0, 1.0, 0.0, 0.0, 0.0, 1.0, 0.0), (-1.0, 0.0, 1.0, 1.0, 0.0, 0.0, 0.0, 1.0, 1.0), (-1.0, 0.0, 1.0, 1.0, 0.0, 0.0, 1.0, 0.0, 0.0), (-1.0, 0.0, 1.0, 1.0, 0.0, 0.0, 1.0, 0.0, 1.0), (-1.0, 0.0, 1.0, 1.0, 0.0, 0.0, 1.0, 1.0, 0.0), (-1.0, 0.0, 1.0, 1.0, 0.0, 0.0, 1.0, 1.0, 1.0), (-1.0, 0.0, 1.0, 1.0, 0.0, 1.0, 0.0, 0.0, 0.0), (-1.0, 0.0, 1.0, 1.0, 0.0, 1.0, 0.0, 0.0, 1.0), (-1.0, 0.0, 1.0, 1.0, 0.0, 1.0, 0.0, 1.0, 0.0), (-1.0, 0.0, 1.0, 1.0, 0.0, 1.0, 0.0, 1.0, 1.0), (-1.0, 0.0, 1.0, 1.0, 0.0, 1.0, 1.0, 0.0, 0.0), (-1.0, 0.0, 1.0, 1.0, 0.0, 1.0, 1.0, 0.0, 1.0), (-1.0, 0.0, 1.0, 1.0, 0.0, 1.0, 1.0, 1.0, 1.0), (-1.0, 0.0, 1.0, 1.0, 1.0, -1.0, 0.0, 0.0, 0.0), (-1.0, 0.0, 1.0, 1.0, 1.0, -1.0, 0.0, 0.0, 1.0), (-1.0, 0.0, 1.0, 1.0, 1.0, -1.0, 0.0, 1.0, 0.0), (-1.0, 0.0, 1.0, 1.0, 1.0, -1.0, 0.0, 1.0, 1.0), (-1.0, 0.0, 1.0, 1.0, 1.0, -1.0, 1.0, 0.0, 0.0), (-1.0, 0.0, 1.0, 1.0, 1.0, -1.0, 1.0, 0.0, 1.0), (-1.0, 0.0, 1.0, 1.0, 1.0, -1.0, 1.0, 1.0, 0.0), (-1.0, 0.0, 1.0, 1.0, 1.0, -1.0, 1.0, 1.0, 1.0), (-1.0, 0.0, 1.0, 1.0, 1.0, 0.0, 0.0, 0.0, 0.0), (-1.0, 0.0, 1.0, 1.0, 1.0, 0.0, 0.0, 0.0, 1.0), (-1.0, 0.0, 1.0, 1.0, 1.0, 0.0, 0.0, 1.0, 0.0), (-1.0, 0.0, 1.0, 1.0, 1.0, 0.0, 0.0, 1.0, 1.0), (-1.0, 0.0, 1.0, 1.0, 1.0, 0.0, 1.0, 0.0, 0.0), (-1.0, 0.0, 1.0, 1.0, 1.0, 0.0, 1.0, 0.0, 1.0), (-1.0, 0.0, 1.0, 1.0, 1.0, 0.0, 1.0, 1.0, 0.0), (-1.0, 0.0, 1.0, 1.0, 1.0, 0.0, 1.0, 1.0, 1.0), (-1.0, 0.0, 1.0, 1.0, 1.0, 1.0, 0.0, 0.0, 0.0), (-1.0, 0.0, 1.0, 1.0, 1.0, 1.0, 0.0, 0.0, 1.0), (-1.0, 0.0, 1.0, 1.0, 1.0, 1.0, 0.0, 1.0, 0.0), (-1.0, 0.0, 1.0, 1.0, 1.0, 1.0, 0.0, 1.0, 1.0), (-1.0, 0.0, 1.0, 1.0, 1.0, 1.0, 1.0, 0.0, 0.0), (-1.0, 0.0, 1.0, 1.0, 1.0, 1.0, 1.0, 0.0, 1.0), (-1.0, 0.0, 1.0, 1.0, 1.0, 1.0, 1.0, 1.0, 0.0), (-1.0, 0.0, 1.0, 1.0, 1.0, 1.0, 1.0, 1.0, 1.0), (-1.0, 1.0, -1.0, -1.0, -1.0, -1.0, 0.0, 0.0, 0.0), (-1.0, 1.0, -1.0, -1.0, -1.0, -1.0, 0.0, 0.0, 1.0), (-1.0, 1.0, -1.0, -1.0, -1.0, -1.0, 0.0, 1.0, 0.0), (-1.0, 1.0, -1.0, -1.0, -1.0, -1.0, 0.0, 1.0, 1.0), (-1.0, 1.0, -1.0, -1.0, -1.0, -1.0, 1.0, 0.0, 0.0), (-1.0, 1.0, -1.0, -1.0, -1.0, -1.0, 1.0, 0.0, 1.0), (-1.0, 1.0, -1.0, -1.0, -1.0, -1.0, 1.0, 1.0, 0.0), (-1.0, 1.0, -1.0, -1.0, -1.0, -1.0, 1.0, 1.0, 1.0), (-1.0, 1.0, -1.0, -1.0, -1.0, 0.0, 0.0, 0.0, 0.0), (-1.0, 1.0, -1.0, -1.0, -1.0, 0.0, 0.0, 0.0, 1.0), (-1.0, 1.0, -1.0, -1.0, -1.0, 0.0, 0.0, 1.0, 0.0), (-1.0, 1.0, -1.0, -1.0, -1.0, 0.0, 0.0, 1.0, 1.0), (-1.0, 1.0, -1.0, -1.0, -1.0, 0.0, 1.0, 0.0, 0.0), (-1.0, 1.0, -1.0, -1.0, -1.0, 0.0, 1.0, 0.0, 1.0), (-1.0, 1.0, -1.0, -1.0, -1.0, 0.0, 1.0, 1.0, 0.0), (-1.0, 1.0, -1.0, -1.0, -1.0, 0.0, 1.0, 1.0, 1.0), (-1.0, 1.0, -1.0, -1.0, -1.0, 1.0, 0.0, 0.0, 0.0), (-1.0, 1.0, -1.0, -1.0, -1.0, 1.0, 0.0, 0.0, 1.0), (-1.0, 1.0, -1.0, -1.0, -1.0, 1.0, 0.0, 1.0, 0.0), (-1.0, 1.0, -1.0, -1.0, -1.0, 1.0, 0.0, 1.0, 1.0), (-1.0, 1.0, -1.0, -1.0, -1.0, 1.0, 1.0, 0.0, 0.0), (-1.0, 1.0, -1.0, -1.0, -1.0, 1.0, 1.0, 0.0, 1.0), (-1.0, 1.0, -1.0, -1.0, -1.0, 1.0, 1.0, 1.0, 0.0), (-1.0, 1.0, -1.0, -1.0, -1.0, 1.0, 1.0, 1.0, 1.0), (-1.0, 1.0, -1.0, -1.0, 0.0, -1.0, 0.0, 0.0, 0.0), (-1.0, 1.0, -1.0, -1.0, 0.0, -1.0, 0.0, 0.0, 1.0), (-1.0, 1.0, -1.0, -1.0, 0.0, -1.0, 0.0, 1.0, 0.0), (-1.0, 1.0, -1.0, -1.0, 0.0, -1.0, 0.0, 1.0, 1.0), (-1.0, 1.0, -1.0, -1.0, 0.0, -1.0, 1.0, 0.0, 1.0), (-1.0, 1.0, -1.0, -1.0, 0.0, -1.0, 1.0, 1.0, 1.0), (-1.0, 1.0, -1.0, -1.0, 0.0, 0.0, 0.0, 0.0, 0.0), (-1.0, 1.0, -1.0, -1.0, 0.0, 0.0, 0.0, 0.0, 1.0), (-1.0, 1.0, -1.0, -1.0, 0.0, 0.0, 0.0, 1.0, 0.0), (-1.0, 1.0, -1.0, -1.0, 0.0, 0.0, 0.0, 1.0, 1.0), (-1.0, 1.0, -1.0, -1.0, 0.0, 0.0, 1.0, 0.0, 0.0), (-1.0, 1.0, -1.0, -1.0, 0.0, 0.0, 1.0, 0.0, 1.0), (-1.0, 1.0, -1.0, -1.0, 0.0, 0.0, 1.0, 1.0, 0.0), (-1.0, 1.0, -1.0, -1.0, 0.0, 0.0, 1.0, 1.0, 1.0), (-1.0, 1.0, -1.0, -1.0, 0.0, 1.0, 0.0, 0.0, 0.0), (-1.0, 1.0, -1.0, -1.0, 0.0, 1.0, 0.0, 0.0, 1.0), (-1.0, 1.0, -1.0, -1.0, 0.0, 1.0, 0.0, 1.0, 0.0), (-1.0, 1.0, -1.0, -1.0, 0.0, 1.0, 0.0, 1.0, 1.0), (-1.0, 1.0, -1.0, -1.0, 0.0, 1.0, 1.0, 0.0, 0.0), (-1.0, 1.0, -1.0, -1.0, 0.0, 1.0, 1.0, 0.0, 1.0), (-1.0, 1.0, -1.0, -1.0, 0.0, 1.0, 1.0, 1.0, 0.0), (-1.0, 1.0, -1.0, -1.0, 0.0, 1.0, 1.0, 1.0, 1.0), (-1.0, 1.0, -1.0, -1.0, 1.0, -1.0, 1.0, 1.0, 0.0), (-1.0, 1.0, -1.0, -1.0, 1.0, -1.0, 1.0, 1.0, 1.0), (-1.0, 1.0, -1.0, -1.0, 1.0, 0.0, 0.0, 0.0, 0.0), (-1.0, 1.0, -1.0, -1.0, 1.0, 0.0, 0.0, 0.0, 1.0), (-1.0, 1.0, -1.0, -1.0, 1.0, 0.0, 0.0, 1.0, 0.0), (-1.0, 1.0, -1.0, -1.0, 1.0, 0.0, 0.0, 1.0, 1.0), (-1.0, 1.0, -1.0, -1.0, 1.0, 0.0, 1.0, 0.0, 1.0), (-1.0, 1.0, -1.0, -1.0, 1.0, 0.0, 1.0, 1.0, 0.0), (-1.0, 1.0, -1.0, -1.0, 1.0, 0.0, 1.0, 1.0, 1.0), (-1.0, 1.0, -1.0, -1.0, 1.0, 1.0, 0.0, 0.0, 0.0), (-1.0, 1.0, -1.0, -1.0, 1.0, 1.0, 0.0, 0.0, 1.0), (-1.0, 1.0, -1.0, -1.0, 1.0, 1.0, 0.0, 1.0, 0.0), (-1.0, 1.0, -1.0, -1.0, 1.0, 1.0, 0.0, 1.0, 1.0), (-1.0, 1.0, -1.0, -1.0, 1.0, 1.0, 1.0, 0.0, 0.0), (-1.0, 1.0, -1.0, -1.0, 1.0, 1.0, 1.0, 0.0, 1.0), (-1.0, 1.0, -1.0, -1.0, 1.0, 1.0, 1.0, 1.0, 0.0), (-1.0, 1.0, -1.0, -1.0, 1.0, 1.0, 1.0, 1.0, 1.0), (-1.0, 1.0, -1.0, 0.0, -1.0, -1.0, 0.0, 0.0, 0.0), (-1.0, 1.0, -1.0, 0.0, -1.0, -1.0, 0.0, 0.0, 1.0), (-1.0, 1.0, -1.0, 0.0, -1.0, -1.0, 0.0, 1.0, 0.0), (-1.0, 1.0, -1.0, 0.0, -1.0, -1.0, 0.0, 1.0, 1.0), (-1.0, 1.0, -1.0, 0.0, -1.0, -1.0, 1.0, 0.0, 0.0), (-1.0, 1.0, -1.0, 0.0, -1.0, -1.0, 1.0, 0.0, 1.0), (-1.0, 1.0, -1.0, 0.0, -1.0, -1.0, 1.0, 1.0, 0.0), (-1.0, 1.0, -1.0, 0.0, -1.0, -1.0, 1.0, 1.0, 1.0), (-1.0, 1.0, -1.0, 0.0, -1.0, 0.0, 0.0, 0.0, 0.0), (-1.0, 1.0, -1.0, 0.0, -1.0, 0.0, 0.0, 0.0, 1.0), (-1.0, 1.0, -1.0, 0.0, -1.0, 0.0, 0.0, 1.0, 0.0), (-1.0, 1.0, -1.0, 0.0, -1.0, 0.0, 0.0, 1.0, 1.0), (-1.0, 1.0, -1.0, 0.0, -1.0, 0.0, 1.0, 0.0, 0.0), (-1.0, 1.0, -1.0, 0.0, -1.0, 0.0, 1.0, 0.0, 1.0), (-1.0, 1.0, -1.0, 0.0, -1.0, 0.0, 1.0, 1.0, 0.0), (-1.0, 1.0, -1.0, 0.0, -1.0, 0.0, 1.0, 1.0, 1.0), (-1.0, 1.0, -1.0, 0.0, -1.0, 1.0, 0.0, 0.0, 0.0), (-1.0, 1.0, -1.0, 0.0, -1.0, 1.0, 0.0, 0.0, 1.0), (-1.0, 1.0, -1.0, 0.0, -1.0, 1.0, 0.0, 1.0, 0.0), (-1.0, 1.0, -1.0, 0.0, -1.0, 1.0, 0.0, 1.0, 1.0), (-1.0, 1.0, -1.0, 0.0, -1.0, 1.0, 1.0, 0.0, 0.0), (-1.0, 1.0, -1.0, 0.0, -1.0, 1.0, 1.0, 0.0, 1.0), (-1.0, 1.0, -1.0, 0.0, -1.0, 1.0, 1.0, 1.0, 0.0), (-1.0, 1.0, -1.0, 0.0, -1.0, 1.0, 1.0, 1.0, 1.0), (-1.0, 1.0, -1.0, 0.0, 0.0, -1.0, 0.0, 0.0, 0.0), (-1.0, 1.0, -1.0, 0.0, 0.0, -1.0, 0.0, 0.0, 1.0), (-1.0, 1.0, -1.0, 0.0, 0.0, -1.0, 0.0, 1.0, 0.0), (-1.0, 1.0, -1.0, 0.0, 0.0, -1.0, 0.0, 1.0, 1.0), (-1.0, 1.0, -1.0, 0.0, 0.0, -1.0, 1.0, 0.0, 0.0), (-1.0, 1.0, -1.0, 0.0, 0.0, 0.0, 0.0, 0.0, 0.0), (-1.0, 1.0, -1.0, 0.0, 0.0, 0.0, 0.0, 0.0, 1.0), (-1.0, 1.0, -1.0, 0.0, 0.0, 0.0, 0.0, 1.0, 0.0), (-1.0, 1.0, -1.0, 0.0, 0.0, 0.0, 0.0, 1.0, 1.0), (-1.0, 1.0, -1.0, 0.0, 0.0, 0.0, 1.0, 0.0, 0.0), (-1.0, 1.0, -1.0, 0.0, 0.0, 0.0, 1.0, 0.0, 1.0), (-1.0, 1.0, -1.0, 0.0, 0.0, 0.0, 1.0, 1.0, 0.0), (-1.0, 1.0, -1.0, 0.0, 0.0, 0.0, 1.0, 1.0, 1.0), (-1.0, 1.0, -1.0, 0.0, 0.0, 1.0, 0.0, 0.0, 0.0), (-1.0, 1.0, -1.0, 0.0, 0.0, 1.0, 0.0, 0.0, 1.0), (-1.0, 1.0, -1.0, 0.0, 0.0, 1.0, 0.0, 1.0, 0.0), (-1.0, 1.0, -1.0, 0.0, 0.0, 1.0, 0.0, 1.0, 1.0), (-1.0, 1.0, -1.0, 0.0, 0.0, 1.0, 1.0, 0.0, 0.0), (-1.0, 1.0, -1.0, 0.0, 0.0, 1.0, 1.0, 0.0, 1.0), (-1.0, 1.0, -1.0, 0.0, 0.0, 1.0, 1.0, 1.0, 0.0), (-1.0, 1.0, -1.0, 0.0, 0.0, 1.0, 1.0, 1.0, 1.0), (-1.0, 1.0, -1.0, 0.0, 1.0, -1.0, 1.0, 0.0, 0.0), (-1.0, 1.0, -1.0, 0.0, 1.0, -1.0, 1.0, 0.0, 1.0), (-1.0, 1.0, -1.0, 0.0, 1.0, -1.0, 1.0, 1.0, 0.0), (-1.0, 1.0, -1.0, 0.0, 1.0, -1.0, 1.0, 1.0, 1.0), (-1.0, 1.0, -1.0, 0.0, 1.0, 0.0, 0.0, 0.0, 0.0), (-1.0, 1.0, -1.0, 0.0, 1.0, 0.0, 0.0, 0.0, 1.0), (-1.0, 1.0, -1.0, 0.0, 1.0, 0.0, 0.0, 1.0, 0.0), (-1.0, 1.0, -1.0, 0.0, 1.0, 0.0, 0.0, 1.0, 1.0), (-1.0, 1.0, -1.0, 0.0, 1.0, 0.0, 1.0, 0.0, 0.0), (-1.0, 1.0, -1.0, 0.0, 1.0, 0.0, 1.0, 0.0, 1.0), (-1.0, 1.0, -1.0, 0.0, 1.0, 0.0, 1.0, 1.0, 0.0), (-1.0, 1.0, -1.0, 0.0, 1.0, 0.0, 1.0, 1.0, 1.0), (-1.0, 1.0, -1.0, 0.0, 1.0, 1.0, 0.0, 0.0, 0.0), (-1.0, 1.0, -1.0, 0.0, 1.0, 1.0, 0.0, 0.0, 1.0), (-1.0, 1.0, -1.0, 0.0, 1.0, 1.0, 0.0, 1.0, 0.0), (-1.0, 1.0, -1.0, 0.0, 1.0, 1.0, 0.0, 1.0, 1.0), (-1.0, 1.0, -1.0, 0.0, 1.0, 1.0, 1.0, 0.0, 0.0), (-1.0, 1.0, -1.0, 0.0, 1.0, 1.0, 1.0, 0.0, 1.0), (-1.0, 1.0, -1.0, 0.0, 1.0, 1.0, 1.0, 1.0, 0.0), (-1.0, 1.0, -1.0, 0.0, 1.0, 1.0, 1.0, 1.0, 1.0), (-1.0, 1.0, -1.0, 1.0, -1.0, -1.0, 0.0, 0.0, 0.0), (-1.0, 1.0, -1.0, 1.0, -1.0, -1.0, 0.0, 0.0, 1.0), (-1.0, 1.0, -1.0, 1.0, -1.0, -1.0, 0.0, 1.0, 0.0), (-1.0, 1.0, -1.0, 1.0, -1.0, -1.0, 0.0, 1.0, 1.0), (-1.0, 1.0, -1.0, 1.0, -1.0, -1.0, 1.0, 0.0, 0.0), (-1.0, 1.0, -1.0, 1.0, -1.0, -1.0, 1.0, 1.0, 0.0), (-1.0, 1.0, -1.0, 1.0, -1.0, 0.0, 0.0, 0.0, 0.0), (-1.0, 1.0, -1.0, 1.0, -1.0, 0.0, 0.0, 0.0, 1.0), (-1.0, 1.0, -1.0, 1.0, -1.0, 0.0, 0.0, 1.0, 0.0), (-1.0, 1.0, -1.0, 1.0, -1.0, 0.0, 0.0, 1.0, 1.0), (-1.0, 1.0, -1.0, 1.0, -1.0, 0.0, 1.0, 0.0, 0.0), (-1.0, 1.0, -1.0, 1.0, -1.0, 0.0, 1.0, 0.0, 1.0), (-1.0, 1.0, -1.0, 1.0, -1.0, 0.0, 1.0, 1.0, 0.0), (-1.0, 1.0, -1.0, 1.0, -1.0, 0.0, 1.0, 1.0, 1.0), (-1.0, 1.0, -1.0, 1.0, -1.0, 1.0, 0.0, 0.0, 0.0), (-1.0, 1.0, -1.0, 1.0, -1.0, 1.0, 0.0, 0.0, 1.0), (-1.0, 1.0, -1.0, 1.0, -1.0, 1.0, 0.0, 1.0, 0.0), (-1.0, 1.0, -1.0, 1.0, -1.0, 1.0, 0.0, 1.0, 1.0), (-1.0, 1.0, -1.0, 1.0, -1.0, 1.0, 1.0, 0.0, 0.0), (-1.0, 1.0, -1.0, 1.0, -1.0, 1.0, 1.0, 0.0, 1.0), (-1.0, 1.0, -1.0, 1.0, -1.0, 1.0, 1.0, 1.0, 0.0), (-1.0, 1.0, -1.0, 1.0, -1.0, 1.0, 1.0, 1.0, 1.0), (-1.0, 1.0, -1.0, 1.0, 0.0, -1.0, 0.0, 0.0, 0.0), (-1.0, 1.0, -1.0, 1.0, 0.0, -1.0, 0.0, 0.0, 1.0), (-1.0, 1.0, -1.0, 1.0, 0.0, -1.0, 0.0, 1.0, 0.0), (-1.0, 1.0, -1.0, 1.0, 0.0, -1.0, 0.0, 1.0, 1.0), (-1.0, 1.0, -1.0, 1.0, 0.0, -1.0, 1.0, 0.0, 0.0), (-1.0, 1.0, -1.0, 1.0, 0.0, -1.0, 1.0, 1.0, 0.0), (-1.0, 1.0, -1.0, 1.0, 0.0, 0.0, 0.0, 0.0, 0.0), (-1.0, 1.0, -1.0, 1.0, 0.0, 0.0, 0.0, 0.0, 1.0), (-1.0, 1.0, -1.0, 1.0, 0.0, 0.0, 0.0, 1.0, 0.0), (-1.0, 1.0, -1.0, 1.0, 0.0, 0.0, 0.0, 1.0, 1.0), (-1.0, 1.0, -1.0, 1.0, 0.0, 0.0, 1.0, 0.0, 0.0), (-1.0, 1.0, -1.0, 1.0, 0.0, 0.0, 1.0, 0.0, 1.0), (-1.0, 1.0, -1.0, 1.0, 0.0, 0.0, 1.0, 1.0, 0.0), (-1.0, 1.0, -1.0, 1.0, 0.0, 0.0, 1.0, 1.0, 1.0), (-1.0, 1.0, -1.0, 1.0, 0.0, 1.0, 0.0, 0.0, 0.0), (-1.0, 1.0, -1.0, 1.0, 0.0, 1.0, 0.0, 0.0, 1.0), (-1.0, 1.0, -1.0, 1.0, 0.0, 1.0, 0.0, 1.0, 0.0), (-1.0, 1.0, -1.0, 1.0, 0.0, 1.0, 0.0, 1.0, 1.0), (-1.0, 1.0, -1.0, 1.0, 0.0, 1.0, 1.0, 0.0, 0.0), (-1.0, 1.0, -1.0, 1.0, 0.0, 1.0, 1.0, 0.0, 1.0), (-1.0, 1.0, -1.0, 1.0, 0.0, 1.0, 1.0, 1.0, 0.0), (-1.0, 1.0, -1.0, 1.0, 1.0, -1.0, 0.0, 0.0, 1.0), (-1.0, 1.0, -1.0, 1.0, 1.0, -1.0, 0.0, 1.0, 1.0), (-1.0, 1.0, -1.0, 1.0, 1.0, -1.0, 1.0, 0.0, 0.0), (-1.0, 1.0, -1.0, 1.0, 1.0, -1.0, 1.0, 1.0, 0.0), (-1.0, 1.0, -1.0, 1.0, 1.0, -1.0, 1.0, 1.0, 1.0), (-1.0, 1.0, -1.0, 1.0, 1.0, 0.0, 0.0, 0.0, 0.0), (-1.0, 1.0, -1.0, 1.0, 1.0, 0.0, 0.0, 1.0, 0.0), (-1.0, 1.0, -1.0, 1.0, 1.0, 0.0, 0.0, 1.0, 1.0), (-1.0, 1.0, -1.0, 1.0, 1.0, 0.0, 1.0, 0.0, 0.0), (-1.0, 1.0, -1.0, 1.0, 1.0, 1.0, 0.0, 0.0, 0.0), (-1.0, 1.0, -1.0, 1.0, 1.0, 1.0, 0.0, 0.0, 1.0), (-1.0, 1.0, -1.0, 1.0, 1.0, 1.0, 0.0, 1.0, 0.0), (-1.0, 1.0, -1.0, 1.0, 1.0, 1.0, 0.0, 1.0, 1.0), (-1.0, 1.0, -1.0, 1.0, 1.0, 1.0, 1.0, 0.0, 0.0), (-1.0, 1.0, -1.0, 1.0, 1.0, 1.0, 1.0, 1.0, 0.0), (-1.0, 1.0, 0.0, -1.0, -1.0, -1.0, 0.0, 0.0, 0.0), (-1.0, 1.0, 0.0, -1.0, -1.0, -1.0, 0.0, 0.0, 1.0), (-1.0, 1.0, 0.0, -1.0, -1.0, -1.0, 0.0, 1.0, 0.0), (-1.0, 1.0, 0.0, -1.0, -1.0, -1.0, 0.0, 1.0, 1.0), (-1.0, 1.0, 0.0, -1.0, -1.0, -1.0, 1.0, 0.0, 0.0), (-1.0, 1.0, 0.0, -1.0, -1.0, -1.0, 1.0, 0.0, 1.0), (-1.0, 1.0, 0.0, -1.0, -1.0, -1.0, 1.0, 1.0, 0.0), (-1.0, 1.0, 0.0, -1.0, -1.0, -1.0, 1.0, 1.0, 1.0), (-1.0, 1.0, 0.0, -1.0, -1.0, 0.0, 0.0, 0.0, 0.0), (-1.0, 1.0, 0.0, -1.0, -1.0, 0.0, 0.0, 0.0, 1.0), (-1.0, 1.0, 0.0, -1.0, -1.0, 0.0, 0.0, 1.0, 0.0), (-1.0, 1.0, 0.0, -1.0, -1.0, 0.0, 0.0, 1.0, 1.0), (-1.0, 1.0, 0.0, -1.0, -1.0, 0.0, 1.0, 0.0, 0.0), (-1.0, 1.0, 0.0, -1.0, -1.0, 0.0, 1.0, 0.0, 1.0), (-1.0, 1.0, 0.0, -1.0, -1.0, 0.0, 1.0, 1.0, 0.0), (-1.0, 1.0, 0.0, -1.0, -1.0, 0.0, 1.0, 1.0, 1.0), (-1.0, 1.0, 0.0, -1.0, -1.0, 1.0, 0.0, 0.0, 0.0), (-1.0, 1.0, 0.0, -1.0, -1.0, 1.0, 0.0, 0.0, 1.0), (-1.0, 1.0, 0.0, -1.0, -1.0, 1.0, 0.0, 1.0, 0.0), (-1.0, 1.0, 0.0, -1.0, -1.0, 1.0, 0.0, 1.0, 1.0), (-1.0, 1.0, 0.0, -1.0, -1.0, 1.0, 1.0, 0.0, 0.0), (-1.0, 1.0, 0.0, -1.0, -1.0, 1.0, 1.0, 0.0, 1.0), (-1.0, 1.0, 0.0, -1.0, -1.0, 1.0, 1.0, 1.0, 0.0), (-1.0, 1.0, 0.0, -1.0, -1.0, 1.0, 1.0, 1.0, 1.0), (-1.0, 1.0, 0.0, -1.0, 0.0, -1.0, 0.0, 0.0, 0.0), (-1.0, 1.0, 0.0, -1.0, 0.0, -1.0, 0.0, 0.0, 1.0), (-1.0, 1.0, 0.0, -1.0, 0.0, -1.0, 0.0, 1.0, 0.0), (-1.0, 1.0, 0.0, -1.0, 0.0, -1.0, 0.0, 1.0, 1.0), (-1.0, 1.0, 0.0, -1.0, 0.0, -1.0, 1.0, 0.0, 0.0), (-1.0, 1.0, 0.0, -1.0, 0.0, -1.0, 1.0, 0.0, 1.0), (-1.0, 1.0, 0.0, -1.0, 0.0, -1.0, 1.0, 1.0, 0.0), (-1.0, 1.0, 0.0, -1.0, 0.0, 0.0, 0.0, 0.0, 0.0), (-1.0, 1.0, 0.0, -1.0, 0.0, 0.0, 0.0, 0.0, 1.0), (-1.0, 1.0, 0.0, -1.0, 0.0, 0.0, 0.0, 1.0, 0.0), (-1.0, 1.0, 0.0, -1.0, 0.0, 0.0, 0.0, 1.0, 1.0), (-1.0, 1.0, 0.0, -1.0, 0.0, 0.0, 1.0, 0.0, 0.0), (-1.0, 1.0, 0.0, -1.0, 0.0, 0.0, 1.0, 0.0, 1.0), (-1.0, 1.0, 0.0, -1.0, 0.0, 0.0, 1.0, 1.0, 0.0), (-1.0, 1.0, 0.0, -1.0, 0.0, 0.0, 1.0, 1.0, 1.0), (-1.0, 1.0, 0.0, -1.0, 0.0, 1.0, 0.0, 0.0, 0.0), (-1.0, 1.0, 0.0, -1.0, 0.0, 1.0, 0.0, 0.0, 1.0), (-1.0, 1.0, 0.0, -1.0, 0.0, 1.0, 0.0, 1.0, 0.0), (-1.0, 1.0, 0.0, -1.0, 0.0, 1.0, 0.0, 1.0, 1.0), (-1.0, 1.0, 0.0, -1.0, 0.0, 1.0, 1.0, 0.0, 0.0), (-1.0, 1.0, 0.0, -1.0, 0.0, 1.0, 1.0, 0.0, 1.0), (-1.0, 1.0, 0.0, -1.0, 0.0, 1.0, 1.0, 1.0, 0.0), (-1.0, 1.0, 0.0, -1.0, 0.0, 1.0, 1.0, 1.0, 1.0), (-1.0, 1.0, 0.0, -1.0, 1.0, -1.0, 0.0, 0.0, 0.0), (-1.0, 1.0, 0.0, -1.0, 1.0, -1.0, 0.0, 0.0, 1.0), (-1.0, 1.0, 0.0, -1.0, 1.0, -1.0, 0.0, 1.0, 0.0), (-1.0, 1.0, 0.0, -1.0, 1.0, -1.0, 0.0, 1.0, 1.0), (-1.0, 1.0, 0.0, -1.0, 1.0, -1.0, 1.0, 0.0, 0.0), (-1.0, 1.0, 0.0, -1.0, 1.0, -1.0, 1.0, 0.0, 1.0), (-1.0, 1.0, 0.0, -1.0, 1.0, -1.0, 1.0, 1.0, 0.0), (-1.0, 1.0, 0.0, -1.0, 1.0, -1.0, 1.0, 1.0, 1.0), (-1.0, 1.0, 0.0, -1.0, 1.0, 0.0, 0.0, 0.0, 0.0), (-1.0, 1.0, 0.0, -1.0, 1.0, 0.0, 0.0, 0.0, 1.0), (-1.0, 1.0, 0.0, -1.0, 1.0, 0.0, 0.0, 1.0, 0.0), (-1.0, 1.0, 0.0, -1.0, 1.0, 0.0, 0.0, 1.0, 1.0), (-1.0, 1.0, 0.0, -1.0, 1.0, 0.0, 1.0, 0.0, 0.0), (-1.0, 1.0, 0.0, -1.0, 1.0, 0.0, 1.0, 0.0, 1.0), (-1.0, 1.0, 0.0, -1.0, 1.0, 0.0, 1.0, 1.0, 0.0), (-1.0, 1.0, 0.0, -1.0, 1.0, 0.0, 1.0, 1.0, 1.0), (-1.0, 1.0, 0.0, -1.0, 1.0, 1.0, 0.0, 0.0, 0.0), (-1.0, 1.0, 0.0, -1.0, 1.0, 1.0, 0.0, 0.0, 1.0), (-1.0, 1.0, 0.0, -1.0, 1.0, 1.0, 0.0, 1.0, 0.0), (-1.0, 1.0, 0.0, -1.0, 1.0, 1.0, 0.0, 1.0, 1.0), (-1.0, 1.0, 0.0, -1.0, 1.0, 1.0, 1.0, 0.0, 0.0), (-1.0, 1.0, 0.0, -1.0, 1.0, 1.0, 1.0, 0.0, 1.0), (-1.0, 1.0, 0.0, -1.0, 1.0, 1.0, 1.0, 1.0, 0.0), (-1.0, 1.0, 0.0, -1.0, 1.0, 1.0, 1.0, 1.0, 1.0), (-1.0, 1.0, 0.0, 0.0, -1.0, -1.0, 0.0, 0.0, 0.0), (-1.0, 1.0, 0.0, 0.0, -1.0, -1.0, 0.0, 0.0, 1.0), (-1.0, 1.0, 0.0, 0.0, -1.0, -1.0, 0.0, 1.0, 0.0), (-1.0, 1.0, 0.0, 0.0, -1.0, -1.0, 0.0, 1.0, 1.0), (-1.0, 1.0, 0.0, 0.0, -1.0, -1.0, 1.0, 0.0, 0.0), (-1.0, 1.0, 0.0, 0.0, -1.0, -1.0, 1.0, 0.0, 1.0), (-1.0, 1.0, 0.0, 0.0, -1.0, -1.0, 1.0, 1.0, 0.0), (-1.0, 1.0, 0.0, 0.0, -1.0, 0.0, 0.0, 0.0, 0.0), (-1.0, 1.0, 0.0, 0.0, -1.0, 0.0, 0.0, 0.0, 1.0), (-1.0, 1.0, 0.0, 0.0, -1.0, 0.0, 0.0, 1.0, 0.0), (-1.0, 1.0, 0.0, 0.0, -1.0, 0.0, 0.0, 1.0, 1.0), (-1.0, 1.0, 0.0, 0.0, -1.0, 0.0, 1.0, 0.0, 0.0), (-1.0, 1.0, 0.0, 0.0, -1.0, 0.0, 1.0, 0.0, 1.0), (-1.0, 1.0, 0.0, 0.0, -1.0, 0.0, 1.0, 1.0, 0.0), (-1.0, 1.0, 0.0, 0.0, -1.0, 0.0, 1.0, 1.0, 1.0), (-1.0, 1.0, 0.0, 0.0, -1.0, 1.0, 0.0, 0.0, 0.0), (-1.0, 1.0, 0.0, 0.0, -1.0, 1.0, 0.0, 0.0, 1.0), (-1.0, 1.0, 0.0, 0.0, -1.0, 1.0, 0.0, 1.0, 0.0), (-1.0, 1.0, 0.0, 0.0, -1.0, 1.0, 0.0, 1.0, 1.0), (-1.0, 1.0, 0.0, 0.0, -1.0, 1.0, 1.0, 0.0, 1.0), (-1.0, 1.0, 0.0, 0.0, -1.0, 1.0, 1.0, 1.0, 0.0), (-1.0, 1.0, 0.0, 0.0, -1.0, 1.0, 1.0, 1.0, 1.0), (-1.0, 1.0, 0.0, 0.0, 0.0, -1.0, 0.0, 0.0, 0.0), (-1.0, 1.0, 0.0, 0.0, 0.0, -1.0, 0.0, 0.0, 1.0), (-1.0, 1.0, 0.0, 0.0, 0.0, -1.0, 0.0, 1.0, 0.0), (-1.0, 1.0, 0.0, 0.0, 0.0, -1.0, 0.0, 1.0, 1.0), (-1.0, 1.0, 0.0, 0.0, 0.0, -1.0, 1.0, 0.0, 1.0), (-1.0, 1.0, 0.0, 0.0, 0.0, -1.0, 1.0, 1.0, 0.0), (-1.0, 1.0, 0.0, 0.0, 0.0, 0.0, 0.0, 0.0, 0.0), (-1.0, 1.0, 0.0, 0.0, 0.0, 0.0, 0.0, 0.0, 1.0), (-1.0, 1.0, 0.0, 0.0, 0.0, 0.0, 0.0, 1.0, 0.0), (-1.0, 1.0, 0.0, 0.0, 0.0, 0.0, 0.0, 1.0, 1.0), (-1.0, 1.0, 0.0, 0.0, 0.0, 0.0, 1.0, 0.0, 0.0), (-1.0, 1.0, 0.0, 0.0, 0.0, 0.0, 1.0, 0.0, 1.0), (-1.0, 1.0, 0.0, 0.0, 0.0, 0.0, 1.0, 1.0, 0.0), (-1.0, 1.0, 0.0, 0.0, 0.0, 0.0, 1.0, 1.0, 1.0), (-1.0, 1.0, 0.0, 0.0, 0.0, 1.0, 0.0, 0.0, 0.0), (-1.0, 1.0, 0.0, 0.0, 0.0, 1.0, 0.0, 0.0, 1.0), (-1.0, 1.0, 0.0, 0.0, 0.0, 1.0, 0.0, 1.0, 0.0), (-1.0, 1.0, 0.0, 0.0, 0.0, 1.0, 0.0, 1.0, 1.0), (-1.0, 1.0, 0.0, 0.0, 0.0, 1.0, 1.0, 0.0, 1.0), (-1.0, 1.0, 0.0, 0.0, 0.0, 1.0, 1.0, 1.0, 1.0), (-1.0, 1.0, 0.0, 0.0, 1.0, -1.0, 0.0, 0.0, 0.0), (-1.0, 1.0, 0.0, 0.0, 1.0, -1.0, 0.0, 0.0, 1.0), (-1.0, 1.0, 0.0, 0.0, 1.0, -1.0, 0.0, 1.0, 0.0), (-1.0, 1.0, 0.0, 0.0, 1.0, -1.0, 0.0, 1.0, 1.0), (-1.0, 1.0, 0.0, 0.0, 1.0, -1.0, 1.0, 0.0, 0.0), (-1.0, 1.0, 0.0, 0.0, 1.0, -1.0, 1.0, 0.0, 1.0), (-1.0, 1.0, 0.0, 0.0, 1.0, -1.0, 1.0, 1.0, 0.0), (-1.0, 1.0, 0.0, 0.0, 1.0, -1.0, 1.0, 1.0, 1.0), (-1.0, 1.0, 0.0, 0.0, 1.0, 0.0, 0.0, 0.0, 0.0), (-1.0, 1.0, 0.0, 0.0, 1.0, 0.0, 0.0, 0.0, 1.0), (-1.0, 1.0, 0.0, 0.0, 1.0, 0.0, 0.0, 1.0, 0.0), (-1.0, 1.0, 0.0, 0.0, 1.0, 0.0, 0.0, 1.0, 1.0), (-1.0, 1.0, 0.0, 0.0, 1.0, 0.0, 1.0, 0.0, 0.0), (-1.0, 1.0, 0.0, 0.0, 1.0, 0.0, 1.0, 0.0, 1.0), (-1.0, 1.0, 0.0, 0.0, 1.0, 0.0, 1.0, 1.0, 0.0), (-1.0, 1.0, 0.0, 0.0, 1.0, 0.0, 1.0, 1.0, 1.0), (-1.0, 1.0, 0.0, 0.0, 1.0, 1.0, 0.0, 0.0, 0.0), (-1.0, 1.0, 0.0, 0.0, 1.0, 1.0, 0.0, 0.0, 1.0), (-1.0, 1.0, 0.0, 0.0, 1.0, 1.0, 0.0, 1.0, 0.0), (-1.0, 1.0, 0.0, 0.0, 1.0, 1.0, 0.0, 1.0, 1.0), (-1.0, 1.0, 0.0, 0.0, 1.0, 1.0, 1.0, 0.0, 0.0), (-1.0, 1.0, 0.0, 0.0, 1.0, 1.0, 1.0, 0.0, 1.0), (-1.0, 1.0, 0.0, 0.0, 1.0, 1.0, 1.0, 1.0, 0.0), (-1.0, 1.0, 0.0, 1.0, -1.0, -1.0, 0.0, 0.0, 0.0), (-1.0, 1.0, 0.0, 1.0, -1.0, -1.0, 0.0, 0.0, 1.0), (-1.0, 1.0, 0.0, 1.0, -1.0, -1.0, 0.0, 1.0, 0.0), (-1.0, 1.0, 0.0, 1.0, -1.0, -1.0, 0.0, 1.0, 1.0), (-1.0, 1.0, 0.0, 1.0, -1.0, -1.0, 1.0, 0.0, 0.0), (-1.0, 1.0, 0.0, 1.0, -1.0, -1.0, 1.0, 0.0, 1.0), (-1.0, 1.0, 0.0, 1.0, -1.0, -1.0, 1.0, 1.0, 0.0), (-1.0, 1.0, 0.0, 1.0, -1.0, -1.0, 1.0, 1.0, 1.0), (-1.0, 1.0, 0.0, 1.0, -1.0, 0.0, 0.0, 0.0, 0.0), (-1.0, 1.0, 0.0, 1.0, -1.0, 0.0, 0.0, 0.0, 1.0), (-1.0, 1.0, 0.0, 1.0, -1.0, 0.0, 0.0, 1.0, 0.0), (-1.0, 1.0, 0.0, 1.0, -1.0, 0.0, 0.0, 1.0, 1.0), (-1.0, 1.0, 0.0, 1.0, -1.0, 0.0, 1.0, 0.0, 0.0), (-1.0, 1.0, 0.0, 1.0, -1.0, 0.0, 1.0, 0.0, 1.0), (-1.0, 1.0, 0.0, 1.0, -1.0, 0.0, 1.0, 1.0, 0.0), (-1.0, 1.0, 0.0, 1.0, -1.0, 1.0, 0.0, 0.0, 0.0), (-1.0, 1.0, 0.0, 1.0, -1.0, 1.0, 0.0, 0.0, 1.0), (-1.0, 1.0, 0.0, 1.0, -1.0, 1.0, 0.0, 1.0, 0.0), (-1.0, 1.0, 0.0, 1.0, -1.0, 1.0, 0.0, 1.0, 1.0), (-1.0, 1.0, 0.0, 1.0, -1.0, 1.0, 1.0, 0.0, 0.0), (-1.0, 1.0, 0.0, 1.0, -1.0, 1.0, 1.0, 0.0, 1.0), (-1.0, 1.0, 0.0, 1.0, -1.0, 1.0, 1.0, 1.0, 1.0), (-1.0, 1.0, 0.0, 1.0, 0.0, -1.0, 0.0, 0.0, 0.0), (-1.0, 1.0, 0.0, 1.0, 0.0, -1.0, 0.0, 0.0, 1.0), (-1.0, 1.0, 0.0, 1.0, 0.0, -1.0, 0.0, 1.0, 0.0), (-1.0, 1.0, 0.0, 1.0, 0.0, -1.0, 0.0, 1.0, 1.0), (-1.0, 1.0, 0.0, 1.0, 0.0, 0.0, 0.0, 0.0, 0.0), (-1.0, 1.0, 0.0, 1.0, 0.0, 0.0, 0.0, 0.0, 1.0), (-1.0, 1.0, 0.0, 1.0, 0.0, 0.0, 0.0, 1.0, 0.0), (-1.0, 1.0, 0.0, 1.0, 0.0, 0.0, 0.0, 1.0, 1.0), (-1.0, 1.0, 0.0, 1.0, 0.0, 0.0, 1.0, 0.0, 0.0), (-1.0, 1.0, 0.0, 1.0, 0.0, 0.0, 1.0, 0.0, 1.0), (-1.0, 1.0, 0.0, 1.0, 0.0, 0.0, 1.0, 1.0, 0.0), (-1.0, 1.0, 0.0, 1.0, 0.0, 0.0, 1.0, 1.0, 1.0), (-1.0, 1.0, 0.0, 1.0, 0.0, 1.0, 0.0, 0.0, 0.0), (-1.0, 1.0, 0.0, 1.0, 0.0, 1.0, 0.0, 0.0, 1.0), (-1.0, 1.0, 0.0, 1.0, 0.0, 1.0, 0.0, 1.0, 0.0), (-1.0, 1.0, 0.0, 1.0, 1.0, -1.0, 0.0, 0.0, 0.0), (-1.0, 1.0, 0.0, 1.0, 1.0, -1.0, 0.0, 0.0, 1.0), (-1.0, 1.0, 0.0, 1.0, 1.0, -1.0, 0.0, 1.0, 0.0), (-1.0, 1.0, 0.0, 1.0, 1.0, -1.0, 0.0, 1.0, 1.0), (-1.0, 1.0, 0.0, 1.0, 1.0, -1.0, 1.0, 0.0, 0.0), (-1.0, 1.0, 0.0, 1.0, 1.0, 0.0, 0.0, 0.0, 0.0), (-1.0, 1.0, 0.0, 1.0, 1.0, 0.0, 0.0, 1.0, 0.0), (-1.0, 1.0, 0.0, 1.0, 1.0, 1.0, 0.0, 0.0, 0.0), (-1.0, 1.0, 0.0, 1.0, 1.0, 1.0, 0.0, 0.0, 1.0), (-1.0, 1.0, 1.0, -1.0, -1.0, -1.0, 0.0, 0.0, 0.0), (-1.0, 1.0, 1.0, -1.0, -1.0, -1.0, 0.0, 0.0, 1.0), (-1.0, 1.0, 1.0, -1.0, -1.0, -1.0, 0.0, 1.0, 0.0), (-1.0, 1.0, 1.0, -1.0, -1.0, -1.0, 0.0, 1.0, 1.0), (-1.0, 1.0, 1.0, -1.0, -1.0, -1.0, 1.0, 0.0, 1.0), (-1.0, 1.0, 1.0, -1.0, -1.0, -1.0, 1.0, 1.0, 1.0), (-1.0, 1.0, 1.0, -1.0, -1.0, 0.0, 0.0, 0.0, 0.0), (-1.0, 1.0, 1.0, -1.0, -1.0, 0.0, 0.0, 0.0, 1.0), (-1.0, 1.0, 1.0, -1.0, -1.0, 0.0, 0.0, 1.0, 0.0), (-1.0, 1.0, 1.0, -1.0, -1.0, 0.0, 0.0, 1.0, 1.0), (-1.0, 1.0, 1.0, -1.0, -1.0, 0.0, 1.0, 0.0, 0.0), (-1.0, 1.0, 1.0, -1.0, -1.0, 0.0, 1.0, 0.0, 1.0), (-1.0, 1.0, 1.0, -1.0, -1.0, 0.0, 1.0, 1.0, 0.0), (-1.0, 1.0, 1.0, -1.0, -1.0, 0.0, 1.0, 1.0, 1.0), (-1.0, 1.0, 1.0, -1.0, -1.0, 1.0, 0.0, 0.0, 0.0), (-1.0, 1.0, 1.0, -1.0, -1.0, 1.0, 0.0, 0.0, 1.0), (-1.0, 1.0, 1.0, -1.0, -1.0, 1.0, 0.0, 1.0, 0.0), (-1.0, 1.0, 1.0, -1.0, -1.0, 1.0, 0.0, 1.0, 1.0), (-1.0, 1.0, 1.0, -1.0, -1.0, 1.0, 1.0, 0.0, 0.0), (-1.0, 1.0, 1.0, -1.0, -1.0, 1.0, 1.0, 0.0, 1.0), (-1.0, 1.0, 1.0, -1.0, -1.0, 1.0, 1.0, 1.0, 0.0), (-1.0, 1.0, 1.0, -1.0, 0.0, -1.0, 0.0, 0.0, 0.0), (-1.0, 1.0, 1.0, -1.0, 0.0, -1.0, 0.0, 0.0, 1.0), (-1.0, 1.0, 1.0, -1.0, 0.0, -1.0, 0.0, 1.0, 0.0), (-1.0, 1.0, 1.0, -1.0, 0.0, -1.0, 0.0, 1.0, 1.0), (-1.0, 1.0, 1.0, -1.0, 0.0, -1.0, 1.0, 0.0, 1.0), (-1.0, 1.0, 1.0, -1.0, 0.0, -1.0, 1.0, 1.0, 1.0), (-1.0, 1.0, 1.0, -1.0, 0.0, 0.0, 0.0, 0.0, 0.0), (-1.0, 1.0, 1.0, -1.0, 0.0, 0.0, 0.0, 0.0, 1.0), (-1.0, 1.0, 1.0, -1.0, 0.0, 0.0, 0.0, 1.0, 0.0), (-1.0, 1.0, 1.0, -1.0, 0.0, 0.0, 0.0, 1.0, 1.0), (-1.0, 1.0, 1.0, -1.0, 0.0, 0.0, 1.0, 0.0, 0.0), (-1.0, 1.0, 1.0, -1.0, 0.0, 0.0, 1.0, 0.0, 1.0), (-1.0, 1.0, 1.0, -1.0, 0.0, 0.0, 1.0, 1.0, 0.0), (-1.0, 1.0, 1.0, -1.0, 0.0, 0.0, 1.0, 1.0, 1.0), (-1.0, 1.0, 1.0, -1.0, 0.0, 1.0, 0.0, 0.0, 0.0), (-1.0, 1.0, 1.0, -1.0, 0.0, 1.0, 0.0, 0.0, 1.0), (-1.0, 1.0, 1.0, -1.0, 0.0, 1.0, 0.0, 1.0, 0.0), (-1.0, 1.0, 1.0, -1.0, 0.0, 1.0, 0.0, 1.0, 1.0), (-1.0, 1.0, 1.0, -1.0, 0.0, 1.0, 1.0, 0.0, 0.0), (-1.0, 1.0, 1.0, -1.0, 0.0, 1.0, 1.0, 1.0, 0.0), (-1.0, 1.0, 1.0, -1.0, 0.0, 1.0, 1.0, 1.0, 1.0), (-1.0, 1.0, 1.0, -1.0, 1.0, -1.0, 0.0, 0.0, 0.0), (-1.0, 1.0, 1.0, -1.0, 1.0, -1.0, 0.0, 0.0, 1.0), (-1.0, 1.0, 1.0, -1.0, 1.0, -1.0, 0.0, 1.0, 0.0), (-1.0, 1.0, 1.0, -1.0, 1.0, -1.0, 0.0, 1.0, 1.0), (-1.0, 1.0, 1.0, -1.0, 1.0, -1.0, 1.0, 0.0, 0.0), (-1.0, 1.0, 1.0, -1.0, 1.0, -1.0, 1.0, 0.0, 1.0), (-1.0, 1.0, 1.0, -1.0, 1.0, -1.0, 1.0, 1.0, 0.0), (-1.0, 1.0, 1.0, -1.0, 1.0, -1.0, 1.0, 1.0, 1.0), (-1.0, 1.0, 1.0, -1.0, 1.0, 0.0, 0.0, 0.0, 0.0), (-1.0, 1.0, 1.0, -1.0, 1.0, 0.0, 0.0, 0.0, 1.0), (-1.0, 1.0, 1.0, -1.0, 1.0, 0.0, 0.0, 1.0, 0.0), (-1.0, 1.0, 1.0, -1.0, 1.0, 0.0, 0.0, 1.0, 1.0), (-1.0, 1.0, 1.0, -1.0, 1.0, 0.0, 1.0, 0.0, 0.0), (-1.0, 1.0, 1.0, -1.0, 1.0, 0.0, 1.0, 1.0, 0.0), (-1.0, 1.0, 1.0, -1.0, 1.0, 0.0, 1.0, 1.0, 1.0), (-1.0, 1.0, 1.0, -1.0, 1.0, 1.0, 0.0, 0.0, 0.0), (-1.0, 1.0, 1.0, -1.0, 1.0, 1.0, 0.0, 0.0, 1.0), (-1.0, 1.0, 1.0, -1.0, 1.0, 1.0, 0.0, 1.0, 0.0), (-1.0, 1.0, 1.0, -1.0, 1.0, 1.0, 0.0, 1.0, 1.0), (-1.0, 1.0, 1.0, -1.0, 1.0, 1.0, 1.0, 0.0, 0.0), (-1.0, 1.0, 1.0, -1.0, 1.0, 1.0, 1.0, 0.0, 1.0), (-1.0, 1.0, 1.0, -1.0, 1.0, 1.0, 1.0, 1.0, 0.0), (-1.0, 1.0, 1.0, -1.0, 1.0, 1.0, 1.0, 1.0, 1.0), (-1.0, 1.0, 1.0, 0.0, -1.0, -1.0, 0.0, 0.0, 0.0), (-1.0, 1.0, 1.0, 0.0, -1.0, -1.0, 0.0, 0.0, 1.0), (-1.0, 1.0, 1.0, 0.0, -1.0, -1.0, 0.0, 1.0, 0.0), (-1.0, 1.0, 1.0, 0.0, -1.0, -1.0, 0.0, 1.0, 1.0), (-1.0, 1.0, 1.0, 0.0, -1.0, -1.0, 1.0, 0.0, 0.0), (-1.0, 1.0, 1.0, 0.0, -1.0, -1.0, 1.0, 0.0, 1.0), (-1.0, 1.0, 1.0, 0.0, -1.0, -1.0, 1.0, 1.0, 0.0), (-1.0, 1.0, 1.0, 0.0, -1.0, -1.0, 1.0, 1.0, 1.0), (-1.0, 1.0, 1.0, 0.0, -1.0, 0.0, 0.0, 0.0, 0.0), (-1.0, 1.0, 1.0, 0.0, -1.0, 0.0, 0.0, 0.0, 1.0), (-1.0, 1.0, 1.0, 0.0, -1.0, 0.0, 0.0, 1.0, 0.0), (-1.0, 1.0, 1.0, 0.0, -1.0, 0.0, 0.0, 1.0, 1.0), (-1.0, 1.0, 1.0, 0.0, -1.0, 0.0, 1.0, 0.0, 0.0), (-1.0, 1.0, 1.0, 0.0, -1.0, 0.0, 1.0, 1.0, 0.0), (-1.0, 1.0, 1.0, 0.0, -1.0, 0.0, 1.0, 1.0, 1.0), (-1.0, 1.0, 1.0, 0.0, -1.0, 1.0, 0.0, 0.0, 0.0), (-1.0, 1.0, 1.0, 0.0, -1.0, 1.0, 0.0, 0.0, 1.0), (-1.0, 1.0, 1.0, 0.0, -1.0, 1.0, 0.0, 1.0, 0.0), (-1.0, 1.0, 1.0, 0.0, -1.0, 1.0, 0.0, 1.0, 1.0), (-1.0, 1.0, 1.0, 0.0, -1.0, 1.0, 1.0, 0.0, 0.0), (-1.0, 1.0, 1.0, 0.0, -1.0, 1.0, 1.0, 0.0, 1.0), (-1.0, 1.0, 1.0, 0.0, -1.0, 1.0, 1.0, 1.0, 0.0), (-1.0, 1.0, 1.0, 0.0, -1.0, 1.0, 1.0, 1.0, 1.0), (-1.0, 1.0, 1.0, 0.0, 0.0, -1.0, 0.0, 0.0, 0.0), (-1.0, 1.0, 1.0, 0.0, 0.0, -1.0, 0.0, 0.0, 1.0), (-1.0, 1.0, 1.0, 0.0, 0.0, -1.0, 0.0, 1.0, 1.0), (-1.0, 1.0, 1.0, 0.0, 0.0, -1.0, 1.0, 0.0, 0.0), (-1.0, 1.0, 1.0, 0.0, 0.0, -1.0, 1.0, 0.0, 1.0), (-1.0, 1.0, 1.0, 0.0, 0.0, -1.0, 1.0, 1.0, 0.0), (-1.0, 1.0, 1.0, 0.0, 0.0, -1.0, 1.0, 1.0, 1.0), (-1.0, 1.0, 1.0, 0.0, 0.0, 0.0, 0.0, 0.0, 0.0), (-1.0, 1.0, 1.0, 0.0, 0.0, 0.0, 0.0, 0.0, 1.0), (-1.0, 1.0, 1.0, 0.0, 0.0, 0.0, 0.0, 1.0, 0.0), (-1.0, 1.0, 1.0, 0.0, 0.0, 0.0, 0.0, 1.0, 1.0), (-1.0, 1.0, 1.0, 0.0, 0.0, 0.0, 1.0, 0.0, 0.0), (-1.0, 1.0, 1.0, 0.0, 0.0, 0.0, 1.0, 0.0, 1.0), (-1.0, 1.0, 1.0, 0.0, 0.0, 0.0, 1.0, 1.0, 0.0), (-1.0, 1.0, 1.0, 0.0, 0.0, 0.0, 1.0, 1.0, 1.0), (-1.0, 1.0, 1.0, 0.0, 0.0, 1.0, 0.0, 0.0, 0.0), (-1.0, 1.0, 1.0, 0.0, 0.0, 1.0, 0.0, 0.0, 1.0), (-1.0, 1.0, 1.0, 0.0, 0.0, 1.0, 0.0, 1.0, 0.0), (-1.0, 1.0, 1.0, 0.0, 0.0, 1.0, 0.0, 1.0, 1.0), (-1.0, 1.0, 1.0, 0.0, 0.0, 1.0, 1.0, 0.0, 0.0), (-1.0, 1.0, 1.0, 0.0, 0.0, 1.0, 1.0, 0.0, 1.0), (-1.0, 1.0, 1.0, 0.0, 0.0, 1.0, 1.0, 1.0, 0.0), (-1.0, 1.0, 1.0, 0.0, 0.0, 1.0, 1.0, 1.0, 1.0), (-1.0, 1.0, 1.0, 0.0, 1.0, -1.0, 0.0, 0.0, 0.0), (-1.0, 1.0, 1.0, 0.0, 1.0, -1.0, 0.0, 0.0, 1.0), (-1.0, 1.0, 1.0, 0.0, 1.0, -1.0, 0.0, 1.0, 0.0), (-1.0, 1.0, 1.0, 0.0, 1.0, -1.0, 0.0, 1.0, 1.0), (-1.0, 1.0, 1.0, 0.0, 1.0, -1.0, 1.0, 0.0, 0.0), (-1.0, 1.0, 1.0, 0.0, 1.0, -1.0, 1.0, 0.0, 1.0), (-1.0, 1.0, 1.0, 0.0, 1.0, -1.0, 1.0, 1.0, 0.0), (-1.0, 1.0, 1.0, 0.0, 1.0, -1.0, 1.0, 1.0, 1.0), (-1.0, 1.0, 1.0, 0.0, 1.0, 0.0, 0.0, 0.0, 0.0), (-1.0, 1.0, 1.0, 0.0, 1.0, 0.0, 0.0, 0.0, 1.0), (-1.0, 1.0, 1.0, 0.0, 1.0, 0.0, 0.0, 1.0, 0.0), (-1.0, 1.0, 1.0, 0.0, 1.0, 0.0, 0.0, 1.0, 1.0), (-1.0, 1.0, 1.0, 0.0, 1.0, 0.0, 1.0, 0.0, 0.0), (-1.0, 1.0, 1.0, 0.0, 1.0, 0.0, 1.0, 0.0, 1.0), (-1.0, 1.0, 1.0, 0.0, 1.0, 0.0, 1.0, 1.0, 0.0), (-1.0, 1.0, 1.0, 0.0, 1.0, 0.0, 1.0, 1.0, 1.0), (-1.0, 1.0, 1.0, 0.0, 1.0, 1.0, 0.0, 0.0, 0.0), (-1.0, 1.0, 1.0, 0.0, 1.0, 1.0, 0.0, 0.0, 1.0), (-1.0, 1.0, 1.0, 0.0, 1.0, 1.0, 0.0, 1.0, 1.0), (-1.0, 1.0, 1.0, 0.0, 1.0, 1.0, 1.0, 0.0, 0.0), (-1.0, 1.0, 1.0, 0.0, 1.0, 1.0, 1.0, 0.0, 1.0), (-1.0, 1.0, 1.0, 0.0, 1.0, 1.0, 1.0, 1.0, 0.0), (-1.0, 1.0, 1.0, 0.0, 1.0, 1.0, 1.0, 1.0, 1.0), (-1.0, 1.0, 1.0, 1.0, -1.0, -1.0, 0.0, 0.0, 0.0), (-1.0, 1.0, 1.0, 1.0, -1.0, -1.0, 0.0, 0.0, 1.0), (-1.0, 1.0, 1.0, 1.0, -1.0, -1.0, 0.0, 1.0, 0.0), (-1.0, 1.0, 1.0, 1.0, -1.0, -1.0, 0.0, 1.0, 1.0), (-1.0, 1.0, 1.0, 1.0, -1.0, -1.0, 1.0, 0.0, 0.0), (-1.0, 1.0, 1.0, 1.0, -1.0, -1.0, 1.0, 0.0, 1.0), (-1.0, 1.0, 1.0, 1.0, -1.0, -1.0, 1.0, 1.0, 0.0), (-1.0, 1.0, 1.0, 1.0, -1.0, -1.0, 1.0, 1.0, 1.0), (-1.0, 1.0, 1.0, 1.0, -1.0, 0.0, 0.0, 0.0, 0.0), (-1.0, 1.0, 1.0, 1.0, -1.0, 0.0, 0.0, 0.0, 1.0), (-1.0, 1.0, 1.0, 1.0, -1.0, 0.0, 0.0, 1.0, 0.0), (-1.0, 1.0, 1.0, 1.0, -1.0, 0.0, 0.0, 1.0, 1.0), (-1.0, 1.0, 1.0, 1.0, -1.0, 0.0, 1.0, 0.0, 0.0), (-1.0, 1.0, 1.0, 1.0, -1.0, 0.0, 1.0, 0.0, 1.0), (-1.0, 1.0, 1.0, 1.0, -1.0, 0.0, 1.0, 1.0, 0.0), (-1.0, 1.0, 1.0, 1.0, -1.0, 0.0, 1.0, 1.0, 1.0), (-1.0, 1.0, 1.0, 1.0, -1.0, 1.0, 0.0, 0.0, 0.0), (-1.0, 1.0, 1.0, 1.0, -1.0, 1.0, 0.0, 0.0, 1.0), (-1.0, 1.0, 1.0, 1.0, -1.0, 1.0, 0.0, 1.0, 0.0), (-1.0, 1.0, 1.0, 1.0, -1.0, 1.0, 0.0, 1.0, 1.0), (-1.0, 1.0, 1.0, 1.0, -1.0, 1.0, 1.0, 0.0, 0.0), (-1.0, 1.0, 1.0, 1.0, -1.0, 1.0, 1.0, 0.0, 1.0), (-1.0, 1.0, 1.0, 1.0, -1.0, 1.0, 1.0, 1.0, 0.0), (-1.0, 1.0, 1.0, 1.0, -1.0, 1.0, 1.0, 1.0, 1.0), (-1.0, 1.0, 1.0, 1.0, 0.0, -1.0, 0.0, 0.0, 0.0), (-1.0, 1.0, 1.0, 1.0, 0.0, -1.0, 0.0, 0.0, 1.0), (-1.0, 1.0, 1.0, 1.0, 0.0, -1.0, 0.0, 1.0, 0.0), (-1.0, 1.0, 1.0, 1.0, 0.0, -1.0, 0.0, 1.0, 1.0), (-1.0, 1.0, 1.0, 1.0, 0.0, -1.0, 1.0, 0.0, 0.0), (-1.0, 1.0, 1.0, 1.0, 0.0, -1.0, 1.0, 0.0, 1.0), (-1.0, 1.0, 1.0, 1.0, 0.0, -1.0, 1.0, 1.0, 0.0), (-1.0, 1.0, 1.0, 1.0, 0.0, -1.0, 1.0, 1.0, 1.0), (-1.0, 1.0, 1.0, 1.0, 0.0, 0.0, 0.0, 0.0, 0.0), (-1.0, 1.0, 1.0, 1.0, 0.0, 0.0, 0.0, 0.0, 1.0), (-1.0, 1.0, 1.0, 1.0, 0.0, 0.0, 0.0, 1.0, 0.0), (-1.0, 1.0, 1.0, 1.0, 0.0, 0.0, 0.0, 1.0, 1.0), (-1.0, 1.0, 1.0, 1.0, 0.0, 0.0, 1.0, 0.0, 0.0), (-1.0, 1.0, 1.0, 1.0, 0.0, 0.0, 1.0, 0.0, 1.0), (-1.0, 1.0, 1.0, 1.0, 0.0, 0.0, 1.0, 1.0, 0.0), (-1.0, 1.0, 1.0, 1.0, 0.0, 1.0, 0.0, 0.0, 0.0), (-1.0, 1.0, 1.0, 1.0, 0.0, 1.0, 0.0, 0.0, 1.0), (-1.0, 1.0, 1.0, 1.0, 0.0, 1.0, 0.0, 1.0, 0.0), (-1.0, 1.0, 1.0, 1.0, 0.0, 1.0, 0.0, 1.0, 1.0), (-1.0, 1.0, 1.0, 1.0, 0.0, 1.0, 1.0, 0.0, 0.0), (-1.0, 1.0, 1.0, 1.0, 0.0, 1.0, 1.0, 0.0, 1.0), (-1.0, 1.0, 1.0, 1.0, 0.0, 1.0, 1.0, 1.0, 0.0), (-1.0, 1.0, 1.0, 1.0, 0.0, 1.0, 1.0, 1.0, 1.0), (-1.0, 1.0, 1.0, 1.0, 1.0, -1.0, 0.0, 0.0, 0.0), (-1.0, 1.0, 1.0, 1.0, 1.0, -1.0, 0.0, 0.0, 1.0), (-1.0, 1.0, 1.0, 1.0, 1.0, -1.0, 0.0, 1.0, 0.0), (-1.0, 1.0, 1.0, 1.0, 1.0, -1.0, 0.0, 1.0, 1.0), (-1.0, 1.0, 1.0, 1.0, 1.0, -1.0, 1.0, 0.0, 0.0), (-1.0, 1.0, 1.0, 1.0, 1.0, -1.0, 1.0, 0.0, 1.0), (-1.0, 1.0, 1.0, 1.0, 1.0, -1.0, 1.0, 1.0, 0.0), (-1.0, 1.0, 1.0, 1.0, 1.0, -1.0, 1.0, 1.0, 1.0), (-1.0, 1.0, 1.0, 1.0, 1.0, 0.0, 0.0, 0.0, 0.0), (-1.0, 1.0, 1.0, 1.0, 1.0, 0.0, 0.0, 0.0, 1.0), (-1.0, 1.0, 1.0, 1.0, 1.0, 0.0, 0.0, 1.0, 0.0), (-1.0, 1.0, 1.0, 1.0, 1.0, 0.0, 1.0, 0.0, 0.0), (-1.0, 1.0, 1.0, 1.0, 1.0, 0.0, 1.0, 0.0, 1.0), (-1.0, 1.0, 1.0, 1.0, 1.0, 0.0, 1.0, 1.0, 0.0), (-1.0, 1.0, 1.0, 1.0, 1.0, 0.0, 1.0, 1.0, 1.0), (-1.0, 1.0, 1.0, 1.0, 1.0, 1.0, 0.0, 0.0, 0.0), (-1.0, 1.0, 1.0, 1.0, 1.0, 1.0, 0.0, 0.0, 1.0), (-1.0, 1.0, 1.0, 1.0, 1.0, 1.0, 0.0, 1.0, 0.0), (-1.0, 1.0, 1.0, 1.0, 1.0, 1.0, 0.0, 1.0, 1.0), (-1.0, 1.0, 1.0, 1.0, 1.0, 1.0, 1.0, 0.0, 0.0), (-1.0, 1.0, 1.0, 1.0, 1.0, 1.0, 1.0, 0.0, 1.0), (-1.0, 1.0, 1.0, 1.0, 1.0, 1.0, 1.0, 1.0, 0.0), (-1.0, 1.0, 1.0, 1.0, 1.0, 1.0, 1.0, 1.0, 1.0), (0.0, -1.0, -1.0, -1.0, -1.0, -1.0, 0.0, 0.0, 0.0), (0.0, -1.0, -1.0, -1.0, -1.0, -1.0, 0.0, 0.0, 1.0), (0.0, -1.0, -1.0, -1.0, -1.0, -1.0, 0.0, 1.0, 0.0), (0.0, -1.0, -1.0, -1.0, -1.0, -1.0, 0.0, 1.0, 1.0), (0.0, -1.0, -1.0, -1.0, -1.0, -1.0, 1.0, 0.0, 0.0), (0.0, -1.0, -1.0, -1.0, -1.0, -1.0, 1.0, 1.0, 0.0), (0.0, -1.0, -1.0, -1.0, -1.0, -1.0, 1.0, 1.0, 1.0), (0.0, -1.0, -1.0, -1.0, -1.0, 0.0, 0.0, 0.0, 0.0), (0.0, -1.0, -1.0, -1.0, -1.0, 0.0, 0.0, 0.0, 1.0), (0.0, -1.0, -1.0, -1.0, -1.0, 0.0, 0.0, 1.0, 0.0), (0.0, -1.0, -1.0, -1.0, -1.0, 0.0, 0.0, 1.0, 1.0), (0.0, -1.0, -1.0, -1.0, -1.0, 0.0, 1.0, 0.0, 1.0), (0.0, -1.0, -1.0, -1.0, -1.0, 0.0, 1.0, 1.0, 0.0), (0.0, -1.0, -1.0, -1.0, -1.0, 0.0, 1.0, 1.0, 1.0), (0.0, -1.0, -1.0, -1.0, -1.0, 1.0, 0.0, 0.0, 0.0), (0.0, -1.0, -1.0, -1.0, -1.0, 1.0, 0.0, 0.0, 1.0), (0.0, -1.0, -1.0, -1.0, -1.0, 1.0, 0.0, 1.0, 0.0), (0.0, -1.0, -1.0, -1.0, -1.0, 1.0, 0.0, 1.0, 1.0), (0.0, -1.0, -1.0, -1.0, -1.0, 1.0, 1.0, 0.0, 0.0), (0.0, -1.0, -1.0, -1.0, -1.0, 1.0, 1.0, 0.0, 1.0), (0.0, -1.0, -1.0, -1.0, -1.0, 1.0, 1.0, 1.0, 0.0), (0.0, -1.0, -1.0, -1.0, -1.0, 1.0, 1.0, 1.0, 1.0), (0.0, -1.0, -1.0, -1.0, 0.0, -1.0, 0.0, 0.0, 0.0), (0.0, -1.0, -1.0, -1.0, 0.0, -1.0, 0.0, 0.0, 1.0), (0.0, -1.0, -1.0, -1.0, 0.0, -1.0, 0.0, 1.0, 0.0), (0.0, -1.0, -1.0, -1.0, 0.0, -1.0, 0.0, 1.0, 1.0), (0.0, -1.0, -1.0, -1.0, 0.0, -1.0, 1.0, 0.0, 0.0), (0.0, -1.0, -1.0, -1.0, 0.0, -1.0, 1.0, 0.0, 1.0), (0.0, -1.0, -1.0, -1.0, 0.0, -1.0, 1.0, 1.0, 0.0), (0.0, -1.0, -1.0, -1.0, 0.0, -1.0, 1.0, 1.0, 1.0), (0.0, -1.0, -1.0, -1.0, 0.0, 0.0, 0.0, 0.0, 0.0), (0.0, -1.0, -1.0, -1.0, 0.0, 0.0, 0.0, 0.0, 1.0), (0.0, -1.0, -1.0, -1.0, 0.0, 0.0, 0.0, 1.0, 0.0), (0.0, -1.0, -1.0, -1.0, 0.0, 0.0, 0.0, 1.0, 1.0), (0.0, -1.0, -1.0, -1.0, 0.0, 0.0, 1.0, 0.0, 0.0), (0.0, -1.0, -1.0, -1.0, 0.0, 0.0, 1.0, 0.0, 1.0), (0.0, -1.0, -1.0, -1.0, 0.0, 0.0, 1.0, 1.0, 0.0), (0.0, -1.0, -1.0, -1.0, 0.0, 0.0, 1.0, 1.0, 1.0), (0.0, -1.0, -1.0, -1.0, 0.0, 1.0, 0.0, 0.0, 0.0), (0.0, -1.0, -1.0, -1.0, 0.0, 1.0, 0.0, 0.0, 1.0), (0.0, -1.0, -1.0, -1.0, 0.0, 1.0, 0.0, 1.0, 0.0), (0.0, -1.0, -1.0, -1.0, 0.0, 1.0, 0.0, 1.0, 1.0), (0.0, -1.0, -1.0, -1.0, 0.0, 1.0, 1.0, 0.0, 1.0), (0.0, -1.0, -1.0, -1.0, 0.0, 1.0, 1.0, 1.0, 0.0), (0.0, -1.0, -1.0, -1.0, 0.0, 1.0, 1.0, 1.0, 1.0), (0.0, -1.0, -1.0, -1.0, 1.0, -1.0, 0.0, 1.0, 1.0), (0.0, -1.0, -1.0, -1.0, 1.0, -1.0, 1.0, 0.0, 0.0), (0.0, -1.0, -1.0, -1.0, 1.0, -1.0, 1.0, 0.0, 1.0), (0.0, -1.0, -1.0, -1.0, 1.0, -1.0, 1.0, 1.0, 0.0), (0.0, -1.0, -1.0, -1.0, 1.0, -1.0, 1.0, 1.0, 1.0), (0.0, -1.0, -1.0, -1.0, 1.0, 0.0, 0.0, 0.0, 0.0), (0.0, -1.0, -1.0, -1.0, 1.0, 0.0, 0.0, 0.0, 1.0), (0.0, -1.0, -1.0, -1.0, 1.0, 0.0, 0.0, 1.0, 0.0), (0.0, -1.0, -1.0, -1.0, 1.0, 0.0, 0.0, 1.0, 1.0), (0.0, -1.0, -1.0, -1.0, 1.0, 0.0, 1.0, 0.0, 0.0), (0.0, -1.0, -1.0, -1.0, 1.0, 0.0, 1.0, 0.0, 1.0), (0.0, -1.0, -1.0, -1.0, 1.0, 0.0, 1.0, 1.0, 0.0), (0.0, -1.0, -1.0, -1.0, 1.0, 0.0, 1.0, 1.0, 1.0), (0.0, -1.0, -1.0, -1.0, 1.0, 1.0, 0.0, 0.0, 0.0), (0.0, -1.0, -1.0, -1.0, 1.0, 1.0, 0.0, 0.0, 1.0), (0.0, -1.0, -1.0, -1.0, 1.0, 1.0, 0.0, 1.0, 0.0), (0.0, -1.0, -1.0, -1.0, 1.0, 1.0, 0.0, 1.0, 1.0), (0.0, -1.0, -1.0, -1.0, 1.0, 1.0, 1.0, 0.0, 0.0), (0.0, -1.0, -1.0, -1.0, 1.0, 1.0, 1.0, 0.0, 1.0), (0.0, -1.0, -1.0, -1.0, 1.0, 1.0, 1.0, 1.0, 0.0), (0.0, -1.0, -1.0, -1.0, 1.0, 1.0, 1.0, 1.0, 1.0), (0.0, -1.0, -1.0, 0.0, -1.0, -1.0, 0.0, 0.0, 0.0), (0.0, -1.0, -1.0, 0.0, -1.0, -1.0, 0.0, 0.0, 1.0), (0.0, -1.0, -1.0, 0.0, -1.0, -1.0, 0.0, 1.0, 0.0), (0.0, -1.0, -1.0, 0.0, -1.0, -1.0, 0.0, 1.0, 1.0), (0.0, -1.0, -1.0, 0.0, -1.0, -1.0, 1.0, 0.0, 0.0), (0.0, -1.0, -1.0, 0.0, -1.0, -1.0, 1.0, 0.0, 1.0), (0.0, -1.0, -1.0, 0.0, -1.0, -1.0, 1.0, 1.0, 1.0), (0.0, -1.0, -1.0, 0.0, -1.0, 0.0, 0.0, 0.0, 0.0), (0.0, -1.0, -1.0, 0.0, -1.0, 0.0, 0.0, 0.0, 1.0), (0.0, -1.0, -1.0, 0.0, -1.0, 0.0, 0.0, 1.0, 0.0), (0.0, -1.0, -1.0, 0.0, -1.0, 0.0, 0.0, 1.0, 1.0), (0.0, -1.0, -1.0, 0.0, -1.0, 0.0, 1.0, 0.0, 0.0), (0.0, -1.0, -1.0, 0.0, -1.0, 0.0, 1.0, 0.0, 1.0), (0.0, -1.0, -1.0, 0.0, -1.0, 0.0, 1.0, 1.0, 0.0), (0.0, -1.0, -1.0, 0.0, -1.0, 0.0, 1.0, 1.0, 1.0), (0.0, -1.0, -1.0, 0.0, -1.0, 1.0, 0.0, 0.0, 0.0), (0.0, -1.0, -1.0, 0.0, -1.0, 1.0, 0.0, 0.0, 1.0), (0.0, -1.0, -1.0, 0.0, -1.0, 1.0, 0.0, 1.0, 0.0), (0.0, -1.0, -1.0, 0.0, -1.0, 1.0, 0.0, 1.0, 1.0), (0.0, -1.0, -1.0, 0.0, -1.0, 1.0, 1.0, 0.0, 0.0), (0.0, -1.0, -1.0, 0.0, -1.0, 1.0, 1.0, 0.0, 1.0), (0.0, -1.0, -1.0, 0.0, -1.0, 1.0, 1.0, 1.0, 0.0), (0.0, -1.0, -1.0, 0.0, -1.0, 1.0, 1.0, 1.0, 1.0), (0.0, -1.0, -1.0, 0.0, 0.0, -1.0, 0.0, 0.0, 0.0), (0.0, -1.0, -1.0, 0.0, 0.0, -1.0, 0.0, 0.0, 1.0), (0.0, -1.0, -1.0, 0.0, 0.0, -1.0, 0.0, 1.0, 0.0), (0.0, -1.0, -1.0, 0.0, 0.0, -1.0, 0.0, 1.0, 1.0), (0.0, -1.0, -1.0, 0.0, 0.0, -1.0, 1.0, 0.0, 0.0), (0.0, -1.0, -1.0, 0.0, 0.0, -1.0, 1.0, 0.0, 1.0), (0.0, -1.0, -1.0, 0.0, 0.0, -1.0, 1.0, 1.0, 0.0), (0.0, -1.0, -1.0, 0.0, 0.0, -1.0, 1.0, 1.0, 1.0), (0.0, -1.0, -1.0, 0.0, 0.0, 0.0, 0.0, 0.0, 0.0), (0.0, -1.0, -1.0, 0.0, 0.0, 0.0, 0.0, 0.0, 1.0), (0.0, -1.0, -1.0, 0.0, 0.0, 0.0, 0.0, 1.0, 0.0), (0.0, -1.0, -1.0, 0.0, 0.0, 0.0, 0.0, 1.0, 1.0), (0.0, -1.0, -1.0, 0.0, 0.0, 0.0, 1.0, 0.0, 0.0), (0.0, -1.0, -1.0, 0.0, 0.0, 0.0, 1.0, 0.0, 1.0), (0.0, -1.0, -1.0, 0.0, 0.0, 0.0, 1.0, 1.0, 0.0), (0.0, -1.0, -1.0, 0.0, 0.0, 0.0, 1.0, 1.0, 1.0), (0.0, -1.0, -1.0, 0.0, 0.0, 1.0, 0.0, 0.0, 0.0), (0.0, -1.0, -1.0, 0.0, 0.0, 1.0, 0.0, 0.0, 1.0), (0.0, -1.0, -1.0, 0.0, 0.0, 1.0, 0.0, 1.0, 0.0), (0.0, -1.0, -1.0, 0.0, 0.0, 1.0, 0.0, 1.0, 1.0), (0.0, -1.0, -1.0, 0.0, 0.0, 1.0, 1.0, 0.0, 0.0), (0.0, -1.0, -1.0, 0.0, 0.0, 1.0, 1.0, 0.0, 1.0), (0.0, -1.0, -1.0, 0.0, 0.0, 1.0, 1.0, 1.0, 0.0), (0.0, -1.0, -1.0, 0.0, 0.0, 1.0, 1.0, 1.0, 1.0), (0.0, -1.0, -1.0, 0.0, 1.0, -1.0, 1.0, 0.0, 0.0), (0.0, -1.0, -1.0, 0.0, 1.0, -1.0, 1.0, 0.0, 1.0), (0.0, -1.0, -1.0, 0.0, 1.0, -1.0, 1.0, 1.0, 0.0), (0.0, -1.0, -1.0, 0.0, 1.0, -1.0, 1.0, 1.0, 1.0), (0.0, -1.0, -1.0, 0.0, 1.0, 0.0, 0.0, 0.0, 0.0), (0.0, -1.0, -1.0, 0.0, 1.0, 0.0, 0.0, 0.0, 1.0), (0.0, -1.0, -1.0, 0.0, 1.0, 0.0, 0.0, 1.0, 0.0), (0.0, -1.0, -1.0, 0.0, 1.0, 0.0, 0.0, 1.0, 1.0), (0.0, -1.0, -1.0, 0.0, 1.0, 0.0, 1.0, 0.0, 0.0), (0.0, -1.0, -1.0, 0.0, 1.0, 0.0, 1.0, 0.0, 1.0), (0.0, -1.0, -1.0, 0.0, 1.0, 0.0, 1.0, 1.0, 0.0), (0.0, -1.0, -1.0, 0.0, 1.0, 0.0, 1.0, 1.0, 1.0), (0.0, -1.0, -1.0, 0.0, 1.0, 1.0, 0.0, 0.0, 0.0), (0.0, -1.0, -1.0, 0.0, 1.0, 1.0, 0.0, 0.0, 1.0), (0.0, -1.0, -1.0, 0.0, 1.0, 1.0, 0.0, 1.0, 0.0), (0.0, -1.0, -1.0, 0.0, 1.0, 1.0, 0.0, 1.0, 1.0), (0.0, -1.0, -1.0, 0.0, 1.0, 1.0, 1.0, 0.0, 0.0), (0.0, -1.0, -1.0, 0.0, 1.0, 1.0, 1.0, 0.0, 1.0), (0.0, -1.0, -1.0, 0.0, 1.0, 1.0, 1.0, 1.0, 0.0), (0.0, -1.0, -1.0, 0.0, 1.0, 1.0, 1.0, 1.0, 1.0), (0.0, -1.0, -1.0, 1.0, -1.0, -1.0, 0.0, 0.0, 0.0), (0.0, -1.0, -1.0, 1.0, -1.0, -1.0, 0.0, 0.0, 1.0), (0.0, -1.0, -1.0, 1.0, -1.0, -1.0, 0.0, 1.0, 0.0), (0.0, -1.0, -1.0, 1.0, -1.0, -1.0, 0.0, 1.0, 1.0), (0.0, -1.0, -1.0, 1.0, -1.0, -1.0, 1.0, 0.0, 0.0), (0.0, -1.0, -1.0, 1.0, -1.0, -1.0, 1.0, 0.0, 1.0), (0.0, -1.0, -1.0, 1.0, -1.0, -1.0, 1.0, 1.0, 0.0), (0.0, -1.0, -1.0, 1.0, -1.0, -1.0, 1.0, 1.0, 1.0), (0.0, -1.0, -1.0, 1.0, -1.0, 0.0, 0.0, 0.0, 0.0), (0.0, -1.0, -1.0, 1.0, -1.0, 0.0, 0.0, 0.0, 1.0), (0.0, -1.0, -1.0, 1.0, -1.0, 0.0, 0.0, 1.0, 0.0), (0.0, -1.0, -1.0, 1.0, -1.0, 0.0, 0.0, 1.0, 1.0), (0.0, -1.0, -1.0, 1.0, -1.0, 0.0, 1.0, 0.0, 0.0), (0.0, -1.0, -1.0, 1.0, -1.0, 0.0, 1.0, 0.0, 1.0), (0.0, -1.0, -1.0, 1.0, -1.0, 0.0, 1.0, 1.0, 0.0), (0.0, -1.0, -1.0, 1.0, -1.0, 0.0, 1.0, 1.0, 1.0), (0.0, -1.0, -1.0, 1.0, -1.0, 1.0, 0.0, 0.0, 0.0), (0.0, -1.0, -1.0, 1.0, -1.0, 1.0, 0.0, 0.0, 1.0), (0.0, -1.0, -1.0, 1.0, -1.0, 1.0, 0.0, 1.0, 0.0), (0.0, -1.0, -1.0, 1.0, -1.0, 1.0, 0.0, 1.0, 1.0), (0.0, -1.0, -1.0, 1.0, -1.0, 1.0, 1.0, 0.0, 0.0), (0.0, -1.0, -1.0, 1.0, -1.0, 1.0, 1.0, 0.0, 1.0), (0.0, -1.0, -1.0, 1.0, -1.0, 1.0, 1.0, 1.0, 0.0), (0.0, -1.0, -1.0, 1.0, -1.0, 1.0, 1.0, 1.0, 1.0), (0.0, -1.0, -1.0, 1.0, 0.0, -1.0, 0.0, 0.0, 0.0), (0.0, -1.0, -1.0, 1.0, 0.0, -1.0, 0.0, 0.0, 1.0), (0.0, -1.0, -1.0, 1.0, 0.0, -1.0, 0.0, 1.0, 0.0), (0.0, -1.0, -1.0, 1.0, 0.0, -1.0, 1.0, 0.0, 0.0), (0.0, -1.0, -1.0, 1.0, 0.0, -1.0, 1.0, 0.0, 1.0), (0.0, -1.0, -1.0, 1.0, 0.0, -1.0, 1.0, 1.0, 0.0), (0.0, -1.0, -1.0, 1.0, 0.0, -1.0, 1.0, 1.0, 1.0), (0.0, -1.0, -1.0, 1.0, 0.0, 0.0, 0.0, 0.0, 0.0), (0.0, -1.0, -1.0, 1.0, 0.0, 0.0, 0.0, 0.0, 1.0), (0.0, -1.0, -1.0, 1.0, 0.0, 0.0, 0.0, 1.0, 1.0), (0.0, -1.0, -1.0, 1.0, 0.0, 0.0, 1.0, 0.0, 0.0), (0.0, -1.0, -1.0, 1.0, 0.0, 0.0, 1.0, 0.0, 1.0), (0.0, -1.0, -1.0, 1.0, 0.0, 0.0, 1.0, 1.0, 0.0), (0.0, -1.0, -1.0, 1.0, 0.0, 0.0, 1.0, 1.0, 1.0), (0.0, -1.0, -1.0, 1.0, 0.0, 1.0, 0.0, 0.0, 0.0), (0.0, -1.0, -1.0, 1.0, 0.0, 1.0, 0.0, 0.0, 1.0), (0.0, -1.0, -1.0, 1.0, 0.0, 1.0, 0.0, 1.0, 0.0), (0.0, -1.0, -1.0, 1.0, 0.0, 1.0, 0.0, 1.0, 1.0), (0.0, -1.0, -1.0, 1.0, 0.0, 1.0, 1.0, 0.0, 0.0), (0.0, -1.0, -1.0, 1.0, 0.0, 1.0, 1.0, 1.0, 0.0), (0.0, -1.0, -1.0, 1.0, 0.0, 1.0, 1.0, 1.0, 1.0), (0.0, -1.0, -1.0, 1.0, 1.0, -1.0, 0.0, 0.0, 1.0), (0.0, -1.0, -1.0, 1.0, 1.0, -1.0, 0.0, 1.0, 1.0), (0.0, -1.0, -1.0, 1.0, 1.0, -1.0, 1.0, 0.0, 0.0), (0.0, -1.0, -1.0, 1.0, 1.0, -1.0, 1.0, 0.0, 1.0), (0.0, -1.0, -1.0, 1.0, 1.0, -1.0, 1.0, 1.0, 0.0), (0.0, -1.0, -1.0, 1.0, 1.0, -1.0, 1.0, 1.0, 1.0), (0.0, -1.0, -1.0, 1.0, 1.0, 0.0, 0.0, 0.0, 0.0), (0.0, -1.0, -1.0, 1.0, 1.0, 0.0, 0.0, 0.0, 1.0), (0.0, -1.0, -1.0, 1.0, 1.0, 0.0, 0.0, 1.0, 0.0), (0.0, -1.0, -1.0, 1.0, 1.0, 0.0, 0.0, 1.0, 1.0), (0.0, -1.0, -1.0, 1.0, 1.0, 0.0, 1.0, 0.0, 0.0), (0.0, -1.0, -1.0, 1.0, 1.0, 0.0, 1.0, 0.0, 1.0), (0.0, -1.0, -1.0, 1.0, 1.0, 0.0, 1.0, 1.0, 0.0), (0.0, -1.0, -1.0, 1.0, 1.0, 0.0, 1.0, 1.0, 1.0), (0.0, -1.0, -1.0, 1.0, 1.0, 1.0, 0.0, 0.0, 0.0), (0.0, -1.0, -1.0, 1.0, 1.0, 1.0, 0.0, 0.0, 1.0), (0.0, -1.0, -1.0, 1.0, 1.0, 1.0, 0.0, 1.0, 0.0), (0.0, -1.0, -1.0, 1.0, 1.0, 1.0, 0.0, 1.0, 1.0), (0.0, -1.0, -1.0, 1.0, 1.0, 1.0, 1.0, 0.0, 0.0), (0.0, -1.0, -1.0, 1.0, 1.0, 1.0, 1.0, 0.0, 1.0), (0.0, -1.0, -1.0, 1.0, 1.0, 1.0, 1.0, 1.0, 0.0), (0.0, -1.0, 0.0, -1.0, -1.0, -1.0, 0.0, 0.0, 0.0), (0.0, -1.0, 0.0, -1.0, -1.0, -1.0, 0.0, 0.0, 1.0), (0.0, -1.0, 0.0, -1.0, -1.0, -1.0, 0.0, 1.0, 0.0), (0.0, -1.0, 0.0, -1.0, -1.0, -1.0, 0.0, 1.0, 1.0), (0.0, -1.0, 0.0, -1.0, -1.0, -1.0, 1.0, 0.0, 0.0), (0.0, -1.0, 0.0, -1.0, -1.0, -1.0, 1.0, 0.0, 1.0), (0.0, -1.0, 0.0, -1.0, -1.0, -1.0, 1.0, 1.0, 0.0), (0.0, -1.0, 0.0, -1.0, -1.0, -1.0, 1.0, 1.0, 1.0), (0.0, -1.0, 0.0, -1.0, -1.0, 0.0, 0.0, 0.0, 0.0), (0.0, -1.0, 0.0, -1.0, -1.0, 0.0, 0.0, 0.0, 1.0), (0.0, -1.0, 0.0, -1.0, -1.0, 0.0, 0.0, 1.0, 0.0), (0.0, -1.0, 0.0, -1.0, -1.0, 0.0, 1.0, 0.0, 0.0), (0.0, -1.0, 0.0, -1.0, -1.0, 0.0, 1.0, 1.0, 0.0), (0.0, -1.0, 0.0, -1.0, -1.0, 0.0, 1.0, 1.0, 1.0), (0.0, -1.0, 0.0, -1.0, -1.0, 1.0, 0.0, 0.0, 0.0), (0.0, -1.0, 0.0, -1.0, -1.0, 1.0, 0.0, 0.0, 1.0), (0.0, -1.0, 0.0, -1.0, -1.0, 1.0, 0.0, 1.0, 0.0), (0.0, -1.0, 0.0, -1.0, -1.0, 1.0, 0.0, 1.0, 1.0), (0.0, -1.0, 0.0, -1.0, -1.0, 1.0, 1.0, 0.0, 0.0), (0.0, -1.0, 0.0, -1.0, -1.0, 1.0, 1.0, 0.0, 1.0), (0.0, -1.0, 0.0, -1.0, -1.0, 1.0, 1.0, 1.0, 0.0), (0.0, -1.0, 0.0, -1.0, -1.0, 1.0, 1.0, 1.0, 1.0), (0.0, -1.0, 0.0, -1.0, 0.0, -1.0, 0.0, 0.0, 0.0), (0.0, -1.0, 0.0, -1.0, 0.0, -1.0, 0.0, 0.0, 1.0), (0.0, -1.0, 0.0, -1.0, 0.0, -1.0, 0.0, 1.0, 0.0), (0.0, -1.0, 0.0, -1.0, 0.0, -1.0, 0.0, 1.0, 1.0), (0.0, -1.0, 0.0, -1.0, 0.0, -1.0, 1.0, 0.0, 0.0), (0.0, -1.0, 0.0, -1.0, 0.0, -1.0, 1.0, 0.0, 1.0), (0.0, -1.0, 0.0, -1.0, 0.0, -1.0, 1.0, 1.0, 0.0), (0.0, -1.0, 0.0, -1.0, 0.0, -1.0, 1.0, 1.0, 1.0), (0.0, -1.0, 0.0, -1.0, 0.0, 0.0, 0.0, 0.0, 0.0), (0.0, -1.0, 0.0, -1.0, 0.0, 0.0, 0.0, 0.0, 1.0), (0.0, -1.0, 0.0, -1.0, 0.0, 0.0, 0.0, 1.0, 0.0), (0.0, -1.0, 0.0, -1.0, 0.0, 0.0, 0.0, 1.0, 1.0), (0.0, -1.0, 0.0, -1.0, 0.0, 0.0, 1.0, 0.0, 0.0), (0.0, -1.0, 0.0, -1.0, 0.0, 0.0, 1.0, 0.0, 1.0), (0.0, -1.0, 0.0, -1.0, 0.0, 0.0, 1.0, 1.0, 0.0), (0.0, -1.0, 0.0, -1.0, 0.0, 0.0, 1.0, 1.0, 1.0), (0.0, -1.0, 0.0, -1.0, 0.0, 1.0, 0.0, 0.0, 0.0), (0.0, -1.0, 0.0, -1.0, 0.0, 1.0, 0.0, 0.0, 1.0), (0.0, -1.0, 0.0, -1.0, 0.0, 1.0, 0.0, 1.0, 0.0), (0.0, -1.0, 0.0, -1.0, 0.0, 1.0, 0.0, 1.0, 1.0), (0.0, -1.0, 0.0, -1.0, 0.0, 1.0, 1.0, 0.0, 0.0), (0.0, -1.0, 0.0, -1.0, 0.0, 1.0, 1.0, 1.0, 0.0), (0.0, -1.0, 0.0, -1.0, 0.0, 1.0, 1.0, 1.0, 1.0), (0.0, -1.0, 0.0, -1.0, 1.0, -1.0, 0.0, 0.0, 0.0), (0.0, -1.0, 0.0, -1.0, 1.0, -1.0, 0.0, 0.0, 1.0), (0.0, -1.0, 0.0, -1.0, 1.0, -1.0, 0.0, 1.0, 0.0), (0.0, -1.0, 0.0, -1.0, 1.0, -1.0, 0.0, 1.0, 1.0), (0.0, -1.0, 0.0, -1.0, 1.0, -1.0, 1.0, 0.0, 0.0), (0.0, -1.0, 0.0, -1.0, 1.0, -1.0, 1.0, 0.0, 1.0), (0.0, -1.0, 0.0, -1.0, 1.0, -1.0, 1.0, 1.0, 0.0), (0.0, -1.0, 0.0, -1.0, 1.0, -1.0, 1.0, 1.0, 1.0), (0.0, -1.0, 0.0, -1.0, 1.0, 0.0, 0.0, 0.0, 0.0), (0.0, -1.0, 0.0, -1.0, 1.0, 0.0, 0.0, 0.0, 1.0), (0.0, -1.0, 0.0, -1.0, 1.0, 0.0, 0.0, 1.0, 0.0), (0.0, -1.0, 0.0, -1.0, 1.0, 0.0, 0.0, 1.0, 1.0), (0.0, -1.0, 0.0, -1.0, 1.0, 0.0, 1.0, 0.0, 0.0), (0.0, -1.0, 0.0, -1.0, 1.0, 0.0, 1.0, 0.0, 1.0), (0.0, -1.0, 0.0, -1.0, 1.0, 0.0, 1.0, 1.0, 0.0), (0.0, -1.0, 0.0, -1.0, 1.0, 0.0, 1.0, 1.0, 1.0), (0.0, -1.0, 0.0, -1.0, 1.0, 1.0, 0.0, 0.0, 0.0), (0.0, -1.0, 0.0, -1.0, 1.0, 1.0, 0.0, 0.0, 1.0), (0.0, -1.0, 0.0, -1.0, 1.0, 1.0, 0.0, 1.0, 0.0), (0.0, -1.0, 0.0, -1.0, 1.0, 1.0, 0.0, 1.0, 1.0), (0.0, -1.0, 0.0, -1.0, 1.0, 1.0, 1.0, 1.0, 0.0), (0.0, -1.0, 0.0, -1.0, 1.0, 1.0, 1.0, 1.0, 1.0), (0.0, -1.0, 0.0, 0.0, -1.0, -1.0, 0.0, 0.0, 0.0), (0.0, -1.0, 0.0, 0.0, -1.0, -1.0, 0.0, 0.0, 1.0), (0.0, -1.0, 0.0, 0.0, -1.0, -1.0, 0.0, 1.0, 0.0), (0.0, -1.0, 0.0, 0.0, -1.0, -1.0, 0.0, 1.0, 1.0), (0.0, -1.0, 0.0, 0.0, -1.0, -1.0, 1.0, 0.0, 0.0), (0.0, -1.0, 0.0, 0.0, -1.0, -1.0, 1.0, 0.0, 1.0), (0.0, -1.0, 0.0, 0.0, -1.0, -1.0, 1.0, 1.0, 0.0), (0.0, -1.0, 0.0, 0.0, -1.0, -1.0, 1.0, 1.0, 1.0), (0.0, -1.0, 0.0, 0.0, -1.0, 0.0, 0.0, 0.0, 0.0), (0.0, -1.0, 0.0, 0.0, -1.0, 0.0, 0.0, 0.0, 1.0), (0.0, -1.0, 0.0, 0.0, -1.0, 0.0, 0.0, 1.0, 0.0), (0.0, -1.0, 0.0, 0.0, -1.0, 0.0, 0.0, 1.0, 1.0), (0.0, -1.0, 0.0, 0.0, -1.0, 0.0, 1.0, 0.0, 1.0), (0.0, -1.0, 0.0, 0.0, -1.0, 0.0, 1.0, 1.0, 0.0), (0.0, -1.0, 0.0, 0.0, -1.0, 0.0, 1.0, 1.0, 1.0), (0.0, -1.0, 0.0, 0.0, -1.0, 1.0, 0.0, 0.0, 0.0), (0.0, -1.0, 0.0, 0.0, -1.0, 1.0, 0.0, 0.0, 1.0), (0.0, -1.0, 0.0, 0.0, -1.0, 1.0, 0.0, 1.0, 0.0), (0.0, -1.0, 0.0, 0.0, -1.0, 1.0, 0.0, 1.0, 1.0), (0.0, -1.0, 0.0, 0.0, -1.0, 1.0, 1.0, 0.0, 0.0), (0.0, -1.0, 0.0, 0.0, -1.0, 1.0, 1.0, 0.0, 1.0), (0.0, -1.0, 0.0, 0.0, -1.0, 1.0, 1.0, 1.0, 0.0), (0.0, -1.0, 0.0, 0.0, -1.0, 1.0, 1.0, 1.0, 1.0), (0.0, -1.0, 0.0, 0.0, 0.0, -1.0, 0.0, 0.0, 0.0), (0.0, -1.0, 0.0, 0.0, 0.0, -1.0, 0.0, 0.0, 1.0), (0.0, -1.0, 0.0, 0.0, 0.0, -1.0, 0.0, 1.0, 0.0), (0.0, -1.0, 0.0, 0.0, 0.0, -1.0, 0.0, 1.0, 1.0), (0.0, -1.0, 0.0, 0.0, 0.0, -1.0, 1.0, 0.0, 0.0), (0.0, -1.0, 0.0, 0.0, 0.0, -1.0, 1.0, 0.0, 1.0), (0.0, -1.0, 0.0, 0.0, 0.0, -1.0, 1.0, 1.0, 0.0), (0.0, -1.0, 0.0, 0.0, 0.0, -1.0, 1.0, 1.0, 1.0), (0.0, -1.0, 0.0, 0.0, 0.0, 0.0, 0.0, 0.0, 0.0), (0.0, -1.0, 0.0, 0.0, 0.0, 0.0, 0.0, 0.0, 1.0), (0.0, -1.0, 0.0, 0.0, 0.0, 0.0, 0.0, 1.0, 0.0), (0.0, -1.0, 0.0, 0.0, 0.0, 0.0, 0.0, 1.0, 1.0), (0.0, -1.0, 0.0, 0.0, 0.0, 0.0, 1.0, 0.0, 0.0), (0.0, -1.0, 0.0, 0.0, 0.0, 0.0, 1.0, 0.0, 1.0), (0.0, -1.0, 0.0, 0.0, 0.0, 0.0, 1.0, 1.0, 0.0), (0.0, -1.0, 0.0, 0.0, 0.0, 0.0, 1.0, 1.0, 1.0), (0.0, -1.0, 0.0, 0.0, 0.0, 1.0, 0.0, 0.0, 0.0), (0.0, -1.0, 0.0, 0.0, 0.0, 1.0, 0.0, 0.0, 1.0), (0.0, -1.0, 0.0, 0.0, 0.0, 1.0, 0.0, 1.0, 0.0), (0.0, -1.0, 0.0, 0.0, 0.0, 1.0, 0.0, 1.0, 1.0), (0.0, -1.0, 0.0, 0.0, 0.0, 1.0, 1.0, 0.0, 0.0), (0.0, -1.0, 0.0, 0.0, 0.0, 1.0, 1.0, 0.0, 1.0), (0.0, -1.0, 0.0, 0.0, 0.0, 1.0, 1.0, 1.0, 0.0), (0.0, -1.0, 0.0, 0.0, 0.0, 1.0, 1.0, 1.0, 1.0), (0.0, -1.0, 0.0, 0.0, 1.0, -1.0, 0.0, 0.0, 0.0), (0.0, -1.0, 0.0, 0.0, 1.0, -1.0, 0.0, 0.0, 1.0), (0.0, -1.0, 0.0, 0.0, 1.0, -1.0, 0.0, 1.0, 0.0), (0.0, -1.0, 0.0, 0.0, 1.0, -1.0, 0.0, 1.0, 1.0), (0.0, -1.0, 0.0, 0.0, 1.0, -1.0, 1.0, 0.0, 0.0), (0.0, -1.0, 0.0, 0.0, 1.0, -1.0, 1.0, 0.0, 1.0), (0.0, -1.0, 0.0, 0.0, 1.0, -1.0, 1.0, 1.0, 0.0), (0.0, -1.0, 0.0, 0.0, 1.0, -1.0, 1.0, 1.0, 1.0), (0.0, -1.0, 0.0, 0.0, 1.0, 0.0, 0.0, 0.0, 0.0), (0.0, -1.0, 0.0, 0.0, 1.0, 0.0, 0.0, 0.0, 1.0), (0.0, -1.0, 0.0, 0.0, 1.0, 0.0, 0.0, 1.0, 0.0), (0.0, -1.0, 0.0, 0.0, 1.0, 0.0, 0.0, 1.0, 1.0), (0.0, -1.0, 0.0, 0.0, 1.0, 0.0, 1.0, 0.0, 0.0), (0.0, -1.0, 0.0, 0.0, 1.0, 0.0, 1.0, 0.0, 1.0), (0.0, -1.0, 0.0, 0.0, 1.0, 0.0, 1.0, 1.0, 0.0), (0.0, -1.0, 0.0, 0.0, 1.0, 0.0, 1.0, 1.0, 1.0), (0.0, -1.0, 0.0, 0.0, 1.0, 1.0, 0.0, 0.0, 0.0), (0.0, -1.0, 0.0, 0.0, 1.0, 1.0, 0.0, 0.0, 1.0), (0.0, -1.0, 0.0, 0.0, 1.0, 1.0, 0.0, 1.0, 0.0), (0.0, -1.0, 0.0, 0.0, 1.0, 1.0, 0.0, 1.0, 1.0), (0.0, -1.0, 0.0, 0.0, 1.0, 1.0, 1.0, 0.0, 0.0), (0.0, -1.0, 0.0, 0.0, 1.0, 1.0, 1.0, 0.0, 1.0), (0.0, -1.0, 0.0, 0.0, 1.0, 1.0, 1.0, 1.0, 0.0), (0.0, -1.0, 0.0, 0.0, 1.0, 1.0, 1.0, 1.0, 1.0), (0.0, -1.0, 0.0, 1.0, -1.0, -1.0, 0.0, 0.0, 0.0), (0.0, -1.0, 0.0, 1.0, -1.0, -1.0, 0.0, 0.0, 1.0), (0.0, -1.0, 0.0, 1.0, -1.0, -1.0, 0.0, 1.0, 0.0), (0.0, -1.0, 0.0, 1.0, -1.0, -1.0, 0.0, 1.0, 1.0), (0.0, -1.0, 0.0, 1.0, -1.0, -1.0, 1.0, 0.0, 0.0), (0.0, -1.0, 0.0, 1.0, -1.0, -1.0, 1.0, 0.0, 1.0), (0.0, -1.0, 0.0, 1.0, -1.0, -1.0, 1.0, 1.0, 0.0), (0.0, -1.0, 0.0, 1.0, -1.0, -1.0, 1.0, 1.0, 1.0), (0.0, -1.0, 0.0, 1.0, -1.0, 0.0, 0.0, 0.0, 0.0), (0.0, -1.0, 0.0, 1.0, -1.0, 0.0, 0.0, 0.0, 1.0), (0.0, -1.0, 0.0, 1.0, -1.0, 0.0, 0.0, 1.0, 0.0), (0.0, -1.0, 0.0, 1.0, -1.0, 0.0, 0.0, 1.0, 1.0), (0.0, -1.0, 0.0, 1.0, -1.0, 0.0, 1.0, 0.0, 0.0), (0.0, -1.0, 0.0, 1.0, -1.0, 0.0, 1.0, 0.0, 1.0), (0.0, -1.0, 0.0, 1.0, -1.0, 0.0, 1.0, 1.0, 0.0), (0.0, -1.0, 0.0, 1.0, -1.0, 0.0, 1.0, 1.0, 1.0), (0.0, -1.0, 0.0, 1.0, -1.0, 1.0, 0.0, 0.0, 0.0), (0.0, -1.0, 0.0, 1.0, -1.0, 1.0, 0.0, 0.0, 1.0), (0.0, -1.0, 0.0, 1.0, -1.0, 1.0, 0.0, 1.0, 0.0), (0.0, -1.0, 0.0, 1.0, -1.0, 1.0, 0.0, 1.0, 1.0), (0.0, -1.0, 0.0, 1.0, -1.0, 1.0, 1.0, 0.0, 0.0), (0.0, -1.0, 0.0, 1.0, 0.0, -1.0, 0.0, 0.0, 0.0), (0.0, -1.0, 0.0, 1.0, 0.0, -1.0, 0.0, 0.0, 1.0), (0.0, -1.0, 0.0, 1.0, 0.0, -1.0, 0.0, 1.0, 0.0), (0.0, -1.0, 0.0, 1.0, 0.0, -1.0, 0.0, 1.0, 1.0), (0.0, -1.0, 0.0, 1.0, 0.0, -1.0, 1.0, 0.0, 0.0), (0.0, -1.0, 0.0, 1.0, 0.0, -1.0, 1.0, 1.0, 0.0), (0.0, -1.0, 0.0, 1.0, 0.0, -1.0, 1.0, 1.0, 1.0), (0.0, -1.0, 0.0, 1.0, 0.0, 0.0, 0.0, 0.0, 0.0), (0.0, -1.0, 0.0, 1.0, 0.0, 0.0, 0.0, 0.0, 1.0), (0.0, -1.0, 0.0, 1.0, 0.0, 0.0, 0.0, 1.0, 0.0), (0.0, -1.0, 0.0, 1.0, 0.0, 0.0, 0.0, 1.0, 1.0), (0.0, -1.0, 0.0, 1.0, 0.0, 0.0, 1.0, 1.0, 0.0), (0.0, -1.0, 0.0, 1.0, 0.0, 0.0, 1.0, 1.0, 1.0), (0.0, -1.0, 0.0, 1.0, 1.0, -1.0, 0.0, 0.0, 0.0), (0.0, -1.0, 0.0, 1.0, 1.0, -1.0, 0.0, 0.0, 1.0), (0.0, -1.0, 0.0, 1.0, 1.0, -1.0, 0.0, 1.0, 0.0), (0.0, -1.0, 0.0, 1.0, 1.0, -1.0, 0.0, 1.0, 1.0), (0.0, -1.0, 0.0, 1.0, 1.0, -1.0, 1.0, 0.0, 1.0), (0.0, -1.0, 0.0, 1.0, 1.0, -1.0, 1.0, 1.0, 0.0), (0.0, -1.0, 0.0, 1.0, 1.0, 0.0, 0.0, 1.0, 0.0), (0.0, -1.0, 0.0, 1.0, 1.0, 0.0, 1.0, 0.0, 1.0), (0.0, -1.0, 0.0, 1.0, 1.0, 0.0, 1.0, 1.0, 0.0), (0.0, -1.0, 0.0, 1.0, 1.0, 0.0, 1.0, 1.0, 1.0), (0.0, -1.0, 0.0, 1.0, 1.0, 1.0, 0.0, 0.0, 0.0), (0.0, -1.0, 0.0, 1.0, 1.0, 1.0, 0.0, 0.0, 1.0), (0.0, -1.0, 0.0, 1.0, 1.0, 1.0, 0.0, 1.0, 1.0), (0.0, -1.0, 0.0, 1.0, 1.0, 1.0, 1.0, 1.0, 1.0), (0.0, -1.0, 1.0, -1.0, -1.0, -1.0, 0.0, 0.0, 0.0), (0.0, -1.0, 1.0, -1.0, -1.0, -1.0, 0.0, 0.0, 1.0), (0.0, -1.0, 1.0, -1.0, -1.0, -1.0, 0.0, 1.0, 0.0), (0.0, -1.0, 1.0, -1.0, -1.0, -1.0, 0.0, 1.0, 1.0), (0.0, -1.0, 1.0, -1.0, -1.0, -1.0, 1.0, 1.0, 0.0), (0.0, -1.0, 1.0, -1.0, -1.0, -1.0, 1.0, 1.0, 1.0), (0.0, -1.0, 1.0, -1.0, -1.0, 0.0, 0.0, 0.0, 0.0), (0.0, -1.0, 1.0, -1.0, -1.0, 0.0, 0.0, 0.0, 1.0), (0.0, -1.0, 1.0, -1.0, -1.0, 0.0, 0.0, 1.0, 0.0), (0.0, -1.0, 1.0, -1.0, -1.0, 0.0, 0.0, 1.0, 1.0), (0.0, -1.0, 1.0, -1.0, -1.0, 0.0, 1.0, 0.0, 0.0), (0.0, -1.0, 1.0, -1.0, -1.0, 0.0, 1.0, 0.0, 1.0), (0.0, -1.0, 1.0, -1.0, -1.0, 0.0, 1.0, 1.0, 0.0), (0.0, -1.0, 1.0, -1.0, -1.0, 0.0, 1.0, 1.0, 1.0), (0.0, -1.0, 1.0, -1.0, -1.0, 1.0, 0.0, 0.0, 0.0), (0.0, -1.0, 1.0, -1.0, -1.0, 1.0, 0.0, 0.0, 1.0), (0.0, -1.0, 1.0, -1.0, -1.0, 1.0, 0.0, 1.0, 0.0), (0.0, -1.0, 1.0, -1.0, -1.0, 1.0, 0.0, 1.0, 1.0), (0.0, -1.0, 1.0, -1.0, -1.0, 1.0, 1.0, 0.0, 0.0), (0.0, -1.0, 1.0, -1.0, -1.0, 1.0, 1.0, 0.0, 1.0), (0.0, -1.0, 1.0, -1.0, -1.0, 1.0, 1.0, 1.0, 0.0), (0.0, -1.0, 1.0, -1.0, -1.0, 1.0, 1.0, 1.0, 1.0), (0.0, -1.0, 1.0, -1.0, 0.0, -1.0, 0.0, 0.0, 0.0), (0.0, -1.0, 1.0, -1.0, 0.0, -1.0, 0.0, 0.0, 1.0), (0.0, -1.0, 1.0, -1.0, 0.0, -1.0, 0.0, 1.0, 0.0), (0.0, -1.0, 1.0, -1.0, 0.0, -1.0, 0.0, 1.0, 1.0), (0.0, -1.0, 1.0, -1.0, 0.0, -1.0, 1.0, 0.0, 0.0), (0.0, -1.0, 1.0, -1.0, 0.0, -1.0, 1.0, 0.0, 1.0), (0.0, -1.0, 1.0, -1.0, 0.0, -1.0, 1.0, 1.0, 0.0), (0.0, -1.0, 1.0, -1.0, 0.0, -1.0, 1.0, 1.0, 1.0), (0.0, -1.0, 1.0, -1.0, 0.0, 0.0, 0.0, 0.0, 0.0), (0.0, -1.0, 1.0, -1.0, 0.0, 0.0, 0.0, 0.0, 1.0), (0.0, -1.0, 1.0, -1.0, 0.0, 0.0, 0.0, 1.0, 0.0), (0.0, -1.0, 1.0, -1.0, 0.0, 0.0, 0.0, 1.0, 1.0), (0.0, -1.0, 1.0, -1.0, 0.0, 0.0, 1.0, 0.0, 0.0), (0.0, -1.0, 1.0, -1.0, 0.0, 0.0, 1.0, 0.0, 1.0), (0.0, -1.0, 1.0, -1.0, 0.0, 0.0, 1.0, 1.0, 0.0), (0.0, -1.0, 1.0, -1.0, 0.0, 0.0, 1.0, 1.0, 1.0), (0.0, -1.0, 1.0, -1.0, 0.0, 1.0, 0.0, 0.0, 0.0), (0.0, -1.0, 1.0, -1.0, 0.0, 1.0, 0.0, 0.0, 1.0), (0.0, -1.0, 1.0, -1.0, 0.0, 1.0, 0.0, 1.0, 0.0), (0.0, -1.0, 1.0, -1.0, 0.0, 1.0, 0.0, 1.0, 1.0), (0.0, -1.0, 1.0, -1.0, 0.0, 1.0, 1.0, 0.0, 0.0), (0.0, -1.0, 1.0, -1.0, 0.0, 1.0, 1.0, 0.0, 1.0), (0.0, -1.0, 1.0, -1.0, 0.0, 1.0, 1.0, 1.0, 0.0), (0.0, -1.0, 1.0, -1.0, 0.0, 1.0, 1.0, 1.0, 1.0), (0.0, -1.0, 1.0, -1.0, 1.0, -1.0, 0.0, 0.0, 0.0), (0.0, -1.0, 1.0, -1.0, 1.0, -1.0, 0.0, 0.0, 1.0), (0.0, -1.0, 1.0, -1.0, 1.0, -1.0, 0.0, 1.0, 0.0), (0.0, -1.0, 1.0, -1.0, 1.0, -1.0, 0.0, 1.0, 1.0), (0.0, -1.0, 1.0, -1.0, 1.0, -1.0, 1.0, 0.0, 0.0), (0.0, -1.0, 1.0, -1.0, 1.0, -1.0, 1.0, 0.0, 1.0), (0.0, -1.0, 1.0, -1.0, 1.0, -1.0, 1.0, 1.0, 0.0), (0.0, -1.0, 1.0, -1.0, 1.0, -1.0, 1.0, 1.0, 1.0), (0.0, -1.0, 1.0, -1.0, 1.0, 0.0, 0.0, 0.0, 0.0), (0.0, -1.0, 1.0, -1.0, 1.0, 0.0, 0.0, 0.0, 1.0), (0.0, -1.0, 1.0, -1.0, 1.0, 0.0, 0.0, 1.0, 0.0), (0.0, -1.0, 1.0, -1.0, 1.0, 0.0, 0.0, 1.0, 1.0), (0.0, -1.0, 1.0, -1.0, 1.0, 0.0, 1.0, 0.0, 0.0), (0.0, -1.0, 1.0, -1.0, 1.0, 0.0, 1.0, 0.0, 1.0), (0.0, -1.0, 1.0, -1.0, 1.0, 0.0, 1.0, 1.0, 0.0), (0.0, -1.0, 1.0, -1.0, 1.0, 0.0, 1.0, 1.0, 1.0), (0.0, -1.0, 1.0, -1.0, 1.0, 1.0, 0.0, 0.0, 0.0), (0.0, -1.0, 1.0, -1.0, 1.0, 1.0, 0.0, 0.0, 1.0), (0.0, -1.0, 1.0, -1.0, 1.0, 1.0, 0.0, 1.0, 0.0), (0.0, -1.0, 1.0, -1.0, 1.0, 1.0, 0.0, 1.0, 1.0), (0.0, -1.0, 1.0, -1.0, 1.0, 1.0, 1.0, 0.0, 0.0), (0.0, -1.0, 1.0, -1.0, 1.0, 1.0, 1.0, 0.0, 1.0), (0.0, -1.0, 1.0, -1.0, 1.0, 1.0, 1.0, 1.0, 0.0), (0.0, -1.0, 1.0, -1.0, 1.0, 1.0, 1.0, 1.0, 1.0), (0.0, -1.0, 1.0, 0.0, -1.0, -1.0, 0.0, 0.0, 0.0), (0.0, -1.0, 1.0, 0.0, -1.0, -1.0, 0.0, 0.0, 1.0), (0.0, -1.0, 1.0, 0.0, -1.0, -1.0, 0.0, 1.0, 0.0), (0.0, -1.0, 1.0, 0.0, -1.0, -1.0, 0.0, 1.0, 1.0), (0.0, -1.0, 1.0, 0.0, -1.0, -1.0, 1.0, 0.0, 0.0), (0.0, -1.0, 1.0, 0.0, -1.0, -1.0, 1.0, 0.0, 1.0), (0.0, -1.0, 1.0, 0.0, -1.0, -1.0, 1.0, 1.0, 0.0), (0.0, -1.0, 1.0, 0.0, -1.0, -1.0, 1.0, 1.0, 1.0), (0.0, -1.0, 1.0, 0.0, -1.0, 0.0, 0.0, 0.0, 0.0), (0.0, -1.0, 1.0, 0.0, -1.0, 0.0, 0.0, 0.0, 1.0), (0.0, -1.0, 1.0, 0.0, -1.0, 0.0, 0.0, 1.0, 0.0), (0.0, -1.0, 1.0, 0.0, -1.0, 0.0, 0.0, 1.0, 1.0), (0.0, -1.0, 1.0, 0.0, -1.0, 0.0, 1.0, 0.0, 0.0), (0.0, -1.0, 1.0, 0.0, -1.0, 0.0, 1.0, 0.0, 1.0), (0.0, -1.0, 1.0, 0.0, -1.0, 0.0, 1.0, 1.0, 0.0), (0.0, -1.0, 1.0, 0.0, -1.0, 0.0, 1.0, 1.0, 1.0), (0.0, -1.0, 1.0, 0.0, -1.0, 1.0, 0.0, 0.0, 0.0), (0.0, -1.0, 1.0, 0.0, -1.0, 1.0, 0.0, 0.0, 1.0), (0.0, -1.0, 1.0, 0.0, -1.0, 1.0, 0.0, 1.0, 0.0), (0.0, -1.0, 1.0, 0.0, -1.0, 1.0, 0.0, 1.0, 1.0), (0.0, -1.0, 1.0, 0.0, 0.0, -1.0, 0.0, 0.0, 0.0), (0.0, -1.0, 1.0, 0.0, 0.0, -1.0, 0.0, 0.0, 1.0), (0.0, -1.0, 1.0, 0.0, 0.0, -1.0, 0.0, 1.0, 0.0), (0.0, -1.0, 1.0, 0.0, 0.0, -1.0, 0.0, 1.0, 1.0), (0.0, -1.0, 1.0, 0.0, 0.0, -1.0, 1.0, 0.0, 0.0), (0.0, -1.0, 1.0, 0.0, 0.0, -1.0, 1.0, 0.0, 1.0), (0.0, -1.0, 1.0, 0.0, 0.0, -1.0, 1.0, 1.0, 1.0), (0.0, -1.0, 1.0, 0.0, 0.0, 0.0, 0.0, 0.0, 0.0), (0.0, -1.0, 1.0, 0.0, 0.0, 0.0, 1.0, 0.0, 1.0), (0.0, -1.0, 1.0, 0.0, 0.0, 0.0, 1.0, 1.0, 0.0), (0.0, -1.0, 1.0, 0.0, 1.0, -1.0, 0.0, 0.0, 0.0), (0.0, -1.0, 1.0, 0.0, 1.0, -1.0, 0.0, 0.0, 1.0), (0.0, -1.0, 1.0, 0.0, 1.0, -1.0, 0.0, 1.0, 0.0), (0.0, -1.0, 1.0, 0.0, 1.0, -1.0, 0.0, 1.0, 1.0), (0.0, -1.0, 1.0, 0.0, 1.0, -1.0, 1.0, 0.0, 0.0), (0.0, -1.0, 1.0, 0.0, 1.0, -1.0, 1.0, 0.0, 1.0), (0.0, -1.0, 1.0, 0.0, 1.0, -1.0, 1.0, 1.0, 0.0), (0.0, -1.0, 1.0, 0.0, 1.0, -1.0, 1.0, 1.0, 1.0), (0.0, -1.0, 1.0, 0.0, 1.0, 0.0, 0.0, 0.0, 0.0), (0.0, -1.0, 1.0, 0.0, 1.0, 0.0, 0.0, 1.0, 1.0), (0.0, -1.0, 1.0, 0.0, 1.0, 0.0, 1.0, 0.0, 0.0), (0.0, -1.0, 1.0, 0.0, 1.0, 0.0, 1.0, 0.0, 1.0), (0.0, -1.0, 1.0, 0.0, 1.0, 0.0, 1.0, 1.0, 0.0), (0.0, -1.0, 1.0, 0.0, 1.0, 0.0, 1.0, 1.0, 1.0), (0.0, -1.0, 1.0, 0.0, 1.0, 1.0, 0.0, 0.0, 0.0), (0.0, -1.0, 1.0, 0.0, 1.0, 1.0, 0.0, 0.0, 1.0), (0.0, -1.0, 1.0, 0.0, 1.0, 1.0, 0.0, 1.0, 0.0), (0.0, -1.0, 1.0, 0.0, 1.0, 1.0, 0.0, 1.0, 1.0), (0.0, -1.0, 1.0, 1.0, -1.0, -1.0, 0.0, 0.0, 0.0), (0.0, -1.0, 1.0, 1.0, -1.0, -1.0, 0.0, 0.0, 1.0), (0.0, -1.0, 1.0, 1.0, -1.0, -1.0, 0.0, 1.0, 0.0), (0.0, -1.0, 1.0, 1.0, -1.0, -1.0, 0.0, 1.0, 1.0), (0.0, -1.0, 1.0, 1.0, -1.0, -1.0, 1.0, 0.0, 0.0), (0.0, -1.0, 1.0, 1.0, -1.0, -1.0, 1.0, 0.0, 1.0), (0.0, -1.0, 1.0, 1.0, -1.0, -1.0, 1.0, 1.0, 0.0), (0.0, -1.0, 1.0, 1.0, -1.0, -1.0, 1.0, 1.0, 1.0), (0.0, -1.0, 1.0, 1.0, -1.0, 0.0, 0.0, 0.0, 0.0), (0.0, -1.0, 1.0, 1.0, -1.0, 0.0, 0.0, 0.0, 1.0), (0.0, -1.0, 1.0, 1.0, -1.0, 0.0, 0.0, 1.0, 0.0), (0.0, -1.0, 1.0, 1.0, -1.0, 0.0, 0.0, 1.0, 1.0), (0.0, -1.0, 1.0, 1.0, -1.0, 0.0, 1.0, 0.0, 0.0), (0.0, -1.0, 1.0, 1.0, -1.0, 0.0, 1.0, 0.0, 1.0), (0.0, -1.0, 1.0, 1.0, -1.0, 0.0, 1.0, 1.0, 0.0), (0.0, -1.0, 1.0, 1.0, -1.0, 1.0, 0.0, 0.0, 0.0), (0.0, -1.0, 1.0, 1.0, -1.0, 1.0, 0.0, 0.0, 1.0), (0.0, -1.0, 1.0, 1.0, -1.0, 1.0, 0.0, 1.0, 0.0), (0.0, -1.0, 1.0, 1.0, -1.0, 1.0, 0.0, 1.0, 1.0), (0.0, -1.0, 1.0, 1.0, -1.0, 1.0, 1.0, 0.0, 0.0), (0.0, -1.0, 1.0, 1.0, -1.0, 1.0, 1.0, 1.0, 0.0), (0.0, -1.0, 1.0, 1.0, 0.0, -1.0, 0.0, 0.0, 0.0), (0.0, -1.0, 1.0, 1.0, 0.0, -1.0, 0.0, 0.0, 1.0), (0.0, -1.0, 1.0, 1.0, 0.0, -1.0, 0.0, 1.0, 0.0), (0.0, -1.0, 1.0, 1.0, 0.0, -1.0, 0.0, 1.0, 1.0), (0.0, -1.0, 1.0, 1.0, 0.0, -1.0, 1.0, 0.0, 0.0), (0.0, -1.0, 1.0, 1.0, 0.0, -1.0, 1.0, 0.0, 1.0), (0.0, -1.0, 1.0, 1.0, 0.0, -1.0, 1.0, 1.0, 0.0), (0.0, -1.0, 1.0, 1.0, 0.0, -1.0, 1.0, 1.0, 1.0), (0.0, -1.0, 1.0, 1.0, 0.0, 0.0, 0.0, 0.0, 0.0), (0.0, -1.0, 1.0, 1.0, 0.0, 0.0, 0.0, 1.0, 0.0), (0.0, -1.0, 1.0, 1.0, 0.0, 0.0, 1.0, 0.0, 0.0), (0.0, -1.0, 1.0, 1.0, 0.0, 0.0, 1.0, 0.0, 1.0), (0.0, -1.0, 1.0, 1.0, 0.0, 0.0, 1.0, 1.0, 1.0), (0.0, -1.0, 1.0, 1.0, 1.0, -1.0, 0.0, 0.0, 0.0), (0.0, -1.0, 1.0, 1.0, 1.0, -1.0, 0.0, 0.0, 1.0), (0.0, -1.0, 1.0, 1.0, 1.0, -1.0, 0.0, 1.0, 0.0), (0.0, -1.0, 1.0, 1.0, 1.0, -1.0, 0.0, 1.0, 1.0), (0.0, -1.0, 1.0, 1.0, 1.0, -1.0, 1.0, 0.0, 0.0), (0.0, -1.0, 1.0, 1.0, 1.0, -1.0, 1.0, 0.0, 1.0), (0.0, -1.0, 1.0, 1.0, 1.0, -1.0, 1.0, 1.0, 0.0), (0.0, -1.0, 1.0, 1.0, 1.0, -1.0, 1.0, 1.0, 1.0), (0.0, -1.0, 1.0, 1.0, 1.0, 0.0, 0.0, 0.0, 0.0), (0.0, -1.0, 1.0, 1.0, 1.0, 0.0, 0.0, 1.0, 0.0), (0.0, -1.0, 1.0, 1.0, 1.0, 0.0, 1.0, 0.0, 0.0), (0.0, -1.0, 1.0, 1.0, 1.0, 0.0, 1.0, 0.0, 1.0), (0.0, -1.0, 1.0, 1.0, 1.0, 0.0, 1.0, 1.0, 0.0), (0.0, -1.0, 1.0, 1.0, 1.0, 1.0, 0.0, 0.0, 0.0), (0.0, -1.0, 1.0, 1.0, 1.0, 1.0, 0.0, 0.0, 1.0), (0.0, -1.0, 1.0, 1.0, 1.0, 1.0, 0.0, 1.0, 0.0), (0.0, -1.0, 1.0, 1.0, 1.0, 1.0, 0.0, 1.0, 1.0), (0.0, -1.0, 1.0, 1.0, 1.0, 1.0, 1.0, 1.0, 0.0), (0.0, 0.0, -1.0, -1.0, -1.0, -1.0, 0.0, 0.0, 1.0), (0.0, 0.0, -1.0, -1.0, -1.0, -1.0, 0.0, 1.0, 1.0), (0.0, 0.0, -1.0, -1.0, -1.0, -1.0, 1.0, 0.0, 0.0), (0.0, 0.0, -1.0, -1.0, -1.0, -1.0, 1.0, 0.0, 1.0), (0.0, 0.0, -1.0, -1.0, -1.0, -1.0, 1.0, 1.0, 0.0), (0.0, 0.0, -1.0, -1.0, -1.0, -1.0, 1.0, 1.0, 1.0), (0.0, 0.0, -1.0, -1.0, -1.0, 0.0, 0.0, 0.0, 0.0), (0.0, 0.0, -1.0, -1.0, -1.0, 0.0, 0.0, 0.0, 1.0), (0.0, 0.0, -1.0, -1.0, -1.0, 0.0, 0.0, 1.0, 0.0), (0.0, 0.0, -1.0, -1.0, -1.0, 0.0, 0.0, 1.0, 1.0), (0.0, 0.0, -1.0, -1.0, -1.0, 0.0, 1.0, 0.0, 0.0), (0.0, 0.0, -1.0, -1.0, -1.0, 0.0, 1.0, 0.0, 1.0), (0.0, 0.0, -1.0, -1.0, -1.0, 0.0, 1.0, 1.0, 0.0), (0.0, 0.0, -1.0, -1.0, -1.0, 0.0, 1.0, 1.0, 1.0), (0.0, 0.0, -1.0, -1.0, -1.0, 1.0, 0.0, 0.0, 0.0), (0.0, 0.0, -1.0, -1.0, -1.0, 1.0, 0.0, 0.0, 1.0), (0.0, 0.0, -1.0, -1.0, -1.0, 1.0, 0.0, 1.0, 0.0), (0.0, 0.0, -1.0, -1.0, -1.0, 1.0, 0.0, 1.0, 1.0), (0.0, 0.0, -1.0, -1.0, -1.0, 1.0, 1.0, 0.0, 0.0), (0.0, 0.0, -1.0, -1.0, -1.0, 1.0, 1.0, 0.0, 1.0), (0.0, 0.0, -1.0, -1.0, -1.0, 1.0, 1.0, 1.0, 0.0), (0.0, 0.0, -1.0, -1.0, -1.0, 1.0, 1.0, 1.0, 1.0), (0.0, 0.0, -1.0, -1.0, 0.0, -1.0, 0.0, 0.0, 0.0), (0.0, 0.0, -1.0, -1.0, 0.0, -1.0, 0.0, 0.0, 1.0), (0.0, 0.0, -1.0, -1.0, 0.0, -1.0, 0.0, 1.0, 0.0), (0.0, 0.0, -1.0, -1.0, 0.0, -1.0, 0.0, 1.0, 1.0), (0.0, 0.0, -1.0, -1.0, 0.0, -1.0, 1.0, 0.0, 0.0), (0.0, 0.0, -1.0, -1.0, 0.0, -1.0, 1.0, 0.0, 1.0), (0.0, 0.0, -1.0, -1.0, 0.0, -1.0, 1.0, 1.0, 0.0), (0.0, 0.0, -1.0, -1.0, 0.0, -1.0, 1.0, 1.0, 1.0), (0.0, 0.0, -1.0, -1.0, 0.0, 0.0, 0.0, 0.0, 0.0), (0.0, 0.0, -1.0, -1.0, 0.0, 0.0, 0.0, 0.0, 1.0), (0.0, 0.0, -1.0, -1.0, 0.0, 0.0, 0.0, 1.0, 0.0), (0.0, 0.0, -1.0, -1.0, 0.0, 0.0, 0.0, 1.0, 1.0), (0.0, 0.0, -1.0, -1.0, 0.0, 0.0, 1.0, 0.0, 0.0), (0.0, 0.0, -1.0, -1.0, 0.0, 0.0, 1.0, 0.0, 1.0), (0.0, 0.0, -1.0, -1.0, 0.0, 0.0, 1.0, 1.0, 0.0), (0.0, 0.0, -1.0, -1.0, 0.0, 0.0, 1.0, 1.0, 1.0), (0.0, 0.0, -1.0, -1.0, 0.0, 1.0, 0.0, 0.0, 0.0), (0.0, 0.0, -1.0, -1.0, 0.0, 1.0, 0.0, 0.0, 1.0), (0.0, 0.0, -1.0, -1.0, 0.0, 1.0, 0.0, 1.0, 0.0), (0.0, 0.0, -1.0, -1.0, 0.0, 1.0, 0.0, 1.0, 1.0), (0.0, 0.0, -1.0, -1.0, 0.0, 1.0, 1.0, 0.0, 0.0), (0.0, 0.0, -1.0, -1.0, 0.0, 1.0, 1.0, 0.0, 1.0), (0.0, 0.0, -1.0, -1.0, 0.0, 1.0, 1.0, 1.0, 0.0), (0.0, 0.0, -1.0, -1.0, 0.0, 1.0, 1.0, 1.0, 1.0), (0.0, 0.0, -1.0, -1.0, 1.0, -1.0, 0.0, 0.0, 1.0), (0.0, 0.0, -1.0, -1.0, 1.0, -1.0, 0.0, 1.0, 1.0), (0.0, 0.0, -1.0, -1.0, 1.0, -1.0, 1.0, 0.0, 0.0), (0.0, 0.0, -1.0, -1.0, 1.0, -1.0, 1.0, 0.0, 1.0), (0.0, 0.0, -1.0, -1.0, 1.0, -1.0, 1.0, 1.0, 0.0), (0.0, 0.0, -1.0, -1.0, 1.0, -1.0, 1.0, 1.0, 1.0), (0.0, 0.0, -1.0, -1.0, 1.0, 0.0, 0.0, 0.0, 0.0), (0.0, 0.0, -1.0, -1.0, 1.0, 0.0, 0.0, 0.0, 1.0), (0.0, 0.0, -1.0, -1.0, 1.0, 0.0, 0.0, 1.0, 0.0), (0.0, 0.0, -1.0, -1.0, 1.0, 0.0, 0.0, 1.0, 1.0), (0.0, 0.0, -1.0, -1.0, 1.0, 0.0, 1.0, 0.0, 0.0), (0.0, 0.0, -1.0, -1.0, 1.0, 0.0, 1.0, 0.0, 1.0), (0.0, 0.0, -1.0, -1.0, 1.0, 0.0, 1.0, 1.0, 0.0), (0.0, 0.0, -1.0, -1.0, 1.0, 0.0, 1.0, 1.0, 1.0), (0.0, 0.0, -1.0, -1.0, 1.0, 1.0, 0.0, 0.0, 0.0), (0.0, 0.0, -1.0, -1.0, 1.0, 1.0, 0.0, 0.0, 1.0), (0.0, 0.0, -1.0, -1.0, 1.0, 1.0, 0.0, 1.0, 0.0), (0.0, 0.0, -1.0, -1.0, 1.0, 1.0, 0.0, 1.0, 1.0), (0.0, 0.0, -1.0, -1.0, 1.0, 1.0, 1.0, 0.0, 0.0), (0.0, 0.0, -1.0, -1.0, 1.0, 1.0, 1.0, 0.0, 1.0), (0.0, 0.0, -1.0, -1.0, 1.0, 1.0, 1.0, 1.0, 0.0), (0.0, 0.0, -1.0, -1.0, 1.0, 1.0, 1.0, 1.0, 1.0), (0.0, 0.0, -1.0, 0.0, -1.0, -1.0, 0.0, 0.0, 0.0), (0.0, 0.0, -1.0, 0.0, -1.0, -1.0, 0.0, 0.0, 1.0), (0.0, 0.0, -1.0, 0.0, -1.0, -1.0, 0.0, 1.0, 0.0), (0.0, 0.0, -1.0, 0.0, -1.0, -1.0, 0.0, 1.0, 1.0), (0.0, 0.0, -1.0, 0.0, -1.0, -1.0, 1.0, 0.0, 0.0), (0.0, 0.0, -1.0, 0.0, -1.0, -1.0, 1.0, 0.0, 1.0), (0.0, 0.0, -1.0, 0.0, -1.0, -1.0, 1.0, 1.0, 0.0), (0.0, 0.0, -1.0, 0.0, -1.0, -1.0, 1.0, 1.0, 1.0), (0.0, 0.0, -1.0, 0.0, -1.0, 0.0, 0.0, 0.0, 0.0), (0.0, 0.0, -1.0, 0.0, -1.0, 0.0, 0.0, 0.0, 1.0), (0.0, 0.0, -1.0, 0.0, -1.0, 0.0, 0.0, 1.0, 0.0), (0.0, 0.0, -1.0, 0.0, -1.0, 0.0, 0.0, 1.0, 1.0), (0.0, 0.0, -1.0, 0.0, -1.0, 0.0, 1.0, 0.0, 0.0), (0.0, 0.0, -1.0, 0.0, -1.0, 0.0, 1.0, 0.0, 1.0), (0.0, 0.0, -1.0, 0.0, -1.0, 0.0, 1.0, 1.0, 0.0), (0.0, 0.0, -1.0, 0.0, -1.0, 0.0, 1.0, 1.0, 1.0), (0.0, 0.0, -1.0, 0.0, -1.0, 1.0, 0.0, 0.0, 0.0), (0.0, 0.0, -1.0, 0.0, -1.0, 1.0, 0.0, 0.0, 1.0), (0.0, 0.0, -1.0, 0.0, -1.0, 1.0, 0.0, 1.0, 0.0), (0.0, 0.0, -1.0, 0.0, -1.0, 1.0, 0.0, 1.0, 1.0), (0.0, 0.0, -1.0, 0.0, -1.0, 1.0, 1.0, 0.0, 0.0), (0.0, 0.0, -1.0, 0.0, -1.0, 1.0, 1.0, 0.0, 1.0), (0.0, 0.0, -1.0, 0.0, -1.0, 1.0, 1.0, 1.0, 0.0), (0.0, 0.0, -1.0, 0.0, -1.0, 1.0, 1.0, 1.0, 1.0), (0.0, 0.0, -1.0, 0.0, 0.0, -1.0, 0.0, 0.0, 0.0), (0.0, 0.0, -1.0, 0.0, 0.0, -1.0, 0.0, 0.0, 1.0), (0.0, 0.0, -1.0, 0.0, 0.0, -1.0, 0.0, 1.0, 0.0), (0.0, 0.0, -1.0, 0.0, 0.0, -1.0, 0.0, 1.0, 1.0), (0.0, 0.0, -1.0, 0.0, 0.0, -1.0, 1.0, 0.0, 0.0), (0.0, 0.0, -1.0, 0.0, 0.0, -1.0, 1.0, 0.0, 1.0), (0.0, 0.0, -1.0, 0.0, 0.0, -1.0, 1.0, 1.0, 0.0), (0.0, 0.0, -1.0, 0.0, 0.0, 0.0, 0.0, 0.0, 0.0), (0.0, 0.0, -1.0, 0.0, 0.0, 0.0, 0.0, 0.0, 1.0), (0.0, 0.0, -1.0, 0.0, 0.0, 0.0, 0.0, 1.0, 0.0), (0.0, 0.0, -1.0, 0.0, 0.0, 0.0, 0.0, 1.0, 1.0), (0.0, 0.0, -1.0, 0.0, 0.0, 0.0, 1.0, 0.0, 0.0), (0.0, 0.0, -1.0, 0.0, 0.0, 0.0, 1.0, 0.0, 1.0), (0.0, 0.0, -1.0, 0.0, 0.0, 0.0, 1.0, 1.0, 0.0), (0.0, 0.0, -1.0, 0.0, 0.0, 0.0, 1.0, 1.0, 1.0), (0.0, 0.0, -1.0, 0.0, 0.0, 1.0, 0.0, 0.0, 0.0), (0.0, 0.0, -1.0, 0.0, 0.0, 1.0, 0.0, 0.0, 1.0), (0.0, 0.0, -1.0, 0.0, 0.0, 1.0, 0.0, 1.0, 0.0), (0.0, 0.0, -1.0, 0.0, 0.0, 1.0, 0.0, 1.0, 1.0), (0.0, 0.0, -1.0, 0.0, 0.0, 1.0, 1.0, 0.0, 0.0), (0.0, 0.0, -1.0, 0.0, 0.0, 1.0, 1.0, 0.0, 1.0), (0.0, 0.0, -1.0, 0.0, 0.0, 1.0, 1.0, 1.0, 0.0), (0.0, 0.0, -1.0, 0.0, 0.0, 1.0, 1.0, 1.0, 1.0), (0.0, 0.0, -1.0, 0.0, 1.0, -1.0, 0.0, 0.0, 0.0), (0.0, 0.0, -1.0, 0.0, 1.0, -1.0, 0.0, 0.0, 1.0), (0.0, 0.0, -1.0, 0.0, 1.0, -1.0, 1.0, 0.0, 0.0), (0.0, 0.0, -1.0, 0.0, 1.0, -1.0, 1.0, 0.0, 1.0), (0.0, 0.0, -1.0, 0.0, 1.0, -1.0, 1.0, 1.0, 0.0), (0.0, 0.0, -1.0, 0.0, 1.0, -1.0, 1.0, 1.0, 1.0), (0.0, 0.0, -1.0, 0.0, 1.0, 0.0, 0.0, 0.0, 0.0), (0.0, 0.0, -1.0, 0.0, 1.0, 0.0, 0.0, 0.0, 1.0), (0.0, 0.0, -1.0, 0.0, 1.0, 0.0, 0.0, 1.0, 0.0), (0.0, 0.0, -1.0, 0.0, 1.0, 0.0, 0.0, 1.0, 1.0), (0.0, 0.0, -1.0, 0.0, 1.0, 0.0, 1.0, 0.0, 0.0), (0.0, 0.0, -1.0, 0.0, 1.0, 0.0, 1.0, 0.0, 1.0), (0.0, 0.0, -1.0, 0.0, 1.0, 0.0, 1.0, 1.0, 0.0), (0.0, 0.0, -1.0, 0.0, 1.0, 0.0, 1.0, 1.0, 1.0), (0.0, 0.0, -1.0, 0.0, 1.0, 1.0, 0.0, 0.0, 0.0), (0.0, 0.0, -1.0, 0.0, 1.0, 1.0, 0.0, 0.0, 1.0), (0.0, 0.0, -1.0, 0.0, 1.0, 1.0, 0.0, 1.0, 0.0), (0.0, 0.0, -1.0, 0.0, 1.0, 1.0, 0.0, 1.0, 1.0), (0.0, 0.0, -1.0, 0.0, 1.0, 1.0, 1.0, 0.0, 0.0), (0.0, 0.0, -1.0, 0.0, 1.0, 1.0, 1.0, 0.0, 1.0), (0.0, 0.0, -1.0, 0.0, 1.0, 1.0, 1.0, 1.0, 0.0), (0.0, 0.0, -1.0, 0.0, 1.0, 1.0, 1.0, 1.0, 1.0), (0.0, 0.0, -1.0, 1.0, -1.0, -1.0, 0.0, 0.0, 0.0), (0.0, 0.0, -1.0, 1.0, -1.0, -1.0, 0.0, 0.0, 1.0), (0.0, 0.0, -1.0, 1.0, -1.0, -1.0, 0.0, 1.0, 0.0), (0.0, 0.0, -1.0, 1.0, -1.0, -1.0, 0.0, 1.0, 1.0), (0.0, 0.0, -1.0, 1.0, -1.0, -1.0, 1.0, 0.0, 0.0), (0.0, 0.0, -1.0, 1.0, -1.0, -1.0, 1.0, 0.0, 1.0), (0.0, 0.0, -1.0, 1.0, -1.0, -1.0, 1.0, 1.0, 0.0), (0.0, 0.0, -1.0, 1.0, -1.0, -1.0, 1.0, 1.0, 1.0), (0.0, 0.0, -1.0, 1.0, -1.0, 0.0, 0.0, 0.0, 0.0), (0.0, 0.0, -1.0, 1.0, -1.0, 0.0, 0.0, 0.0, 1.0), (0.0, 0.0, -1.0, 1.0, -1.0, 0.0, 0.0, 1.0, 0.0), (0.0, 0.0, -1.0, 1.0, -1.0, 0.0, 0.0, 1.0, 1.0), (0.0, 0.0, -1.0, 1.0, -1.0, 0.0, 1.0, 0.0, 0.0), (0.0, 0.0, -1.0, 1.0, -1.0, 0.0, 1.0, 0.0, 1.0), (0.0, 0.0, -1.0, 1.0, -1.0, 0.0, 1.0, 1.0, 0.0), (0.0, 0.0, -1.0, 1.0, -1.0, 0.0, 1.0, 1.0, 1.0), (0.0, 0.0, -1.0, 1.0, -1.0, 1.0, 0.0, 0.0, 0.0), (0.0, 0.0, -1.0, 1.0, -1.0, 1.0, 0.0, 0.0, 1.0), (0.0, 0.0, -1.0, 1.0, -1.0, 1.0, 0.0, 1.0, 0.0), (0.0, 0.0, -1.0, 1.0, -1.0, 1.0, 0.0, 1.0, 1.0), (0.0, 0.0, -1.0, 1.0, -1.0, 1.0, 1.0, 0.0, 0.0), (0.0, 0.0, -1.0, 1.0, -1.0, 1.0, 1.0, 0.0, 1.0), (0.0, 0.0, -1.0, 1.0, -1.0, 1.0, 1.0, 1.0, 0.0), (0.0, 0.0, -1.0, 1.0, -1.0, 1.0, 1.0, 1.0, 1.0), (0.0, 0.0, -1.0, 1.0, 0.0, -1.0, 0.0, 0.0, 0.0), (0.0, 0.0, -1.0, 1.0, 0.0, -1.0, 0.0, 1.0, 0.0), (0.0, 0.0, -1.0, 1.0, 0.0, -1.0, 1.0, 0.0, 0.0), (0.0, 0.0, -1.0, 1.0, 0.0, -1.0, 1.0, 1.0, 0.0), (0.0, 0.0, -1.0, 1.0, 0.0, 0.0, 0.0, 0.0, 0.0), (0.0, 0.0, -1.0, 1.0, 0.0, 0.0, 0.0, 0.0, 1.0), (0.0, 0.0, -1.0, 1.0, 0.0, 0.0, 0.0, 1.0, 0.0), (0.0, 0.0, -1.0, 1.0, 0.0, 0.0, 0.0, 1.0, 1.0), (0.0, 0.0, -1.0, 1.0, 0.0, 0.0, 1.0, 0.0, 0.0), (0.0, 0.0, -1.0, 1.0, 0.0, 0.0, 1.0, 0.0, 1.0), (0.0, 0.0, -1.0, 1.0, 0.0, 0.0, 1.0, 1.0, 0.0), (0.0, 0.0, -1.0, 1.0, 0.0, 0.0, 1.0, 1.0, 1.0), (0.0, 0.0, -1.0, 1.0, 0.0, 1.0, 0.0, 0.0, 0.0), (0.0, 0.0, -1.0, 1.0, 0.0, 1.0, 0.0, 0.0, 1.0), (0.0, 0.0, -1.0, 1.0, 0.0, 1.0, 0.0, 1.0, 0.0), (0.0, 0.0, -1.0, 1.0, 0.0, 1.0, 0.0, 1.0, 1.0), (0.0, 0.0, -1.0, 1.0, 0.0, 1.0, 1.0, 0.0, 0.0), (0.0, 0.0, -1.0, 1.0, 0.0, 1.0, 1.0, 0.0, 1.0), (0.0, 0.0, -1.0, 1.0, 0.0, 1.0, 1.0, 1.0, 0.0), (0.0, 0.0, -1.0, 1.0, 0.0, 1.0, 1.0, 1.0, 1.0), (0.0, 0.0, -1.0, 1.0, 1.0, -1.0, 0.0, 0.0, 0.0), (0.0, 0.0, -1.0, 1.0, 1.0, -1.0, 0.0, 1.0, 0.0), (0.0, 0.0, -1.0, 1.0, 1.0, -1.0, 1.0, 0.0, 0.0), (0.0, 0.0, -1.0, 1.0, 1.0, -1.0, 1.0, 0.0, 1.0), (0.0, 0.0, -1.0, 1.0, 1.0, -1.0, 1.0, 1.0, 0.0), (0.0, 0.0, -1.0, 1.0, 1.0, 0.0, 0.0, 0.0, 0.0), (0.0, 0.0, -1.0, 1.0, 1.0, 0.0, 0.0, 0.0, 1.0), (0.0, 0.0, -1.0, 1.0, 1.0, 0.0, 0.0, 1.0, 0.0), (0.0, 0.0, -1.0, 1.0, 1.0, 0.0, 0.0, 1.0, 1.0), (0.0, 0.0, -1.0, 1.0, 1.0, 0.0, 1.0, 0.0, 0.0), (0.0, 0.0, -1.0, 1.0, 1.0, 0.0, 1.0, 0.0, 1.0), (0.0, 0.0, -1.0, 1.0, 1.0, 0.0, 1.0, 1.0, 0.0), (0.0, 0.0, -1.0, 1.0, 1.0, 1.0, 0.0, 0.0, 0.0), (0.0, 0.0, -1.0, 1.0, 1.0, 1.0, 0.0, 0.0, 1.0), (0.0, 0.0, -1.0, 1.0, 1.0, 1.0, 0.0, 1.0, 0.0), (0.0, 0.0, -1.0, 1.0, 1.0, 1.0, 0.0, 1.0, 1.0), (0.0, 0.0, -1.0, 1.0, 1.0, 1.0, 1.0, 0.0, 0.0), (0.0, 0.0, -1.0, 1.0, 1.0, 1.0, 1.0, 0.0, 1.0), (0.0, 0.0, -1.0, 1.0, 1.0, 1.0, 1.0, 1.0, 0.0), (0.0, 0.0, -1.0, 1.0, 1.0, 1.0, 1.0, 1.0, 1.0), (0.0, 0.0, 0.0, -1.0, -1.0, -1.0, 1.0, 0.0, 0.0), (0.0, 0.0, 0.0, -1.0, -1.0, -1.0, 1.0, 0.0, 1.0), (0.0, 0.0, 0.0, -1.0, -1.0, -1.0, 1.0, 1.0, 0.0), (0.0, 0.0, 0.0, -1.0, -1.0, -1.0, 1.0, 1.0, 1.0), (0.0, 0.0, 0.0, -1.0, -1.0, 0.0, 0.0, 0.0, 0.0), (0.0, 0.0, 0.0, -1.0, -1.0, 0.0, 0.0, 0.0, 1.0), (0.0, 0.0, 0.0, -1.0, -1.0, 0.0, 0.0, 1.0, 0.0), (0.0, 0.0, 0.0, -1.0, -1.0, 0.0, 0.0, 1.0, 1.0), (0.0, 0.0, 0.0, -1.0, -1.0, 0.0, 1.0, 0.0, 0.0), (0.0, 0.0, 0.0, -1.0, -1.0, 0.0, 1.0, 0.0, 1.0), (0.0, 0.0, 0.0, -1.0, -1.0, 0.0, 1.0, 1.0, 0.0), (0.0, 0.0, 0.0, -1.0, -1.0, 0.0, 1.0, 1.0, 1.0), (0.0, 0.0, 0.0, -1.0, -1.0, 1.0, 0.0, 0.0, 0.0), (0.0, 0.0, 0.0, -1.0, -1.0, 1.0, 0.0, 0.0, 1.0), (0.0, 0.0, 0.0, -1.0, -1.0, 1.0, 0.0, 1.0, 0.0), (0.0, 0.0, 0.0, -1.0, -1.0, 1.0, 0.0, 1.0, 1.0), (0.0, 0.0, 0.0, -1.0, -1.0, 1.0, 1.0, 0.0, 0.0), (0.0, 0.0, 0.0, -1.0, -1.0, 1.0, 1.0, 0.0, 1.0), (0.0, 0.0, 0.0, -1.0, -1.0, 1.0, 1.0, 1.0, 0.0), (0.0, 0.0, 0.0, -1.0, -1.0, 1.0, 1.0, 1.0, 1.0), (0.0, 0.0, 0.0, -1.0, 0.0, -1.0, 0.0, 0.0, 0.0), (0.0, 0.0, 0.0, -1.0, 0.0, -1.0, 0.0, 0.0, 1.0), (0.0, 0.0, 0.0, -1.0, 0.0, -1.0, 0.0, 1.0, 0.0), (0.0, 0.0, 0.0, -1.0, 0.0, -1.0, 0.0, 1.0, 1.0), (0.0, 0.0, 0.0, -1.0, 0.0, -1.0, 1.0, 0.0, 0.0), (0.0, 0.0, 0.0, -1.0, 0.0, -1.0, 1.0, 0.0, 1.0), (0.0, 0.0, 0.0, -1.0, 0.0, -1.0, 1.0, 1.0, 0.0), (0.0, 0.0, 0.0, -1.0, 0.0, -1.0, 1.0, 1.0, 1.0), (0.0, 0.0, 0.0, -1.0, 0.0, 0.0, 0.0, 0.0, 0.0), (0.0, 0.0, 0.0, -1.0, 0.0, 0.0, 0.0, 0.0, 1.0), (0.0, 0.0, 0.0, -1.0, 0.0, 0.0, 0.0, 1.0, 0.0), (0.0, 0.0, 0.0, -1.0, 0.0, 0.0, 0.0, 1.0, 1.0), (0.0, 0.0, 0.0, -1.0, 0.0, 0.0, 1.0, 0.0, 0.0), (0.0, 0.0, 0.0, -1.0, 0.0, 0.0, 1.0, 0.0, 1.0), (0.0, 0.0, 0.0, -1.0, 0.0, 0.0, 1.0, 1.0, 0.0), (0.0, 0.0, 0.0, -1.0, 0.0, 0.0, 1.0, 1.0, 1.0), (0.0, 0.0, 0.0, -1.0, 0.0, 1.0, 0.0, 0.0, 0.0), (0.0, 0.0, 0.0, -1.0, 0.0, 1.0, 0.0, 0.0, 1.0), (0.0, 0.0, 0.0, -1.0, 0.0, 1.0, 0.0, 1.0, 0.0), (0.0, 0.0, 0.0, -1.0, 0.0, 1.0, 0.0, 1.0, 1.0), (0.0, 0.0, 0.0, -1.0, 0.0, 1.0, 1.0, 0.0, 0.0), (0.0, 0.0, 0.0, -1.0, 0.0, 1.0, 1.0, 0.0, 1.0), (0.0, 0.0, 0.0, -1.0, 0.0, 1.0, 1.0, 1.0, 0.0), (0.0, 0.0, 0.0, -1.0, 0.0, 1.0, 1.0, 1.0, 1.0), (0.0, 0.0, 0.0, -1.0, 1.0, -1.0, 0.0, 0.0, 0.0), (0.0, 0.0, 0.0, -1.0, 1.0, -1.0, 0.0, 0.0, 1.0), (0.0, 0.0, 0.0, -1.0, 1.0, -1.0, 0.0, 1.0, 0.0), (0.0, 0.0, 0.0, -1.0, 1.0, -1.0, 0.0, 1.0, 1.0), (0.0, 0.0, 0.0, -1.0, 1.0, -1.0, 1.0, 0.0, 0.0), (0.0, 0.0, 0.0, -1.0, 1.0, -1.0, 1.0, 0.0, 1.0), (0.0, 0.0, 0.0, -1.0, 1.0, -1.0, 1.0, 1.0, 0.0), (0.0, 0.0, 0.0, -1.0, 1.0, -1.0, 1.0, 1.0, 1.0), (0.0, 0.0, 0.0, -1.0, 1.0, 0.0, 0.0, 0.0, 0.0), (0.0, 0.0, 0.0, -1.0, 1.0, 0.0, 0.0, 0.0, 1.0), (0.0, 0.0, 0.0, -1.0, 1.0, 0.0, 0.0, 1.0, 0.0), (0.0, 0.0, 0.0, -1.0, 1.0, 0.0, 0.0, 1.0, 1.0), (0.0, 0.0, 0.0, -1.0, 1.0, 0.0, 1.0, 0.0, 0.0), (0.0, 0.0, 0.0, -1.0, 1.0, 0.0, 1.0, 0.0, 1.0), (0.0, 0.0, 0.0, -1.0, 1.0, 0.0, 1.0, 1.0, 1.0), (0.0, 0.0, 0.0, -1.0, 1.0, 1.0, 0.0, 0.0, 0.0), (0.0, 0.0, 0.0, -1.0, 1.0, 1.0, 0.0, 0.0, 1.0), (0.0, 0.0, 0.0, -1.0, 1.0, 1.0, 0.0, 1.0, 0.0), (0.0, 0.0, 0.0, -1.0, 1.0, 1.0, 0.0, 1.0, 1.0), (0.0, 0.0, 0.0, -1.0, 1.0, 1.0, 1.0, 0.0, 0.0), (0.0, 0.0, 0.0, -1.0, 1.0, 1.0, 1.0, 0.0, 1.0), (0.0, 0.0, 0.0, -1.0, 1.0, 1.0, 1.0, 1.0, 0.0), (0.0, 0.0, 0.0, -1.0, 1.0, 1.0, 1.0, 1.0, 1.0), (0.0, 0.0, 0.0, 0.0, -1.0, -1.0, 0.0, 0.0, 0.0), (0.0, 0.0, 0.0, 0.0, -1.0, -1.0, 0.0, 0.0, 1.0), (0.0, 0.0, 0.0, 0.0, -1.0, -1.0, 0.0, 1.0, 0.0), (0.0, 0.0, 0.0, 0.0, -1.0, -1.0, 0.0, 1.0, 1.0), (0.0, 0.0, 0.0, 0.0, -1.0, -1.0, 1.0, 0.0, 0.0), (0.0, 0.0, 0.0, 0.0, -1.0, -1.0, 1.0, 0.0, 1.0), (0.0, 0.0, 0.0, 0.0, -1.0, -1.0, 1.0, 1.0, 0.0), (0.0, 0.0, 0.0, 0.0, -1.0, -1.0, 1.0, 1.0, 1.0), (0.0, 0.0, 0.0, 0.0, -1.0, 0.0, 0.0, 0.0, 0.0), (0.0, 0.0, 0.0, 0.0, -1.0, 0.0, 0.0, 0.0, 1.0), (0.0, 0.0, 0.0, 0.0, -1.0, 0.0, 0.0, 1.0, 0.0), (0.0, 0.0, 0.0, 0.0, -1.0, 0.0, 0.0, 1.0, 1.0), (0.0, 0.0, 0.0, 0.0, -1.0, 0.0, 1.0, 0.0, 0.0), (0.0, 0.0, 0.0, 0.0, -1.0, 0.0, 1.0, 0.0, 1.0), (0.0, 0.0, 0.0, 0.0, -1.0, 0.0, 1.0, 1.0, 0.0), (0.0, 0.0, 0.0, 0.0, -1.0, 0.0, 1.0, 1.0, 1.0), (0.0, 0.0, 0.0, 0.0, -1.0, 1.0, 0.0, 0.0, 0.0), (0.0, 0.0, 0.0, 0.0, -1.0, 1.0, 0.0, 0.0, 1.0), (0.0, 0.0, 0.0, 0.0, -1.0, 1.0, 0.0, 1.0, 0.0), (0.0, 0.0, 0.0, 0.0, -1.0, 1.0, 0.0, 1.0, 1.0), (0.0, 0.0, 0.0, 0.0, -1.0, 1.0, 1.0, 0.0, 0.0), (0.0, 0.0, 0.0, 0.0, -1.0, 1.0, 1.0, 0.0, 1.0), (0.0, 0.0, 0.0, 0.0, -1.0, 1.0, 1.0, 1.0, 1.0), (0.0, 0.0, 0.0, 0.0, 0.0, -1.0, 0.0, 0.0, 0.0), (0.0, 0.0, 0.0, 0.0, 0.0, -1.0, 0.0, 0.0, 1.0), (0.0, 0.0, 0.0, 0.0, 0.0, -1.0, 0.0, 1.0, 0.0), (0.0, 0.0, 0.0, 0.0, 0.0, -1.0, 0.0, 1.0, 1.0), (0.0, 0.0, 0.0, 0.0, 0.0, -1.0, 1.0, 0.0, 0.0), (0.0, 0.0, 0.0, 0.0, 0.0, -1.0, 1.0, 0.0, 1.0), (0.0, 0.0, 0.0, 0.0, 0.0, -1.0, 1.0, 1.0, 0.0), (0.0, 0.0, 0.0, 0.0, 0.0, -1.0, 1.0, 1.0, 1.0), (0.0, 0.0, 0.0, 0.0, 0.0, 0.0, 0.0, 0.0, 0.0), (0.0, 0.0, 0.0, 0.0, 0.0, 0.0, 0.0, 0.0, 1.0), (0.0, 0.0, 0.0, 0.0, 0.0, 0.0, 0.0, 1.0, 0.0), (0.0, 0.0, 0.0, 0.0, 0.0, 0.0, 0.0, 1.0, 1.0), (0.0, 0.0, 0.0, 0.0, 0.0, 0.0, 1.0, 0.0, 0.0), (0.0, 0.0, 0.0, 0.0, 0.0, 0.0, 1.0, 0.0, 1.0), (0.0, 0.0, 0.0, 0.0, 0.0, 0.0, 1.0, 1.0, 0.0), (0.0, 0.0, 0.0, 0.0, 0.0, 1.0, 0.0, 0.0, 0.0), (0.0, 0.0, 0.0, 0.0, 0.0, 1.0, 0.0, 0.0, 1.0), (0.0, 0.0, 0.0, 0.0, 0.0, 1.0, 0.0, 1.0, 0.0), (0.0, 0.0, 0.0, 0.0, 0.0, 1.0, 0.0, 1.0, 1.0), (0.0, 0.0, 0.0, 0.0, 0.0, 1.0, 1.0, 0.0, 0.0), (0.0, 0.0, 0.0, 0.0, 0.0, 1.0, 1.0, 0.0, 1.0), (0.0, 0.0, 0.0, 0.0, 0.0, 1.0, 1.0, 1.0, 0.0), (0.0, 0.0, 0.0, 0.0, 0.0, 1.0, 1.0, 1.0, 1.0), (0.0, 0.0, 0.0, 0.0, 1.0, -1.0, 0.0, 0.0, 0.0), (0.0, 0.0, 0.0, 0.0, 1.0, -1.0, 0.0, 0.0, 1.0), (0.0, 0.0, 0.0, 0.0, 1.0, -1.0, 0.0, 1.0, 0.0), (0.0, 0.0, 0.0, 0.0, 1.0, -1.0, 0.0, 1.0, 1.0), (0.0, 0.0, 0.0, 0.0, 1.0, -1.0, 1.0, 0.0, 0.0), (0.0, 0.0, 0.0, 0.0, 1.0, -1.0, 1.0, 0.0, 1.0), (0.0, 0.0, 0.0, 0.0, 1.0, -1.0, 1.0, 1.0, 0.0), (0.0, 0.0, 0.0, 0.0, 1.0, -1.0, 1.0, 1.0, 1.0), (0.0, 0.0, 0.0, 0.0, 1.0, 0.0, 0.0, 0.0, 0.0), (0.0, 0.0, 0.0, 0.0, 1.0, 0.0, 0.0, 0.0, 1.0), (0.0, 0.0, 0.0, 0.0, 1.0, 0.0, 0.0, 1.0, 0.0), (0.0, 0.0, 0.0, 0.0, 1.0, 0.0, 0.0, 1.0, 1.0), (0.0, 0.0, 0.0, 0.0, 1.0, 0.0, 1.0, 0.0, 0.0), (0.0, 0.0, 0.0, 0.0, 1.0, 0.0, 1.0, 0.0, 1.0), (0.0, 0.0, 0.0, 0.0, 1.0, 0.0, 1.0, 1.0, 0.0), (0.0, 0.0, 0.0, 0.0, 1.0, 0.0, 1.0, 1.0, 1.0), (0.0, 0.0, 0.0, 0.0, 1.0, 1.0, 0.0, 0.0, 0.0), (0.0, 0.0, 0.0, 0.0, 1.0, 1.0, 0.0, 0.0, 1.0), (0.0, 0.0, 0.0, 0.0, 1.0, 1.0, 0.0, 1.0, 0.0), (0.0, 0.0, 0.0, 0.0, 1.0, 1.0, 0.0, 1.0, 1.0), (0.0, 0.0, 0.0, 0.0, 1.0, 1.0, 1.0, 0.0, 0.0), (0.0, 0.0, 0.0, 0.0, 1.0, 1.0, 1.0, 0.0, 1.0), (0.0, 0.0, 0.0, 0.0, 1.0, 1.0, 1.0, 1.0, 0.0), (0.0, 0.0, 0.0, 0.0, 1.0, 1.0, 1.0, 1.0, 1.0), (0.0, 0.0, 0.0, 1.0, -1.0, -1.0, 0.0, 0.0, 0.0), (0.0, 0.0, 0.0, 1.0, -1.0, -1.0, 0.0, 0.0, 1.0), (0.0, 0.0, 0.0, 1.0, -1.0, -1.0, 0.0, 1.0, 0.0), (0.0, 0.0, 0.0, 1.0, -1.0, -1.0, 0.0, 1.0, 1.0), (0.0, 0.0, 0.0, 1.0, -1.0, -1.0, 1.0, 0.0, 0.0), (0.0, 0.0, 0.0, 1.0, -1.0, -1.0, 1.0, 0.0, 1.0), (0.0, 0.0, 0.0, 1.0, -1.0, -1.0, 1.0, 1.0, 0.0), (0.0, 0.0, 0.0, 1.0, -1.0, -1.0, 1.0, 1.0, 1.0), (0.0, 0.0, 0.0, 1.0, -1.0, 0.0, 0.0, 0.0, 0.0), (0.0, 0.0, 0.0, 1.0, -1.0, 0.0, 0.0, 0.0, 1.0), (0.0, 0.0, 0.0, 1.0, -1.0, 0.0, 0.0, 1.0, 0.0), (0.0, 0.0, 0.0, 1.0, -1.0, 0.0, 0.0, 1.0, 1.0), (0.0, 0.0, 0.0, 1.0, -1.0, 0.0, 1.0, 0.0, 0.0), (0.0, 0.0, 0.0, 1.0, -1.0, 0.0, 1.0, 0.0, 1.0), (0.0, 0.0, 0.0, 1.0, -1.0, 0.0, 1.0, 1.0, 0.0), (0.0, 0.0, 0.0, 1.0, -1.0, 1.0, 0.0, 0.0, 0.0), (0.0, 0.0, 0.0, 1.0, -1.0, 1.0, 0.0, 0.0, 1.0), (0.0, 0.0, 0.0, 1.0, -1.0, 1.0, 0.0, 1.0, 0.0), (0.0, 0.0, 0.0, 1.0, -1.0, 1.0, 0.0, 1.0, 1.0), (0.0, 0.0, 0.0, 1.0, -1.0, 1.0, 1.0, 0.0, 0.0), (0.0, 0.0, 0.0, 1.0, -1.0, 1.0, 1.0, 0.0, 1.0), (0.0, 0.0, 0.0, 1.0, -1.0, 1.0, 1.0, 1.0, 0.0), (0.0, 0.0, 0.0, 1.0, -1.0, 1.0, 1.0, 1.0, 1.0), (0.0, 0.0, 0.0, 1.0, 0.0, 0.0, 0.0, 0.0, 0.0), (0.0, 0.0, 0.0, 1.0, 0.0, 0.0, 0.0, 0.0, 1.0), (0.0, 0.0, 0.0, 1.0, 0.0, 0.0, 0.0, 1.0, 0.0), (0.0, 0.0, 0.0, 1.0, 0.0, 0.0, 0.0, 1.0, 1.0), (0.0, 0.0, 0.0, 1.0, 0.0, 0.0, 1.0, 0.0, 0.0), (0.0, 0.0, 0.0, 1.0, 0.0, 0.0, 1.0, 0.0, 1.0), (0.0, 0.0, 0.0, 1.0, 0.0, 0.0, 1.0, 1.0, 1.0), (0.0, 0.0, 0.0, 1.0, 0.0, 1.0, 0.0, 0.0, 0.0), (0.0, 0.0, 0.0, 1.0, 0.0, 1.0, 1.0, 0.0, 1.0), (0.0, 0.0, 0.0, 1.0, 1.0, 1.0, 0.0, 0.0, 0.0), (0.0, 0.0, 0.0, 1.0, 1.0, 1.0, 0.0, 0.0, 1.0), (0.0, 0.0, 0.0, 1.0, 1.0, 1.0, 0.0, 1.0, 0.0), (0.0, 0.0, 0.0, 1.0, 1.0, 1.0, 0.0, 1.0, 1.0), (0.0, 0.0, 0.0, 1.0, 1.0, 1.0, 1.0, 0.0, 1.0), (0.0, 0.0, 0.0, 1.0, 1.0, 1.0, 1.0, 1.0, 0.0), (0.0, 0.0, 0.0, 1.0, 1.0, 1.0, 1.0, 1.0, 1.0), (0.0, 0.0, 1.0, -1.0, -1.0, -1.0, 0.0, 0.0, 1.0), (0.0, 0.0, 1.0, -1.0, -1.0, -1.0, 0.0, 1.0, 1.0), (0.0, 0.0, 1.0, -1.0, -1.0, -1.0, 1.0, 0.0, 0.0), (0.0, 0.0, 1.0, -1.0, -1.0, -1.0, 1.0, 0.0, 1.0), (0.0, 0.0, 1.0, -1.0, -1.0, -1.0, 1.0, 1.0, 0.0), (0.0, 0.0, 1.0, -1.0, -1.0, -1.0, 1.0, 1.0, 1.0), (0.0, 0.0, 1.0, -1.0, -1.0, 0.0, 0.0, 0.0, 0.0), (0.0, 0.0, 1.0, -1.0, -1.0, 0.0, 0.0, 0.0, 1.0), (0.0, 0.0, 1.0, -1.0, -1.0, 0.0, 0.0, 1.0, 0.0), (0.0, 0.0, 1.0, -1.0, -1.0, 0.0, 0.0, 1.0, 1.0), (0.0, 0.0, 1.0, -1.0, -1.0, 0.0, 1.0, 0.0, 0.0), (0.0, 0.0, 1.0, -1.0, -1.0, 0.0, 1.0, 0.0, 1.0), (0.0, 0.0, 1.0, -1.0, -1.0, 0.0, 1.0, 1.0, 0.0), (0.0, 0.0, 1.0, -1.0, -1.0, 0.0, 1.0, 1.0, 1.0), (0.0, 0.0, 1.0, -1.0, -1.0, 1.0, 0.0, 0.0, 0.0), (0.0, 0.0, 1.0, -1.0, -1.0, 1.0, 0.0, 0.0, 1.0), (0.0, 0.0, 1.0, -1.0, -1.0, 1.0, 0.0, 1.0, 0.0), (0.0, 0.0, 1.0, -1.0, -1.0, 1.0, 0.0, 1.0, 1.0), (0.0, 0.0, 1.0, -1.0, -1.0, 1.0, 1.0, 0.0, 0.0), (0.0, 0.0, 1.0, -1.0, -1.0, 1.0, 1.0, 0.0, 1.0), (0.0, 0.0, 1.0, -1.0, -1.0, 1.0, 1.0, 1.0, 0.0), (0.0, 0.0, 1.0, -1.0, -1.0, 1.0, 1.0, 1.0, 1.0), (0.0, 0.0, 1.0, -1.0, 0.0, -1.0, 0.0, 0.0, 0.0), (0.0, 0.0, 1.0, -1.0, 0.0, -1.0, 0.0, 0.0, 1.0), (0.0, 0.0, 1.0, -1.0, 0.0, -1.0, 0.0, 1.0, 0.0), (0.0, 0.0, 1.0, -1.0, 0.0, -1.0, 0.0, 1.0, 1.0), (0.0, 0.0, 1.0, -1.0, 0.0, -1.0, 1.0, 0.0, 0.0), (0.0, 0.0, 1.0, -1.0, 0.0, -1.0, 1.0, 0.0, 1.0), (0.0, 0.0, 1.0, -1.0, 0.0, -1.0, 1.0, 1.0, 0.0), (0.0, 0.0, 1.0, -1.0, 0.0, -1.0, 1.0, 1.0, 1.0), (0.0, 0.0, 1.0, -1.0, 0.0, 0.0, 0.0, 0.0, 0.0), (0.0, 0.0, 1.0, -1.0, 0.0, 0.0, 0.0, 0.0, 1.0), (0.0, 0.0, 1.0, -1.0, 0.0, 0.0, 0.0, 1.0, 0.0), (0.0, 0.0, 1.0, -1.0, 0.0, 0.0, 0.0, 1.0, 1.0), (0.0, 0.0, 1.0, -1.0, 0.0, 0.0, 1.0, 0.0, 0.0), (0.0, 0.0, 1.0, -1.0, 0.0, 0.0, 1.0, 0.0, 1.0), (0.0, 0.0, 1.0, -1.0, 0.0, 0.0, 1.0, 1.0, 0.0), (0.0, 0.0, 1.0, -1.0, 0.0, 0.0, 1.0, 1.0, 1.0), (0.0, 0.0, 1.0, -1.0, 0.0, 1.0, 0.0, 0.0, 0.0), (0.0, 0.0, 1.0, -1.0, 0.0, 1.0, 0.0, 0.0, 1.0), (0.0, 0.0, 1.0, -1.0, 0.0, 1.0, 0.0, 1.0, 0.0), (0.0, 0.0, 1.0, -1.0, 0.0, 1.0, 0.0, 1.0, 1.0), (0.0, 0.0, 1.0, -1.0, 0.0, 1.0, 1.0, 0.0, 0.0), (0.0, 0.0, 1.0, -1.0, 0.0, 1.0, 1.0, 0.0, 1.0), (0.0, 0.0, 1.0, -1.0, 0.0, 1.0, 1.0, 1.0, 0.0), (0.0, 0.0, 1.0, -1.0, 0.0, 1.0, 1.0, 1.0, 1.0), (0.0, 0.0, 1.0, -1.0, 1.0, -1.0, 0.0, 0.0, 1.0), (0.0, 0.0, 1.0, -1.0, 1.0, -1.0, 0.0, 1.0, 1.0), (0.0, 0.0, 1.0, -1.0, 1.0, -1.0, 1.0, 0.0, 0.0), (0.0, 0.0, 1.0, -1.0, 1.0, -1.0, 1.0, 0.0, 1.0), (0.0, 0.0, 1.0, -1.0, 1.0, -1.0, 1.0, 1.0, 0.0), (0.0, 0.0, 1.0, -1.0, 1.0, -1.0, 1.0, 1.0, 1.0), (0.0, 0.0, 1.0, -1.0, 1.0, 0.0, 0.0, 0.0, 0.0), (0.0, 0.0, 1.0, -1.0, 1.0, 0.0, 0.0, 0.0, 1.0), (0.0, 0.0, 1.0, -1.0, 1.0, 0.0, 0.0, 1.0, 0.0), (0.0, 0.0, 1.0, -1.0, 1.0, 0.0, 0.0, 1.0, 1.0), (0.0, 0.0, 1.0, -1.0, 1.0, 0.0, 1.0, 0.0, 0.0), (0.0, 0.0, 1.0, -1.0, 1.0, 0.0, 1.0, 0.0, 1.0), (0.0, 0.0, 1.0, -1.0, 1.0, 0.0, 1.0, 1.0, 0.0), (0.0, 0.0, 1.0, -1.0, 1.0, 0.0, 1.0, 1.0, 1.0), (0.0, 0.0, 1.0, -1.0, 1.0, 1.0, 0.0, 0.0, 0.0), (0.0, 0.0, 1.0, -1.0, 1.0, 1.0, 0.0, 0.0, 1.0), (0.0, 0.0, 1.0, -1.0, 1.0, 1.0, 0.0, 1.0, 0.0), (0.0, 0.0, 1.0, -1.0, 1.0, 1.0, 0.0, 1.0, 1.0), (0.0, 0.0, 1.0, -1.0, 1.0, 1.0, 1.0, 0.0, 0.0), (0.0, 0.0, 1.0, -1.0, 1.0, 1.0, 1.0, 0.0, 1.0), (0.0, 0.0, 1.0, -1.0, 1.0, 1.0, 1.0, 1.0, 0.0), (0.0, 0.0, 1.0, -1.0, 1.0, 1.0, 1.0, 1.0, 1.0), (0.0, 0.0, 1.0, 0.0, -1.0, -1.0, 0.0, 0.0, 0.0), (0.0, 0.0, 1.0, 0.0, -1.0, -1.0, 0.0, 0.0, 1.0), (0.0, 0.0, 1.0, 0.0, -1.0, -1.0, 1.0, 0.0, 0.0), (0.0, 0.0, 1.0, 0.0, -1.0, -1.0, 1.0, 0.0, 1.0), (0.0, 0.0, 1.0, 0.0, -1.0, -1.0, 1.0, 1.0, 0.0), (0.0, 0.0, 1.0, 0.0, -1.0, -1.0, 1.0, 1.0, 1.0), (0.0, 0.0, 1.0, 0.0, -1.0, 0.0, 0.0, 0.0, 0.0), (0.0, 0.0, 1.0, 0.0, -1.0, 0.0, 0.0, 0.0, 1.0), (0.0, 0.0, 1.0, 0.0, -1.0, 0.0, 0.0, 1.0, 0.0), (0.0, 0.0, 1.0, 0.0, -1.0, 0.0, 0.0, 1.0, 1.0), (0.0, 0.0, 1.0, 0.0, -1.0, 0.0, 1.0, 0.0, 0.0), (0.0, 0.0, 1.0, 0.0, -1.0, 0.0, 1.0, 0.0, 1.0), (0.0, 0.0, 1.0, 0.0, -1.0, 0.0, 1.0, 1.0, 0.0), (0.0, 0.0, 1.0, 0.0, -1.0, 0.0, 1.0, 1.0, 1.0), (0.0, 0.0, 1.0, 0.0, -1.0, 1.0, 0.0, 0.0, 0.0), (0.0, 0.0, 1.0, 0.0, -1.0, 1.0, 0.0, 0.0, 1.0), (0.0, 0.0, 1.0, 0.0, -1.0, 1.0, 0.0, 1.0, 0.0), (0.0, 0.0, 1.0, 0.0, -1.0, 1.0, 0.0, 1.0, 1.0), (0.0, 0.0, 1.0, 0.0, -1.0, 1.0, 1.0, 0.0, 1.0), (0.0, 0.0, 1.0, 0.0, -1.0, 1.0, 1.0, 1.0, 0.0), (0.0, 0.0, 1.0, 0.0, 0.0, -1.0, 0.0, 0.0, 0.0), (0.0, 0.0, 1.0, 0.0, 0.0, -1.0, 0.0, 0.0, 1.0), (0.0, 0.0, 1.0, 0.0, 0.0, -1.0, 0.0, 1.0, 0.0), (0.0, 0.0, 1.0, 0.0, 0.0, -1.0, 0.0, 1.0, 1.0), (0.0, 0.0, 1.0, 0.0, 0.0, -1.0, 1.0, 0.0, 0.0), (0.0, 0.0, 1.0, 0.0, 0.0, -1.0, 1.0, 0.0, 1.0), (0.0, 0.0, 1.0, 0.0, 0.0, -1.0, 1.0, 1.0, 0.0), (0.0, 0.0, 1.0, 0.0, 0.0, -1.0, 1.0, 1.0, 1.0), (0.0, 0.0, 1.0, 0.0, 0.0, 0.0, 0.0, 0.0, 0.0), (0.0, 0.0, 1.0, 0.0, 0.0, 0.0, 0.0, 0.0, 1.0), (0.0, 0.0, 1.0, 0.0, 0.0, 0.0, 0.0, 1.0, 0.0), (0.0, 0.0, 1.0, 0.0, 0.0, 0.0, 0.0, 1.0, 1.0), (0.0, 0.0, 1.0, 0.0, 0.0, 0.0, 1.0, 0.0, 0.0), (0.0, 0.0, 1.0, 0.0, 0.0, 0.0, 1.0, 0.0, 1.0), (0.0, 0.0, 1.0, 0.0, 0.0, 0.0, 1.0, 1.0, 0.0), (0.0, 0.0, 1.0, 0.0, 0.0, 0.0, 1.0, 1.0, 1.0), (0.0, 0.0, 1.0, 0.0, 1.0, -1.0, 0.0, 1.0, 1.0), (0.0, 0.0, 1.0, 0.0, 1.0, -1.0, 1.0, 0.0, 0.0), (0.0, 0.0, 1.0, 0.0, 1.0, -1.0, 1.0, 0.0, 1.0), (0.0, 0.0, 1.0, 0.0, 1.0, -1.0, 1.0, 1.0, 0.0), (0.0, 0.0, 1.0, 0.0, 1.0, -1.0, 1.0, 1.0, 1.0), (0.0, 0.0, 1.0, 0.0, 1.0, 0.0, 0.0, 0.0, 0.0), (0.0, 0.0, 1.0, 0.0, 1.0, 0.0, 0.0, 0.0, 1.0), (0.0, 0.0, 1.0, 0.0, 1.0, 0.0, 0.0, 1.0, 0.0), (0.0, 0.0, 1.0, 0.0, 1.0, 0.0, 0.0, 1.0, 1.0), (0.0, 0.0, 1.0, 0.0, 1.0, 0.0, 1.0, 0.0, 0.0), (0.0, 0.0, 1.0, 0.0, 1.0, 0.0, 1.0, 0.0, 1.0), (0.0, 0.0, 1.0, 0.0, 1.0, 0.0, 1.0, 1.0, 0.0), (0.0, 0.0, 1.0, 0.0, 1.0, 0.0, 1.0, 1.0, 1.0), (0.0, 0.0, 1.0, 0.0, 1.0, 1.0, 0.0, 0.0, 0.0), (0.0, 0.0, 1.0, 0.0, 1.0, 1.0, 0.0, 0.0, 1.0), (0.0, 0.0, 1.0, 0.0, 1.0, 1.0, 0.0, 1.0, 0.0), (0.0, 0.0, 1.0, 0.0, 1.0, 1.0, 0.0, 1.0, 1.0), (0.0, 0.0, 1.0, 0.0, 1.0, 1.0, 1.0, 0.0, 0.0), (0.0, 0.0, 1.0, 0.0, 1.0, 1.0, 1.0, 0.0, 1.0), (0.0, 0.0, 1.0, 0.0, 1.0, 1.0, 1.0, 1.0, 0.0), (0.0, 0.0, 1.0, 0.0, 1.0, 1.0, 1.0, 1.0, 1.0), (0.0, 0.0, 1.0, 1.0, -1.0, -1.0, 0.0, 0.0, 1.0), (0.0, 0.0, 1.0, 1.0, -1.0, -1.0, 0.0, 1.0, 0.0), (0.0, 0.0, 1.0, 1.0, -1.0, -1.0, 0.0, 1.0, 1.0), (0.0, 0.0, 1.0, 1.0, -1.0, -1.0, 1.0, 0.0, 0.0), (0.0, 0.0, 1.0, 1.0, -1.0, -1.0, 1.0, 0.0, 1.0), (0.0, 0.0, 1.0, 1.0, -1.0, -1.0, 1.0, 1.0, 0.0), (0.0, 0.0, 1.0, 1.0, -1.0, -1.0, 1.0, 1.0, 1.0), (0.0, 0.0, 1.0, 1.0, -1.0, 0.0, 0.0, 0.0, 0.0), (0.0, 0.0, 1.0, 1.0, -1.0, 0.0, 0.0, 0.0, 1.0), (0.0, 0.0, 1.0, 1.0, -1.0, 0.0, 0.0, 1.0, 0.0), (0.0, 0.0, 1.0, 1.0, -1.0, 0.0, 0.0, 1.0, 1.0), (0.0, 0.0, 1.0, 1.0, -1.0, 0.0, 1.0, 0.0, 0.0), (0.0, 0.0, 1.0, 1.0, -1.0, 0.0, 1.0, 0.0, 1.0), (0.0, 0.0, 1.0, 1.0, -1.0, 0.0, 1.0, 1.0, 0.0), (0.0, 0.0, 1.0, 1.0, -1.0, 0.0, 1.0, 1.0, 1.0), (0.0, 0.0, 1.0, 1.0, -1.0, 1.0, 0.0, 0.0, 0.0), (0.0, 0.0, 1.0, 1.0, -1.0, 1.0, 0.0, 0.0, 1.0), (0.0, 0.0, 1.0, 1.0, -1.0, 1.0, 0.0, 1.0, 0.0), (0.0, 0.0, 1.0, 1.0, -1.0, 1.0, 0.0, 1.0, 1.0), (0.0, 0.0, 1.0, 1.0, -1.0, 1.0, 1.0, 0.0, 0.0), (0.0, 0.0, 1.0, 1.0, -1.0, 1.0, 1.0, 0.0, 1.0), (0.0, 0.0, 1.0, 1.0, -1.0, 1.0, 1.0, 1.0, 0.0), (0.0, 0.0, 1.0, 1.0, -1.0, 1.0, 1.0, 1.0, 1.0), (0.0, 0.0, 1.0, 1.0, 0.0, -1.0, 0.0, 0.0, 0.0), (0.0, 0.0, 1.0, 1.0, 0.0, -1.0, 0.0, 0.0, 1.0), (0.0, 0.0, 1.0, 1.0, 0.0, -1.0, 0.0, 1.0, 0.0), (0.0, 0.0, 1.0, 1.0, 0.0, -1.0, 0.0, 1.0, 1.0), (0.0, 0.0, 1.0, 1.0, 0.0, -1.0, 1.0, 0.0, 0.0), (0.0, 0.0, 1.0, 1.0, 0.0, -1.0, 1.0, 0.0, 1.0), (0.0, 0.0, 1.0, 1.0, 0.0, -1.0, 1.0, 1.0, 0.0), (0.0, 0.0, 1.0, 1.0, 0.0, -1.0, 1.0, 1.0, 1.0), (0.0, 0.0, 1.0, 1.0, 0.0, 0.0, 0.0, 0.0, 0.0), (0.0, 0.0, 1.0, 1.0, 0.0, 0.0, 0.0, 0.0, 1.0), (0.0, 0.0, 1.0, 1.0, 0.0, 0.0, 0.0, 1.0, 0.0), (0.0, 0.0, 1.0, 1.0, 0.0, 0.0, 0.0, 1.0, 1.0), (0.0, 0.0, 1.0, 1.0, 0.0, 0.0, 1.0, 0.0, 0.0), (0.0, 0.0, 1.0, 1.0, 0.0, 0.0, 1.0, 0.0, 1.0), (0.0, 0.0, 1.0, 1.0, 0.0, 0.0, 1.0, 1.0, 0.0), (0.0, 0.0, 1.0, 1.0, 0.0, 0.0, 1.0, 1.0, 1.0), (0.0, 0.0, 1.0, 1.0, 1.0, -1.0, 0.0, 0.0, 0.0), (0.0, 0.0, 1.0, 1.0, 1.0, -1.0, 0.0, 1.0, 0.0), (0.0, 0.0, 1.0, 1.0, 1.0, -1.0, 1.0, 0.0, 0.0), (0.0, 0.0, 1.0, 1.0, 1.0, -1.0, 1.0, 0.0, 1.0), (0.0, 0.0, 1.0, 1.0, 1.0, -1.0, 1.0, 1.0, 0.0), (0.0, 0.0, 1.0, 1.0, 1.0, -1.0, 1.0, 1.0, 1.0), (0.0, 0.0, 1.0, 1.0, 1.0, 0.0, 0.0, 0.0, 0.0), (0.0, 0.0, 1.0, 1.0, 1.0, 0.0, 0.0, 0.0, 1.0), (0.0, 0.0, 1.0, 1.0, 1.0, 0.0, 0.0, 1.0, 0.0), (0.0, 0.0, 1.0, 1.0, 1.0, 0.0, 0.0, 1.0, 1.0), (0.0, 0.0, 1.0, 1.0, 1.0, 0.0, 1.0, 0.0, 0.0), (0.0, 0.0, 1.0, 1.0, 1.0, 0.0, 1.0, 0.0, 1.0), (0.0, 0.0, 1.0, 1.0, 1.0, 0.0, 1.0, 1.0, 0.0), (0.0, 0.0, 1.0, 1.0, 1.0, 0.0, 1.0, 1.0, 1.0), (0.0, 0.0, 1.0, 1.0, 1.0, 1.0, 0.0, 0.0, 0.0), (0.0, 0.0, 1.0, 1.0, 1.0, 1.0, 0.0, 0.0, 1.0), (0.0, 0.0, 1.0, 1.0, 1.0, 1.0, 0.0, 1.0, 0.0), (0.0, 0.0, 1.0, 1.0, 1.0, 1.0, 0.0, 1.0, 1.0), (0.0, 0.0, 1.0, 1.0, 1.0, 1.0, 1.0, 0.0, 0.0), (0.0, 0.0, 1.0, 1.0, 1.0, 1.0, 1.0, 0.0, 1.0), (0.0, 0.0, 1.0, 1.0, 1.0, 1.0, 1.0, 1.0, 1.0), (0.0, 1.0, -1.0, -1.0, -1.0, -1.0, 1.0, 0.0, 1.0), (0.0, 1.0, -1.0, -1.0, -1.0, -1.0, 1.0, 1.0, 0.0), (0.0, 1.0, -1.0, -1.0, -1.0, -1.0, 1.0, 1.0, 1.0), (0.0, 1.0, -1.0, -1.0, -1.0, 0.0, 0.0, 0.0, 0.0), (0.0, 1.0, -1.0, -1.0, -1.0, 0.0, 0.0, 0.0, 1.0), (0.0, 1.0, -1.0, -1.0, -1.0, 0.0, 0.0, 1.0, 0.0), (0.0, 1.0, -1.0, -1.0, -1.0, 0.0, 0.0, 1.0, 1.0), (0.0, 1.0, -1.0, -1.0, -1.0, 0.0, 1.0, 0.0, 0.0), (0.0, 1.0, -1.0, -1.0, -1.0, 0.0, 1.0, 0.0, 1.0), (0.0, 1.0, -1.0, -1.0, -1.0, 0.0, 1.0, 1.0, 0.0), (0.0, 1.0, -1.0, -1.0, -1.0, 0.0, 1.0, 1.0, 1.0), (0.0, 1.0, -1.0, -1.0, -1.0, 1.0, 0.0, 0.0, 1.0), (0.0, 1.0, -1.0, -1.0, -1.0, 1.0, 0.0, 1.0, 1.0), (0.0, 1.0, -1.0, -1.0, -1.0, 1.0, 1.0, 0.0, 0.0), (0.0, 1.0, -1.0, -1.0, -1.0, 1.0, 1.0, 0.0, 1.0), (0.0, 1.0, -1.0, -1.0, -1.0, 1.0, 1.0, 1.0, 0.0), (0.0, 1.0, -1.0, -1.0, -1.0, 1.0, 1.0, 1.0, 1.0), (0.0, 1.0, -1.0, -1.0, 0.0, -1.0, 0.0, 0.0, 1.0), (0.0, 1.0, -1.0, -1.0, 0.0, -1.0, 0.0, 1.0, 1.0), (0.0, 1.0, -1.0, -1.0, 0.0, -1.0, 1.0, 0.0, 0.0), (0.0, 1.0, -1.0, -1.0, 0.0, -1.0, 1.0, 0.0, 1.0), (0.0, 1.0, -1.0, -1.0, 0.0, -1.0, 1.0, 1.0, 0.0), (0.0, 1.0, -1.0, -1.0, 0.0, -1.0, 1.0, 1.0, 1.0), (0.0, 1.0, -1.0, -1.0, 0.0, 0.0, 0.0, 0.0, 1.0), (0.0, 1.0, -1.0, -1.0, 0.0, 0.0, 0.0, 1.0, 1.0), (0.0, 1.0, -1.0, -1.0, 0.0, 0.0, 1.0, 0.0, 0.0), (0.0, 1.0, -1.0, -1.0, 0.0, 0.0, 1.0, 0.0, 1.0), (0.0, 1.0, -1.0, -1.0, 0.0, 0.0, 1.0, 1.0, 0.0), (0.0, 1.0, -1.0, -1.0, 0.0, 0.0, 1.0, 1.0, 1.0), (0.0, 1.0, -1.0, -1.0, 0.0, 1.0, 0.0, 0.0, 0.0), (0.0, 1.0, -1.0, -1.0, 0.0, 1.0, 0.0, 0.0, 1.0), (0.0, 1.0, -1.0, -1.0, 0.0, 1.0, 0.0, 1.0, 0.0), (0.0, 1.0, -1.0, -1.0, 0.0, 1.0, 0.0, 1.0, 1.0), (0.0, 1.0, -1.0, -1.0, 0.0, 1.0, 1.0, 0.0, 0.0), (0.0, 1.0, -1.0, -1.0, 0.0, 1.0, 1.0, 0.0, 1.0), (0.0, 1.0, -1.0, -1.0, 0.0, 1.0, 1.0, 1.0, 0.0), (0.0, 1.0, -1.0, -1.0, 0.0, 1.0, 1.0, 1.0, 1.0), (0.0, 1.0, -1.0, -1.0, 1.0, -1.0, 0.0, 0.0, 1.0), (0.0, 1.0, -1.0, -1.0, 1.0, -1.0, 0.0, 1.0, 1.0), (0.0, 1.0, -1.0, -1.0, 1.0, -1.0, 1.0, 0.0, 0.0), (0.0, 1.0, -1.0, -1.0, 1.0, -1.0, 1.0, 0.0, 1.0), (0.0, 1.0, -1.0, -1.0, 1.0, -1.0, 1.0, 1.0, 0.0), (0.0, 1.0, -1.0, -1.0, 1.0, -1.0, 1.0, 1.0, 1.0), (0.0, 1.0, -1.0, -1.0, 1.0, 0.0, 0.0, 0.0, 1.0), (0.0, 1.0, -1.0, -1.0, 1.0, 0.0, 0.0, 1.0, 0.0), (0.0, 1.0, -1.0, -1.0, 1.0, 0.0, 0.0, 1.0, 1.0), (0.0, 1.0, -1.0, -1.0, 1.0, 0.0, 1.0, 0.0, 0.0), (0.0, 1.0, -1.0, -1.0, 1.0, 0.0, 1.0, 0.0, 1.0), (0.0, 1.0, -1.0, -1.0, 1.0, 0.0, 1.0, 1.0, 0.0), (0.0, 1.0, -1.0, -1.0, 1.0, 0.0, 1.0, 1.0, 1.0), (0.0, 1.0, -1.0, -1.0, 1.0, 1.0, 0.0, 0.0, 1.0), (0.0, 1.0, -1.0, -1.0, 1.0, 1.0, 0.0, 1.0, 0.0), (0.0, 1.0, -1.0, -1.0, 1.0, 1.0, 0.0, 1.0, 1.0), (0.0, 1.0, -1.0, -1.0, 1.0, 1.0, 1.0, 0.0, 0.0), (0.0, 1.0, -1.0, -1.0, 1.0, 1.0, 1.0, 0.0, 1.0), (0.0, 1.0, -1.0, -1.0, 1.0, 1.0, 1.0, 1.0, 0.0), (0.0, 1.0, -1.0, -1.0, 1.0, 1.0, 1.0, 1.0, 1.0), (0.0, 1.0, -1.0, 0.0, -1.0, -1.0, 0.0, 0.0, 0.0), (0.0, 1.0, -1.0, 0.0, -1.0, -1.0, 0.0, 1.0, 0.0), (0.0, 1.0, -1.0, 0.0, -1.0, -1.0, 0.0, 1.0, 1.0), (0.0, 1.0, -1.0, 0.0, -1.0, -1.0, 1.0, 0.0, 0.0), (0.0, 1.0, -1.0, 0.0, -1.0, -1.0, 1.0, 0.0, 1.0), (0.0, 1.0, -1.0, 0.0, -1.0, -1.0, 1.0, 1.0, 0.0), (0.0, 1.0, -1.0, 0.0, -1.0, -1.0, 1.0, 1.0, 1.0), (0.0, 1.0, -1.0, 0.0, -1.0, 0.0, 0.0, 0.0, 0.0), (0.0, 1.0, -1.0, 0.0, -1.0, 0.0, 0.0, 0.0, 1.0), (0.0, 1.0, -1.0, 0.0, -1.0, 0.0, 0.0, 1.0, 0.0), (0.0, 1.0, -1.0, 0.0, -1.0, 0.0, 0.0, 1.0, 1.0), (0.0, 1.0, -1.0, 0.0, -1.0, 0.0, 1.0, 0.0, 0.0), (0.0, 1.0, -1.0, 0.0, -1.0, 0.0, 1.0, 0.0, 1.0), (0.0, 1.0, -1.0, 0.0, -1.0, 0.0, 1.0, 1.0, 0.0), (0.0, 1.0, -1.0, 0.0, -1.0, 0.0, 1.0, 1.0, 1.0), (0.0, 1.0, -1.0, 0.0, -1.0, 1.0, 0.0, 0.0, 0.0), (0.0, 1.0, -1.0, 0.0, -1.0, 1.0, 0.0, 0.0, 1.0), (0.0, 1.0, -1.0, 0.0, -1.0, 1.0, 0.0, 1.0, 0.0), (0.0, 1.0, -1.0, 0.0, -1.0, 1.0, 0.0, 1.0, 1.0), (0.0, 1.0, -1.0, 0.0, -1.0, 1.0, 1.0, 0.0, 0.0), (0.0, 1.0, -1.0, 0.0, -1.0, 1.0, 1.0, 0.0, 1.0), (0.0, 1.0, -1.0, 0.0, -1.0, 1.0, 1.0, 1.0, 0.0), (0.0, 1.0, -1.0, 0.0, -1.0, 1.0, 1.0, 1.0, 1.0), (0.0, 1.0, -1.0, 0.0, 0.0, 0.0, 0.0, 0.0, 0.0), (0.0, 1.0, -1.0, 0.0, 0.0, 0.0, 0.0, 0.0, 1.0), (0.0, 1.0, -1.0, 0.0, 0.0, 0.0, 0.0, 1.0, 0.0), (0.0, 1.0, -1.0, 0.0, 0.0, 0.0, 0.0, 1.0, 1.0), (0.0, 1.0, -1.0, 0.0, 0.0, 0.0, 1.0, 0.0, 0.0), (0.0, 1.0, -1.0, 0.0, 0.0, 0.0, 1.0, 0.0, 1.0), (0.0, 1.0, -1.0, 0.0, 0.0, 0.0, 1.0, 1.0, 0.0), (0.0, 1.0, -1.0, 0.0, 0.0, 0.0, 1.0, 1.0, 1.0), (0.0, 1.0, -1.0, 0.0, 0.0, 1.0, 0.0, 0.0, 0.0), (0.0, 1.0, -1.0, 0.0, 0.0, 1.0, 0.0, 0.0, 1.0), (0.0, 1.0, -1.0, 0.0, 0.0, 1.0, 0.0, 1.0, 0.0), (0.0, 1.0, -1.0, 0.0, 0.0, 1.0, 0.0, 1.0, 1.0), (0.0, 1.0, -1.0, 0.0, 0.0, 1.0, 1.0, 0.0, 0.0), (0.0, 1.0, -1.0, 0.0, 0.0, 1.0, 1.0, 0.0, 1.0), (0.0, 1.0, -1.0, 0.0, 0.0, 1.0, 1.0, 1.0, 0.0), (0.0, 1.0, -1.0, 0.0, 0.0, 1.0, 1.0, 1.0, 1.0), (0.0, 1.0, -1.0, 0.0, 1.0, -1.0, 0.0, 0.0, 0.0), (0.0, 1.0, -1.0, 0.0, 1.0, -1.0, 0.0, 0.0, 1.0), (0.0, 1.0, -1.0, 0.0, 1.0, -1.0, 0.0, 1.0, 0.0), (0.0, 1.0, -1.0, 0.0, 1.0, -1.0, 0.0, 1.0, 1.0), (0.0, 1.0, -1.0, 0.0, 1.0, -1.0, 1.0, 0.0, 0.0), (0.0, 1.0, -1.0, 0.0, 1.0, -1.0, 1.0, 0.0, 1.0), (0.0, 1.0, -1.0, 0.0, 1.0, -1.0, 1.0, 1.0, 0.0), (0.0, 1.0, -1.0, 0.0, 1.0, -1.0, 1.0, 1.0, 1.0), (0.0, 1.0, -1.0, 0.0, 1.0, 0.0, 0.0, 0.0, 0.0), (0.0, 1.0, -1.0, 0.0, 1.0, 0.0, 0.0, 0.0, 1.0), (0.0, 1.0, -1.0, 0.0, 1.0, 0.0, 0.0, 1.0, 0.0), (0.0, 1.0, -1.0, 0.0, 1.0, 0.0, 0.0, 1.0, 1.0), (0.0, 1.0, -1.0, 0.0, 1.0, 0.0, 1.0, 0.0, 0.0), (0.0, 1.0, -1.0, 0.0, 1.0, 0.0, 1.0, 0.0, 1.0), (0.0, 1.0, -1.0, 0.0, 1.0, 0.0, 1.0, 1.0, 0.0), (0.0, 1.0, -1.0, 0.0, 1.0, 0.0, 1.0, 1.0, 1.0), (0.0, 1.0, -1.0, 0.0, 1.0, 1.0, 0.0, 0.0, 0.0), (0.0, 1.0, -1.0, 0.0, 1.0, 1.0, 0.0, 0.0, 1.0), (0.0, 1.0, -1.0, 0.0, 1.0, 1.0, 0.0, 1.0, 0.0), (0.0, 1.0, -1.0, 0.0, 1.0, 1.0, 0.0, 1.0, 1.0), (0.0, 1.0, -1.0, 0.0, 1.0, 1.0, 1.0, 0.0, 0.0), (0.0, 1.0, -1.0, 0.0, 1.0, 1.0, 1.0, 0.0, 1.0), (0.0, 1.0, -1.0, 0.0, 1.0, 1.0, 1.0, 1.0, 0.0), (0.0, 1.0, -1.0, 0.0, 1.0, 1.0, 1.0, 1.0, 1.0), (0.0, 1.0, -1.0, 1.0, -1.0, -1.0, 0.0, 0.0, 1.0), (0.0, 1.0, -1.0, 1.0, -1.0, -1.0, 0.0, 1.0, 1.0), (0.0, 1.0, -1.0, 1.0, -1.0, -1.0, 1.0, 0.0, 0.0), (0.0, 1.0, -1.0, 1.0, -1.0, -1.0, 1.0, 1.0, 0.0), (0.0, 1.0, -1.0, 1.0, -1.0, 0.0, 0.0, 0.0, 0.0), (0.0, 1.0, -1.0, 1.0, -1.0, 0.0, 0.0, 0.0, 1.0), (0.0, 1.0, -1.0, 1.0, -1.0, 0.0, 0.0, 1.0, 0.0), (0.0, 1.0, -1.0, 1.0, -1.0, 0.0, 0.0, 1.0, 1.0), (0.0, 1.0, -1.0, 1.0, -1.0, 0.0, 1.0, 0.0, 0.0), (0.0, 1.0, -1.0, 1.0, -1.0, 0.0, 1.0, 0.0, 1.0), (0.0, 1.0, -1.0, 1.0, -1.0, 0.0, 1.0, 1.0, 0.0), (0.0, 1.0, -1.0, 1.0, -1.0, 0.0, 1.0, 1.0, 1.0), (0.0, 1.0, -1.0, 1.0, -1.0, 1.0, 0.0, 0.0, 0.0), (0.0, 1.0, -1.0, 1.0, -1.0, 1.0, 0.0, 0.0, 1.0), (0.0, 1.0, -1.0, 1.0, -1.0, 1.0, 0.0, 1.0, 0.0), (0.0, 1.0, -1.0, 1.0, -1.0, 1.0, 0.0, 1.0, 1.0), (0.0, 1.0, -1.0, 1.0, -1.0, 1.0, 1.0, 0.0, 0.0), (0.0, 1.0, -1.0, 1.0, -1.0, 1.0, 1.0, 0.0, 1.0), (0.0, 1.0, -1.0, 1.0, -1.0, 1.0, 1.0, 1.0, 0.0), (0.0, 1.0, -1.0, 1.0, -1.0, 1.0, 1.0, 1.0, 1.0), (0.0, 1.0, -1.0, 1.0, 0.0, -1.0, 0.0, 0.0, 0.0), (0.0, 1.0, -1.0, 1.0, 0.0, -1.0, 0.0, 1.0, 0.0), (0.0, 1.0, -1.0, 1.0, 0.0, -1.0, 1.0, 0.0, 0.0), (0.0, 1.0, -1.0, 1.0, 0.0, -1.0, 1.0, 1.0, 0.0), (0.0, 1.0, -1.0, 1.0, 0.0, 0.0, 0.0, 0.0, 0.0), (0.0, 1.0, -1.0, 1.0, 0.0, 0.0, 0.0, 0.0, 1.0), (0.0, 1.0, -1.0, 1.0, 0.0, 0.0, 0.0, 1.0, 0.0), (0.0, 1.0, -1.0, 1.0, 0.0, 0.0, 0.0, 1.0, 1.0), (0.0, 1.0, -1.0, 1.0, 0.0, 0.0, 1.0, 0.0, 0.0), (0.0, 1.0, -1.0, 1.0, 0.0, 0.0, 1.0, 0.0, 1.0), (0.0, 1.0, -1.0, 1.0, 0.0, 0.0, 1.0, 1.0, 0.0), (0.0, 1.0, -1.0, 1.0, 0.0, 0.0, 1.0, 1.0, 1.0), (0.0, 1.0, -1.0, 1.0, 0.0, 1.0, 0.0, 0.0, 0.0), (0.0, 1.0, -1.0, 1.0, 0.0, 1.0, 0.0, 0.0, 1.0), (0.0, 1.0, -1.0, 1.0, 0.0, 1.0, 0.0, 1.0, 0.0), (0.0, 1.0, -1.0, 1.0, 0.0, 1.0, 0.0, 1.0, 1.0), (0.0, 1.0, -1.0, 1.0, 0.0, 1.0, 1.0, 0.0, 0.0), (0.0, 1.0, -1.0, 1.0, 0.0, 1.0, 1.0, 1.0, 0.0), (0.0, 1.0, -1.0, 1.0, 1.0, -1.0, 0.0, 0.0, 0.0), (0.0, 1.0, -1.0, 1.0, 1.0, -1.0, 0.0, 0.0, 1.0), (0.0, 1.0, -1.0, 1.0, 1.0, -1.0, 0.0, 1.0, 0.0), (0.0, 1.0, -1.0, 1.0, 1.0, -1.0, 0.0, 1.0, 1.0), (0.0, 1.0, -1.0, 1.0, 1.0, -1.0, 1.0, 0.0, 0.0), (0.0, 1.0, -1.0, 1.0, 1.0, -1.0, 1.0, 1.0, 0.0), (0.0, 1.0, -1.0, 1.0, 1.0, 0.0, 0.0, 0.0, 0.0), (0.0, 1.0, -1.0, 1.0, 1.0, 0.0, 0.0, 1.0, 0.0), (0.0, 1.0, -1.0, 1.0, 1.0, 0.0, 1.0, 0.0, 0.0), (0.0, 1.0, -1.0, 1.0, 1.0, 0.0, 1.0, 1.0, 0.0), (0.0, 1.0, -1.0, 1.0, 1.0, 1.0, 0.0, 0.0, 0.0), (0.0, 1.0, -1.0, 1.0, 1.0, 1.0, 0.0, 0.0, 1.0), (0.0, 1.0, -1.0, 1.0, 1.0, 1.0, 0.0, 1.0, 0.0), (0.0, 1.0, -1.0, 1.0, 1.0, 1.0, 0.0, 1.0, 1.0), (0.0, 1.0, -1.0, 1.0, 1.0, 1.0, 1.0, 0.0, 0.0), (0.0, 1.0, -1.0, 1.0, 1.0, 1.0, 1.0, 1.0, 0.0), (0.0, 1.0, 0.0, -1.0, -1.0, -1.0, 1.0, 0.0, 0.0), (0.0, 1.0, 0.0, -1.0, -1.0, -1.0, 1.0, 0.0, 1.0), (0.0, 1.0, 0.0, -1.0, -1.0, -1.0, 1.0, 1.0, 0.0), (0.0, 1.0, 0.0, -1.0, -1.0, -1.0, 1.0, 1.0, 1.0), (0.0, 1.0, 0.0, -1.0, -1.0, 0.0, 0.0, 0.0, 0.0), (0.0, 1.0, 0.0, -1.0, -1.0, 0.0, 0.0, 0.0, 1.0), (0.0, 1.0, 0.0, -1.0, -1.0, 0.0, 0.0, 1.0, 0.0), (0.0, 1.0, 0.0, -1.0, -1.0, 0.0, 0.0, 1.0, 1.0), (0.0, 1.0, 0.0, -1.0, -1.0, 0.0, 1.0, 0.0, 0.0), (0.0, 1.0, 0.0, -1.0, -1.0, 0.0, 1.0, 0.0, 1.0), (0.0, 1.0, 0.0, -1.0, -1.0, 0.0, 1.0, 1.0, 0.0), (0.0, 1.0, 0.0, -1.0, -1.0, 0.0, 1.0, 1.0, 1.0), (0.0, 1.0, 0.0, -1.0, -1.0, 1.0, 0.0, 1.0, 1.0), (0.0, 1.0, 0.0, -1.0, -1.0, 1.0, 1.0, 0.0, 0.0), (0.0, 1.0, 0.0, -1.0, -1.0, 1.0, 1.0, 0.0, 1.0), (0.0, 1.0, 0.0, -1.0, -1.0, 1.0, 1.0, 1.0, 0.0), (0.0, 1.0, 0.0, -1.0, -1.0, 1.0, 1.0, 1.0, 1.0), (0.0, 1.0, 0.0, -1.0, 0.0, -1.0, 0.0, 0.0, 0.0), (0.0, 1.0, 0.0, -1.0, 0.0, -1.0, 0.0, 0.0, 1.0), (0.0, 1.0, 0.0, -1.0, 0.0, -1.0, 0.0, 1.0, 0.0), (0.0, 1.0, 0.0, -1.0, 0.0, -1.0, 0.0, 1.0, 1.0), (0.0, 1.0, 0.0, -1.0, 0.0, -1.0, 1.0, 0.0, 0.0), (0.0, 1.0, 0.0, -1.0, 0.0, -1.0, 1.0, 0.0, 1.0), (0.0, 1.0, 0.0, -1.0, 0.0, -1.0, 1.0, 1.0, 0.0), (0.0, 1.0, 0.0, -1.0, 0.0, -1.0, 1.0, 1.0, 1.0), (0.0, 1.0, 0.0, -1.0, 0.0, 0.0, 0.0, 0.0, 0.0), (0.0, 1.0, 0.0, -1.0, 0.0, 0.0, 0.0, 0.0, 1.0), (0.0, 1.0, 0.0, -1.0, 0.0, 0.0, 0.0, 1.0, 0.0), (0.0, 1.0, 0.0, -1.0, 0.0, 0.0, 0.0, 1.0, 1.0), (0.0, 1.0, 0.0, -1.0, 0.0, 0.0, 1.0, 0.0, 0.0), (0.0, 1.0, 0.0, -1.0, 0.0, 0.0, 1.0, 0.0, 1.0), (0.0, 1.0, 0.0, -1.0, 0.0, 0.0, 1.0, 1.0, 0.0), (0.0, 1.0, 0.0, -1.0, 0.0, 0.0, 1.0, 1.0, 1.0), (0.0, 1.0, 0.0, -1.0, 0.0, 1.0, 0.0, 0.0, 0.0), (0.0, 1.0, 0.0, -1.0, 0.0, 1.0, 0.0, 0.0, 1.0), (0.0, 1.0, 0.0, -1.0, 0.0, 1.0, 0.0, 1.0, 0.0), (0.0, 1.0, 0.0, -1.0, 0.0, 1.0, 0.0, 1.0, 1.0), (0.0, 1.0, 0.0, -1.0, 0.0, 1.0, 1.0, 0.0, 0.0), (0.0, 1.0, 0.0, -1.0, 0.0, 1.0, 1.0, 0.0, 1.0), (0.0, 1.0, 0.0, -1.0, 0.0, 1.0, 1.0, 1.0, 0.0), (0.0, 1.0, 0.0, -1.0, 0.0, 1.0, 1.0, 1.0, 1.0), (0.0, 1.0, 0.0, -1.0, 1.0, -1.0, 0.0, 0.0, 0.0), (0.0, 1.0, 0.0, -1.0, 1.0, -1.0, 0.0, 0.0, 1.0), (0.0, 1.0, 0.0, -1.0, 1.0, -1.0, 0.0, 1.0, 0.0), (0.0, 1.0, 0.0, -1.0, 1.0, -1.0, 0.0, 1.0, 1.0), (0.0, 1.0, 0.0, -1.0, 1.0, -1.0, 1.0, 0.0, 0.0), (0.0, 1.0, 0.0, -1.0, 1.0, -1.0, 1.0, 0.0, 1.0), (0.0, 1.0, 0.0, -1.0, 1.0, -1.0, 1.0, 1.0, 0.0), (0.0, 1.0, 0.0, -1.0, 1.0, -1.0, 1.0, 1.0, 1.0), (0.0, 1.0, 0.0, -1.0, 1.0, 0.0, 0.0, 0.0, 0.0), (0.0, 1.0, 0.0, -1.0, 1.0, 0.0, 0.0, 0.0, 1.0), (0.0, 1.0, 0.0, -1.0, 1.0, 0.0, 0.0, 1.0, 0.0), (0.0, 1.0, 0.0, -1.0, 1.0, 0.0, 0.0, 1.0, 1.0), (0.0, 1.0, 0.0, -1.0, 1.0, 0.0, 1.0, 0.0, 0.0), (0.0, 1.0, 0.0, -1.0, 1.0, 0.0, 1.0, 0.0, 1.0), (0.0, 1.0, 0.0, -1.0, 1.0, 0.0, 1.0, 1.0, 0.0), (0.0, 1.0, 0.0, -1.0, 1.0, 0.0, 1.0, 1.0, 1.0), (0.0, 1.0, 0.0, -1.0, 1.0, 1.0, 0.0, 0.0, 0.0), (0.0, 1.0, 0.0, -1.0, 1.0, 1.0, 0.0, 0.0, 1.0), (0.0, 1.0, 0.0, -1.0, 1.0, 1.0, 0.0, 1.0, 0.0), (0.0, 1.0, 0.0, -1.0, 1.0, 1.0, 0.0, 1.0, 1.0), (0.0, 1.0, 0.0, -1.0, 1.0, 1.0, 1.0, 0.0, 0.0), (0.0, 1.0, 0.0, -1.0, 1.0, 1.0, 1.0, 0.0, 1.0), (0.0, 1.0, 0.0, -1.0, 1.0, 1.0, 1.0, 1.0, 0.0), (0.0, 1.0, 0.0, -1.0, 1.0, 1.0, 1.0, 1.0, 1.0), (0.0, 1.0, 0.0, 0.0, -1.0, -1.0, 0.0, 0.0, 1.0), (0.0, 1.0, 0.0, 0.0, -1.0, -1.0, 1.0, 0.0, 0.0), (0.0, 1.0, 0.0, 0.0, -1.0, -1.0, 1.0, 0.0, 1.0), (0.0, 1.0, 0.0, 0.0, -1.0, -1.0, 1.0, 1.0, 0.0), (0.0, 1.0, 0.0, 0.0, -1.0, -1.0, 1.0, 1.0, 1.0), (0.0, 1.0, 0.0, 0.0, -1.0, 0.0, 0.0, 0.0, 0.0), (0.0, 1.0, 0.0, 0.0, -1.0, 0.0, 0.0, 0.0, 1.0), (0.0, 1.0, 0.0, 0.0, -1.0, 0.0, 0.0, 1.0, 0.0), (0.0, 1.0, 0.0, 0.0, -1.0, 0.0, 0.0, 1.0, 1.0), (0.0, 1.0, 0.0, 0.0, -1.0, 0.0, 1.0, 0.0, 0.0), (0.0, 1.0, 0.0, 0.0, -1.0, 0.0, 1.0, 0.0, 1.0), (0.0, 1.0, 0.0, 0.0, -1.0, 0.0, 1.0, 1.0, 0.0), (0.0, 1.0, 0.0, 0.0, -1.0, 0.0, 1.0, 1.0, 1.0), (0.0, 1.0, 0.0, 0.0, -1.0, 1.0, 0.0, 0.0, 0.0), (0.0, 1.0, 0.0, 0.0, -1.0, 1.0, 0.0, 0.0, 1.0), (0.0, 1.0, 0.0, 0.0, -1.0, 1.0, 0.0, 1.0, 0.0), (0.0, 1.0, 0.0, 0.0, -1.0, 1.0, 0.0, 1.0, 1.0), (0.0, 1.0, 0.0, 0.0, -1.0, 1.0, 1.0, 0.0, 0.0), (0.0, 1.0, 0.0, 0.0, -1.0, 1.0, 1.0, 0.0, 1.0), (0.0, 1.0, 0.0, 0.0, -1.0, 1.0, 1.0, 1.0, 0.0), (0.0, 1.0, 0.0, 0.0, -1.0, 1.0, 1.0, 1.0, 1.0), (0.0, 1.0, 0.0, 0.0, 0.0, -1.0, 0.0, 1.0, 1.0), (0.0, 1.0, 0.0, 0.0, 0.0, 0.0, 0.0, 0.0, 0.0), (0.0, 1.0, 0.0, 0.0, 0.0, 0.0, 0.0, 0.0, 1.0), (0.0, 1.0, 0.0, 0.0, 0.0, 0.0, 0.0, 1.0, 0.0), (0.0, 1.0, 0.0, 0.0, 0.0, 0.0, 0.0, 1.0, 1.0), (0.0, 1.0, 0.0, 0.0, 0.0, 0.0, 1.0, 0.0, 0.0), (0.0, 1.0, 0.0, 0.0, 0.0, 0.0, 1.0, 0.0, 1.0), (0.0, 1.0, 0.0, 0.0, 0.0, 0.0, 1.0, 1.0, 0.0), (0.0, 1.0, 0.0, 0.0, 0.0, 0.0, 1.0, 1.0, 1.0), (0.0, 1.0, 0.0, 0.0, 0.0, 1.0, 0.0, 0.0, 0.0), (0.0, 1.0, 0.0, 0.0, 0.0, 1.0, 0.0, 0.0, 1.0), (0.0, 1.0, 0.0, 0.0, 0.0, 1.0, 0.0, 1.0, 0.0), (0.0, 1.0, 0.0, 0.0, 0.0, 1.0, 1.0, 0.0, 0.0), (0.0, 1.0, 0.0, 0.0, 0.0, 1.0, 1.0, 0.0, 1.0), (0.0, 1.0, 0.0, 0.0, 0.0, 1.0, 1.0, 1.0, 1.0), (0.0, 1.0, 0.0, 0.0, 1.0, -1.0, 0.0, 0.0, 0.0), (0.0, 1.0, 0.0, 0.0, 1.0, -1.0, 0.0, 0.0, 1.0), (0.0, 1.0, 0.0, 0.0, 1.0, -1.0, 0.0, 1.0, 0.0), (0.0, 1.0, 0.0, 0.0, 1.0, -1.0, 0.0, 1.0, 1.0), (0.0, 1.0, 0.0, 0.0, 1.0, -1.0, 1.0, 0.0, 0.0), (0.0, 1.0, 0.0, 0.0, 1.0, -1.0, 1.0, 0.0, 1.0), (0.0, 1.0, 0.0, 0.0, 1.0, -1.0, 1.0, 1.0, 0.0), (0.0, 1.0, 0.0, 0.0, 1.0, -1.0, 1.0, 1.0, 1.0), (0.0, 1.0, 0.0, 0.0, 1.0, 0.0, 0.0, 0.0, 0.0), (0.0, 1.0, 0.0, 0.0, 1.0, 0.0, 0.0, 0.0, 1.0), (0.0, 1.0, 0.0, 0.0, 1.0, 0.0, 0.0, 1.0, 0.0), (0.0, 1.0, 0.0, 0.0, 1.0, 0.0, 0.0, 1.0, 1.0), (0.0, 1.0, 0.0, 0.0, 1.0, 0.0, 1.0, 0.0, 0.0), (0.0, 1.0, 0.0, 0.0, 1.0, 0.0, 1.0, 0.0, 1.0), (0.0, 1.0, 0.0, 0.0, 1.0, 0.0, 1.0, 1.0, 1.0), (0.0, 1.0, 0.0, 0.0, 1.0, 1.0, 0.0, 0.0, 0.0), (0.0, 1.0, 0.0, 0.0, 1.0, 1.0, 0.0, 0.0, 1.0), (0.0, 1.0, 0.0, 0.0, 1.0, 1.0, 0.0, 1.0, 0.0), (0.0, 1.0, 0.0, 0.0, 1.0, 1.0, 0.0, 1.0, 1.0), (0.0, 1.0, 0.0, 0.0, 1.0, 1.0, 1.0, 0.0, 0.0), (0.0, 1.0, 0.0, 0.0, 1.0, 1.0, 1.0, 0.0, 1.0), (0.0, 1.0, 0.0, 0.0, 1.0, 1.0, 1.0, 1.0, 0.0), (0.0, 1.0, 0.0, 0.0, 1.0, 1.0, 1.0, 1.0, 1.0), (0.0, 1.0, 0.0, 1.0, -1.0, -1.0, 0.0, 0.0, 0.0), (0.0, 1.0, 0.0, 1.0, -1.0, -1.0, 0.0, 0.0, 1.0), (0.0, 1.0, 0.0, 1.0, -1.0, -1.0, 0.0, 1.0, 0.0), (0.0, 1.0, 0.0, 1.0, -1.0, -1.0, 0.0, 1.0, 1.0), (0.0, 1.0, 0.0, 1.0, -1.0, 0.0, 0.0, 0.0, 0.0), (0.0, 1.0, 0.0, 1.0, -1.0, 0.0, 0.0, 0.0, 1.0), (0.0, 1.0, 0.0, 1.0, -1.0, 0.0, 0.0, 1.0, 0.0), (0.0, 1.0, 0.0, 1.0, -1.0, 0.0, 0.0, 1.0, 1.0), (0.0, 1.0, 0.0, 1.0, -1.0, 0.0, 1.0, 0.0, 0.0), (0.0, 1.0, 0.0, 1.0, -1.0, 0.0, 1.0, 0.0, 1.0), (0.0, 1.0, 0.0, 1.0, -1.0, 0.0, 1.0, 1.0, 0.0), (0.0, 1.0, 0.0, 1.0, -1.0, 0.0, 1.0, 1.0, 1.0), (0.0, 1.0, 0.0, 1.0, -1.0, 1.0, 0.0, 0.0, 0.0), (0.0, 1.0, 0.0, 1.0, -1.0, 1.0, 0.0, 0.0, 1.0), (0.0, 1.0, 0.0, 1.0, -1.0, 1.0, 0.0, 1.0, 0.0), (0.0, 1.0, 0.0, 1.0, -1.0, 1.0, 0.0, 1.0, 1.0), (0.0, 1.0, 0.0, 1.0, -1.0, 1.0, 1.0, 0.0, 0.0), (0.0, 1.0, 0.0, 1.0, -1.0, 1.0, 1.0, 0.0, 1.0), (0.0, 1.0, 0.0, 1.0, -1.0, 1.0, 1.0, 1.0, 0.0), (0.0, 1.0, 0.0, 1.0, -1.0, 1.0, 1.0, 1.0, 1.0), (0.0, 1.0, 0.0, 1.0, 0.0, 0.0, 0.0, 0.0, 0.0), (0.0, 1.0, 0.0, 1.0, 0.0, 0.0, 0.0, 0.0, 1.0), (0.0, 1.0, 0.0, 1.0, 0.0, 0.0, 0.0, 1.0, 0.0), (0.0, 1.0, 0.0, 1.0, 0.0, 0.0, 0.0, 1.0, 1.0), (0.0, 1.0, 0.0, 1.0, 0.0, 0.0, 1.0, 0.0, 0.0), (0.0, 1.0, 0.0, 1.0, 0.0, 0.0, 1.0, 0.0, 1.0), (0.0, 1.0, 0.0, 1.0, 0.0, 0.0, 1.0, 1.0, 0.0), (0.0, 1.0, 0.0, 1.0, 0.0, 0.0, 1.0, 1.0, 1.0), (0.0, 1.0, 0.0, 1.0, 1.0, -1.0, 0.0, 1.0, 0.0), (0.0, 1.0, 0.0, 1.0, 1.0, -1.0, 0.0, 1.0, 1.0), (0.0, 1.0, 0.0, 1.0, 1.0, -1.0, 1.0, 0.0, 1.0), (0.0, 1.0, 0.0, 1.0, 1.0, -1.0, 1.0, 1.0, 1.0), (0.0, 1.0, 0.0, 1.0, 1.0, 1.0, 0.0, 1.0, 0.0), (0.0, 1.0, 1.0, -1.0, -1.0, -1.0, 1.0, 0.0, 1.0), (0.0, 1.0, 1.0, -1.0, -1.0, -1.0, 1.0, 1.0, 1.0), (0.0, 1.0, 1.0, -1.0, -1.0, 0.0, 0.0, 0.0, 1.0), (0.0, 1.0, 1.0, -1.0, -1.0, 0.0, 0.0, 1.0, 0.0), (0.0, 1.0, 1.0, -1.0, -1.0, 0.0, 0.0, 1.0, 1.0), (0.0, 1.0, 1.0, -1.0, -1.0, 0.0, 1.0, 0.0, 1.0), (0.0, 1.0, 1.0, -1.0, -1.0, 0.0, 1.0, 1.0, 0.0), (0.0, 1.0, 1.0, -1.0, -1.0, 0.0, 1.0, 1.0, 1.0), (0.0, 1.0, 1.0, -1.0, -1.0, 1.0, 0.0, 0.0, 1.0), (0.0, 1.0, 1.0, -1.0, -1.0, 1.0, 0.0, 1.0, 1.0), (0.0, 1.0, 1.0, -1.0, -1.0, 1.0, 1.0, 0.0, 0.0), (0.0, 1.0, 1.0, -1.0, -1.0, 1.0, 1.0, 0.0, 1.0), (0.0, 1.0, 1.0, -1.0, -1.0, 1.0, 1.0, 1.0, 0.0), (0.0, 1.0, 1.0, -1.0, -1.0, 1.0, 1.0, 1.0, 1.0), (0.0, 1.0, 1.0, -1.0, 0.0, -1.0, 0.0, 0.0, 1.0), (0.0, 1.0, 1.0, -1.0, 0.0, -1.0, 0.0, 1.0, 1.0), (0.0, 1.0, 1.0, -1.0, 0.0, -1.0, 1.0, 0.0, 1.0), (0.0, 1.0, 1.0, -1.0, 0.0, -1.0, 1.0, 1.0, 1.0), (0.0, 1.0, 1.0, -1.0, 0.0, 0.0, 0.0, 0.0, 0.0), (0.0, 1.0, 1.0, -1.0, 0.0, 0.0, 0.0, 0.0, 1.0), (0.0, 1.0, 1.0, -1.0, 0.0, 0.0, 0.0, 1.0, 0.0), (0.0, 1.0, 1.0, -1.0, 0.0, 0.0, 0.0, 1.0, 1.0), (0.0, 1.0, 1.0, -1.0, 0.0, 0.0, 1.0, 0.0, 0.0), (0.0, 1.0, 1.0, -1.0, 0.0, 0.0, 1.0, 0.0, 1.0), (0.0, 1.0, 1.0, -1.0, 0.0, 0.0, 1.0, 1.0, 0.0), (0.0, 1.0, 1.0, -1.0, 0.0, 0.0, 1.0, 1.0, 1.0), (0.0, 1.0, 1.0, -1.0, 0.0, 1.0, 0.0, 0.0, 0.0), (0.0, 1.0, 1.0, -1.0, 0.0, 1.0, 0.0, 0.0, 1.0), (0.0, 1.0, 1.0, -1.0, 0.0, 1.0, 0.0, 1.0, 0.0), (0.0, 1.0, 1.0, -1.0, 0.0, 1.0, 1.0, 0.0, 0.0), (0.0, 1.0, 1.0, -1.0, 0.0, 1.0, 1.0, 1.0, 0.0), (0.0, 1.0, 1.0, -1.0, 0.0, 1.0, 1.0, 1.0, 1.0), (0.0, 1.0, 1.0, -1.0, 1.0, -1.0, 0.0, 0.0, 1.0), (0.0, 1.0, 1.0, -1.0, 1.0, -1.0, 0.0, 1.0, 1.0), (0.0, 1.0, 1.0, -1.0, 1.0, -1.0, 1.0, 0.0, 0.0), (0.0, 1.0, 1.0, -1.0, 1.0, -1.0, 1.0, 0.0, 1.0), (0.0, 1.0, 1.0, -1.0, 1.0, -1.0, 1.0, 1.0, 0.0), (0.0, 1.0, 1.0, -1.0, 1.0, -1.0, 1.0, 1.0, 1.0), (0.0, 1.0, 1.0, -1.0, 1.0, 0.0, 0.0, 0.0, 0.0), (0.0, 1.0, 1.0, -1.0, 1.0, 0.0, 0.0, 0.0, 1.0), (0.0, 1.0, 1.0, -1.0, 1.0, 0.0, 0.0, 1.0, 0.0), (0.0, 1.0, 1.0, -1.0, 1.0, 0.0, 0.0, 1.0, 1.0), (0.0, 1.0, 1.0, -1.0, 1.0, 0.0, 1.0, 0.0, 0.0), (0.0, 1.0, 1.0, -1.0, 1.0, 0.0, 1.0, 0.0, 1.0), (0.0, 1.0, 1.0, -1.0, 1.0, 0.0, 1.0, 1.0, 1.0), (0.0, 1.0, 1.0, -1.0, 1.0, 1.0, 0.0, 0.0, 0.0), (0.0, 1.0, 1.0, -1.0, 1.0, 1.0, 0.0, 0.0, 1.0), (0.0, 1.0, 1.0, -1.0, 1.0, 1.0, 0.0, 1.0, 0.0), (0.0, 1.0, 1.0, -1.0, 1.0, 1.0, 0.0, 1.0, 1.0), (0.0, 1.0, 1.0, -1.0, 1.0, 1.0, 1.0, 0.0, 0.0), (0.0, 1.0, 1.0, -1.0, 1.0, 1.0, 1.0, 0.0, 1.0), (0.0, 1.0, 1.0, -1.0, 1.0, 1.0, 1.0, 1.0, 0.0), (0.0, 1.0, 1.0, 0.0, -1.0, -1.0, 1.0, 0.0, 0.0), (0.0, 1.0, 1.0, 0.0, -1.0, -1.0, 1.0, 0.0, 1.0), (0.0, 1.0, 1.0, 0.0, -1.0, -1.0, 1.0, 1.0, 0.0), (0.0, 1.0, 1.0, 0.0, -1.0, -1.0, 1.0, 1.0, 1.0), (0.0, 1.0, 1.0, 0.0, -1.0, 0.0, 0.0, 0.0, 0.0), (0.0, 1.0, 1.0, 0.0, -1.0, 0.0, 0.0, 0.0, 1.0), (0.0, 1.0, 1.0, 0.0, -1.0, 0.0, 0.0, 1.0, 0.0), (0.0, 1.0, 1.0, 0.0, -1.0, 0.0, 0.0, 1.0, 1.0), (0.0, 1.0, 1.0, 0.0, -1.0, 0.0, 1.0, 0.0, 0.0), (0.0, 1.0, 1.0, 0.0, -1.0, 0.0, 1.0, 0.0, 1.0), (0.0, 1.0, 1.0, 0.0, -1.0, 0.0, 1.0, 1.0, 1.0), (0.0, 1.0, 1.0, 0.0, -1.0, 1.0, 0.0, 0.0, 0.0), (0.0, 1.0, 1.0, 0.0, -1.0, 1.0, 0.0, 0.0, 1.0), (0.0, 1.0, 1.0, 0.0, -1.0, 1.0, 0.0, 1.0, 0.0), (0.0, 1.0, 1.0, 0.0, -1.0, 1.0, 1.0, 0.0, 0.0), (0.0, 1.0, 1.0, 0.0, -1.0, 1.0, 1.0, 0.0, 1.0), (0.0, 1.0, 1.0, 0.0, -1.0, 1.0, 1.0, 1.0, 0.0), (0.0, 1.0, 1.0, 0.0, -1.0, 1.0, 1.0, 1.0, 1.0), (0.0, 1.0, 1.0, 0.0, 0.0, -1.0, 0.0, 0.0, 0.0), (0.0, 1.0, 1.0, 0.0, 0.0, -1.0, 0.0, 0.0, 1.0), (0.0, 1.0, 1.0, 0.0, 0.0, -1.0, 0.0, 1.0, 0.0), (0.0, 1.0, 1.0, 0.0, 0.0, -1.0, 0.0, 1.0, 1.0), (0.0, 1.0, 1.0, 0.0, 0.0, -1.0, 1.0, 0.0, 1.0), (0.0, 1.0, 1.0, 0.0, 0.0, -1.0, 1.0, 1.0, 0.0), (0.0, 1.0, 1.0, 0.0, 0.0, 0.0, 0.0, 0.0, 0.0), (0.0, 1.0, 1.0, 0.0, 0.0, 0.0, 0.0, 0.0, 1.0), (0.0, 1.0, 1.0, 0.0, 0.0, 0.0, 0.0, 1.0, 0.0), (0.0, 1.0, 1.0, 0.0, 0.0, 0.0, 0.0, 1.0, 1.0), (0.0, 1.0, 1.0, 0.0, 0.0, 0.0, 1.0, 0.0, 0.0), (0.0, 1.0, 1.0, 0.0, 0.0, 0.0, 1.0, 0.0, 1.0), (0.0, 1.0, 1.0, 0.0, 0.0, 0.0, 1.0, 1.0, 1.0), (0.0, 1.0, 1.0, 0.0, 0.0, 1.0, 0.0, 0.0, 0.0), (0.0, 1.0, 1.0, 0.0, 0.0, 1.0, 0.0, 0.0, 1.0), (0.0, 1.0, 1.0, 0.0, 0.0, 1.0, 0.0, 1.0, 0.0), (0.0, 1.0, 1.0, 0.0, 0.0, 1.0, 0.0, 1.0, 1.0), (0.0, 1.0, 1.0, 0.0, 0.0, 1.0, 1.0, 0.0, 0.0), (0.0, 1.0, 1.0, 0.0, 0.0, 1.0, 1.0, 0.0, 1.0), (0.0, 1.0, 1.0, 0.0, 0.0, 1.0, 1.0, 1.0, 0.0), (0.0, 1.0, 1.0, 0.0, 0.0, 1.0, 1.0, 1.0, 1.0), (0.0, 1.0, 1.0, 0.0, 1.0, -1.0, 0.0, 0.0, 0.0), (0.0, 1.0, 1.0, 0.0, 1.0, -1.0, 0.0, 0.0, 1.0), (0.0, 1.0, 1.0, 0.0, 1.0, -1.0, 0.0, 1.0, 0.0), (0.0, 1.0, 1.0, 0.0, 1.0, -1.0, 0.0, 1.0, 1.0), (0.0, 1.0, 1.0, 0.0, 1.0, -1.0, 1.0, 0.0, 0.0), (0.0, 1.0, 1.0, 0.0, 1.0, -1.0, 1.0, 0.0, 1.0), (0.0, 1.0, 1.0, 0.0, 1.0, -1.0, 1.0, 1.0, 0.0), (0.0, 1.0, 1.0, 0.0, 1.0, 0.0, 0.0, 0.0, 0.0), (0.0, 1.0, 1.0, 0.0, 1.0, 0.0, 0.0, 0.0, 1.0), (0.0, 1.0, 1.0, 0.0, 1.0, 0.0, 0.0, 1.0, 0.0), (0.0, 1.0, 1.0, 0.0, 1.0, 0.0, 0.0, 1.0, 1.0), (0.0, 1.0, 1.0, 0.0, 1.0, 0.0, 1.0, 0.0, 0.0), (0.0, 1.0, 1.0, 0.0, 1.0, 0.0, 1.0, 0.0, 1.0), (0.0, 1.0, 1.0, 0.0, 1.0, 0.0, 1.0, 1.0, 0.0), (0.0, 1.0, 1.0, 0.0, 1.0, 0.0, 1.0, 1.0, 1.0), (0.0, 1.0, 1.0, 0.0, 1.0, 1.0, 0.0, 0.0, 0.0), (0.0, 1.0, 1.0, 0.0, 1.0, 1.0, 0.0, 0.0, 1.0), (0.0, 1.0, 1.0, 0.0, 1.0, 1.0, 0.0, 1.0, 0.0), (0.0, 1.0, 1.0, 0.0, 1.0, 1.0, 0.0, 1.0, 1.0), (0.0, 1.0, 1.0, 0.0, 1.0, 1.0, 1.0, 0.0, 0.0), (0.0, 1.0, 1.0, 0.0, 1.0, 1.0, 1.0, 0.0, 1.0), (0.0, 1.0, 1.0, 0.0, 1.0, 1.0, 1.0, 1.0, 0.0), (0.0, 1.0, 1.0, 0.0, 1.0, 1.0, 1.0, 1.0, 1.0), (0.0, 1.0, 1.0, 1.0, -1.0, -1.0, 0.0, 0.0, 1.0), (0.0, 1.0, 1.0, 1.0, -1.0, -1.0, 0.0, 1.0, 1.0), (0.0, 1.0, 1.0, 1.0, -1.0, -1.0, 1.0, 0.0, 0.0), (0.0, 1.0, 1.0, 1.0, -1.0, -1.0, 1.0, 1.0, 1.0), (0.0, 1.0, 1.0, 1.0, -1.0, 0.0, 0.0, 0.0, 0.0), (0.0, 1.0, 1.0, 1.0, -1.0, 0.0, 0.0, 0.0, 1.0), (0.0, 1.0, 1.0, 1.0, -1.0, 0.0, 0.0, 1.0, 0.0), (0.0, 1.0, 1.0, 1.0, -1.0, 0.0, 0.0, 1.0, 1.0), (0.0, 1.0, 1.0, 1.0, -1.0, 0.0, 1.0, 0.0, 0.0), (0.0, 1.0, 1.0, 1.0, -1.0, 0.0, 1.0, 0.0, 1.0), (0.0, 1.0, 1.0, 1.0, -1.0, 0.0, 1.0, 1.0, 0.0), (0.0, 1.0, 1.0, 1.0, -1.0, 0.0, 1.0, 1.0, 1.0), (0.0, 1.0, 1.0, 1.0, -1.0, 1.0, 0.0, 0.0, 0.0), (0.0, 1.0, 1.0, 1.0, -1.0, 1.0, 0.0, 0.0, 1.0), (0.0, 1.0, 1.0, 1.0, -1.0, 1.0, 0.0, 1.0, 0.0), (0.0, 1.0, 1.0, 1.0, -1.0, 1.0, 0.0, 1.0, 1.0), (0.0, 1.0, 1.0, 1.0, -1.0, 1.0, 1.0, 0.0, 0.0), (0.0, 1.0, 1.0, 1.0, -1.0, 1.0, 1.0, 0.0, 1.0), (0.0, 1.0, 1.0, 1.0, -1.0, 1.0, 1.0, 1.0, 0.0), (0.0, 1.0, 1.0, 1.0, -1.0, 1.0, 1.0, 1.0, 1.0), (0.0, 1.0, 1.0, 1.0, 0.0, -1.0, 0.0, 1.0, 0.0), (0.0, 1.0, 1.0, 1.0, 0.0, -1.0, 1.0, 0.0, 0.0), (0.0, 1.0, 1.0, 1.0, 0.0, -1.0, 1.0, 1.0, 0.0), (0.0, 1.0, 1.0, 1.0, 0.0, 0.0, 0.0, 0.0, 0.0), (0.0, 1.0, 1.0, 1.0, 0.0, 0.0, 0.0, 0.0, 1.0), (0.0, 1.0, 1.0, 1.0, 0.0, 0.0, 0.0, 1.0, 0.0), (0.0, 1.0, 1.0, 1.0, 0.0, 0.0, 0.0, 1.0, 1.0), (0.0, 1.0, 1.0, 1.0, 0.0, 0.0, 1.0, 0.0, 0.0), (0.0, 1.0, 1.0, 1.0, 0.0, 0.0, 1.0, 0.0, 1.0), (0.0, 1.0, 1.0, 1.0, 0.0, 0.0, 1.0, 1.0, 1.0), (0.0, 1.0, 1.0, 1.0, 0.0, 1.0, 0.0, 0.0, 0.0), (0.0, 1.0, 1.0, 1.0, 0.0, 1.0, 0.0, 0.0, 1.0), (0.0, 1.0, 1.0, 1.0, 0.0, 1.0, 0.0, 1.0, 0.0), (0.0, 1.0, 1.0, 1.0, 0.0, 1.0, 0.0, 1.0, 1.0), (0.0, 1.0, 1.0, 1.0, 0.0, 1.0, 1.0, 0.0, 0.0), (0.0, 1.0, 1.0, 1.0, 0.0, 1.0, 1.0, 0.0, 1.0), (0.0, 1.0, 1.0, 1.0, 0.0, 1.0, 1.0, 1.0, 0.0), (0.0, 1.0, 1.0, 1.0, 0.0, 1.0, 1.0, 1.0, 1.0), (0.0, 1.0, 1.0, 1.0, 1.0, -1.0, 0.0, 0.0, 0.0), (0.0, 1.0, 1.0, 1.0, 1.0, -1.0, 0.0, 0.0, 1.0), (0.0, 1.0, 1.0, 1.0, 1.0, -1.0, 0.0, 1.0, 0.0), (0.0, 1.0, 1.0, 1.0, 1.0, -1.0, 0.0, 1.0, 1.0), (0.0, 1.0, 1.0, 1.0, 1.0, -1.0, 1.0, 0.0, 0.0), (0.0, 1.0, 1.0, 1.0, 1.0, -1.0, 1.0, 0.0, 1.0), (0.0, 1.0, 1.0, 1.0, 1.0, -1.0, 1.0, 1.0, 0.0), (0.0, 1.0, 1.0, 1.0, 1.0, -1.0, 1.0, 1.0, 1.0), (0.0, 1.0, 1.0, 1.0, 1.0, 0.0, 0.0, 0.0, 0.0), (0.0, 1.0, 1.0, 1.0, 1.0, 0.0, 0.0, 0.0, 1.0), (0.0, 1.0, 1.0, 1.0, 1.0, 0.0, 0.0, 1.0, 0.0), (0.0, 1.0, 1.0, 1.0, 1.0, 0.0, 0.0, 1.0, 1.0), (0.0, 1.0, 1.0, 1.0, 1.0, 0.0, 1.0, 1.0, 1.0), (0.0, 1.0, 1.0, 1.0, 1.0, 1.0, 0.0, 0.0, 0.0), (0.0, 1.0, 1.0, 1.0, 1.0, 1.0, 0.0, 0.0, 1.0), (0.0, 1.0, 1.0, 1.0, 1.0, 1.0, 0.0, 1.0, 0.0), (0.0, 1.0, 1.0, 1.0, 1.0, 1.0, 0.0, 1.0, 1.0), (0.0, 1.0, 1.0, 1.0, 1.0, 1.0, 1.0, 1.0, 0.0), (0.0, 1.0, 1.0, 1.0, 1.0, 1.0, 1.0, 1.0, 1.0), (1.0, -1.0, -1.0, -1.0, -1.0, -1.0, 0.0, 0.0, 0.0), (1.0, -1.0, -1.0, -1.0, -1.0, -1.0, 0.0, 0.0, 1.0), (1.0, -1.0, -1.0, -1.0, -1.0, -1.0, 0.0, 1.0, 0.0), (1.0, -1.0, -1.0, -1.0, -1.0, -1.0, 0.0, 1.0, 1.0), (1.0, -1.0, -1.0, -1.0, -1.0, -1.0, 1.0, 1.0, 0.0), (1.0, -1.0, -1.0, -1.0, -1.0, -1.0, 1.0, 1.0, 1.0), (1.0, -1.0, -1.0, -1.0, -1.0, 0.0, 0.0, 0.0, 0.0), (1.0, -1.0, -1.0, -1.0, -1.0, 0.0, 0.0, 0.0, 1.0), (1.0, -1.0, -1.0, -1.0, -1.0, 0.0, 0.0, 1.0, 0.0), (1.0, -1.0, -1.0, -1.0, -1.0, 0.0, 1.0, 0.0, 1.0), (1.0, -1.0, -1.0, -1.0, -1.0, 0.0, 1.0, 1.0, 0.0), (1.0, -1.0, -1.0, -1.0, -1.0, 0.0, 1.0, 1.0, 1.0), (1.0, -1.0, -1.0, -1.0, -1.0, 1.0, 0.0, 0.0, 0.0), (1.0, -1.0, -1.0, -1.0, -1.0, 1.0, 0.0, 0.0, 1.0), (1.0, -1.0, -1.0, -1.0, -1.0, 1.0, 0.0, 1.0, 0.0), (1.0, -1.0, -1.0, -1.0, -1.0, 1.0, 0.0, 1.0, 1.0), (1.0, -1.0, -1.0, -1.0, -1.0, 1.0, 1.0, 0.0, 0.0), (1.0, -1.0, -1.0, -1.0, -1.0, 1.0, 1.0, 0.0, 1.0), (1.0, -1.0, -1.0, -1.0, -1.0, 1.0, 1.0, 1.0, 1.0), (1.0, -1.0, -1.0, -1.0, 0.0, -1.0, 0.0, 0.0, 0.0), (1.0, -1.0, -1.0, -1.0, 0.0, -1.0, 0.0, 0.0, 1.0), (1.0, -1.0, -1.0, -1.0, 0.0, -1.0, 0.0, 1.0, 0.0), (1.0, -1.0, -1.0, -1.0, 0.0, -1.0, 0.0, 1.0, 1.0), (1.0, -1.0, -1.0, -1.0, 0.0, -1.0, 1.0, 0.0, 0.0), (1.0, -1.0, -1.0, -1.0, 0.0, -1.0, 1.0, 0.0, 1.0), (1.0, -1.0, -1.0, -1.0, 0.0, -1.0, 1.0, 1.0, 0.0), (1.0, -1.0, -1.0, -1.0, 0.0, -1.0, 1.0, 1.0, 1.0), (1.0, -1.0, -1.0, -1.0, 0.0, 0.0, 0.0, 0.0, 0.0), (1.0, -1.0, -1.0, -1.0, 0.0, 0.0, 0.0, 0.0, 1.0), (1.0, -1.0, -1.0, -1.0, 0.0, 0.0, 0.0, 1.0, 0.0), (1.0, -1.0, -1.0, -1.0, 0.0, 0.0, 0.0, 1.0, 1.0), (1.0, -1.0, -1.0, -1.0, 0.0, 0.0, 1.0, 0.0, 0.0), (1.0, -1.0, -1.0, -1.0, 0.0, 0.0, 1.0, 0.0, 1.0), (1.0, -1.0, -1.0, -1.0, 0.0, 0.0, 1.0, 1.0, 0.0), (1.0, -1.0, -1.0, -1.0, 0.0, 0.0, 1.0, 1.0, 1.0), (1.0, -1.0, -1.0, -1.0, 0.0, 1.0, 0.0, 0.0, 0.0), (1.0, -1.0, -1.0, -1.0, 0.0, 1.0, 0.0, 0.0, 1.0), (1.0, -1.0, -1.0, -1.0, 0.0, 1.0, 0.0, 1.0, 0.0), (1.0, -1.0, -1.0, -1.0, 0.0, 1.0, 0.0, 1.0, 1.0), (1.0, -1.0, -1.0, -1.0, 0.0, 1.0, 1.0, 0.0, 0.0), (1.0, -1.0, -1.0, -1.0, 0.0, 1.0, 1.0, 0.0, 1.0), (1.0, -1.0, -1.0, -1.0, 0.0, 1.0, 1.0, 1.0, 0.0), (1.0, -1.0, -1.0, -1.0, 0.0, 1.0, 1.0, 1.0, 1.0), (1.0, -1.0, -1.0, -1.0, 1.0, -1.0, 1.0, 0.0, 0.0), (1.0, -1.0, -1.0, -1.0, 1.0, -1.0, 1.0, 0.0, 1.0), (1.0, -1.0, -1.0, -1.0, 1.0, -1.0, 1.0, 1.0, 0.0), (1.0, -1.0, -1.0, -1.0, 1.0, -1.0, 1.0, 1.0, 1.0), (1.0, -1.0, -1.0, -1.0, 1.0, 0.0, 0.0, 0.0, 0.0), (1.0, -1.0, -1.0, -1.0, 1.0, 0.0, 0.0, 1.0, 1.0), (1.0, -1.0, -1.0, -1.0, 1.0, 0.0, 1.0, 0.0, 0.0), (1.0, -1.0, -1.0, -1.0, 1.0, 0.0, 1.0, 0.0, 1.0), (1.0, -1.0, -1.0, -1.0, 1.0, 0.0, 1.0, 1.0, 0.0), (1.0, -1.0, -1.0, -1.0, 1.0, 0.0, 1.0, 1.0, 1.0), (1.0, -1.0, -1.0, -1.0, 1.0, 1.0, 0.0, 0.0, 0.0), (1.0, -1.0, -1.0, -1.0, 1.0, 1.0, 1.0, 0.0, 0.0), (1.0, -1.0, -1.0, -1.0, 1.0, 1.0, 1.0, 0.0, 1.0), (1.0, -1.0, -1.0, -1.0, 1.0, 1.0, 1.0, 1.0, 0.0), (1.0, -1.0, -1.0, -1.0, 1.0, 1.0, 1.0, 1.0, 1.0), (1.0, -1.0, -1.0, 0.0, -1.0, -1.0, 0.0, 0.0, 1.0), (1.0, -1.0, -1.0, 0.0, -1.0, -1.0, 0.0, 1.0, 1.0), (1.0, -1.0, -1.0, 0.0, -1.0, -1.0, 1.0, 0.0, 0.0), (1.0, -1.0, -1.0, 0.0, -1.0, -1.0, 1.0, 1.0, 0.0), (1.0, -1.0, -1.0, 0.0, -1.0, 0.0, 0.0, 0.0, 0.0), (1.0, -1.0, -1.0, 0.0, -1.0, 0.0, 0.0, 0.0, 1.0), (1.0, -1.0, -1.0, 0.0, -1.0, 0.0, 0.0, 1.0, 0.0), (1.0, -1.0, -1.0, 0.0, -1.0, 0.0, 1.0, 0.0, 0.0), (1.0, -1.0, -1.0, 0.0, -1.0, 0.0, 1.0, 0.0, 1.0), (1.0, -1.0, -1.0, 0.0, -1.0, 0.0, 1.0, 1.0, 0.0), (1.0, -1.0, -1.0, 0.0, -1.0, 1.0, 0.0, 0.0, 0.0), (1.0, -1.0, -1.0, 0.0, -1.0, 1.0, 0.0, 0.0, 1.0), (1.0, -1.0, -1.0, 0.0, -1.0, 1.0, 0.0, 1.0, 0.0), (1.0, -1.0, -1.0, 0.0, -1.0, 1.0, 0.0, 1.0, 1.0), (1.0, -1.0, -1.0, 0.0, -1.0, 1.0, 1.0, 0.0, 0.0), (1.0, -1.0, -1.0, 0.0, -1.0, 1.0, 1.0, 0.0, 1.0), (1.0, -1.0, -1.0, 0.0, -1.0, 1.0, 1.0, 1.0, 0.0), (1.0, -1.0, -1.0, 0.0, -1.0, 1.0, 1.0, 1.0, 1.0), (1.0, -1.0, -1.0, 0.0, 0.0, -1.0, 0.0, 0.0, 0.0), (1.0, -1.0, -1.0, 0.0, 0.0, -1.0, 0.0, 0.0, 1.0), (1.0, -1.0, -1.0, 0.0, 0.0, -1.0, 0.0, 1.0, 0.0), (1.0, -1.0, -1.0, 0.0, 0.0, -1.0, 0.0, 1.0, 1.0), (1.0, -1.0, -1.0, 0.0, 0.0, -1.0, 1.0, 0.0, 0.0), (1.0, -1.0, -1.0, 0.0, 0.0, -1.0, 1.0, 0.0, 1.0), (1.0, -1.0, -1.0, 0.0, 0.0, -1.0, 1.0, 1.0, 0.0), (1.0, -1.0, -1.0, 0.0, 0.0, -1.0, 1.0, 1.0, 1.0), (1.0, -1.0, -1.0, 0.0, 0.0, 0.0, 0.0, 0.0, 0.0), (1.0, -1.0, -1.0, 0.0, 0.0, 0.0, 0.0, 0.0, 1.0), (1.0, -1.0, -1.0, 0.0, 0.0, 0.0, 0.0, 1.0, 0.0), (1.0, -1.0, -1.0, 0.0, 0.0, 0.0, 0.0, 1.0, 1.0), (1.0, -1.0, -1.0, 0.0, 0.0, 0.0, 1.0, 0.0, 0.0), (1.0, -1.0, -1.0, 0.0, 0.0, 0.0, 1.0, 1.0, 0.0), (1.0, -1.0, -1.0, 0.0, 0.0, 0.0, 1.0, 1.0, 1.0), (1.0, -1.0, -1.0, 0.0, 0.0, 1.0, 0.0, 0.0, 0.0), (1.0, -1.0, -1.0, 0.0, 0.0, 1.0, 0.0, 0.0, 1.0), (1.0, -1.0, -1.0, 0.0, 0.0, 1.0, 0.0, 1.0, 0.0), (1.0, -1.0, -1.0, 0.0, 0.0, 1.0, 0.0, 1.0, 1.0), (1.0, -1.0, -1.0, 0.0, 0.0, 1.0, 1.0, 1.0, 0.0), (1.0, -1.0, -1.0, 0.0, 0.0, 1.0, 1.0, 1.0, 1.0), (1.0, -1.0, -1.0, 0.0, 1.0, -1.0, 1.0, 0.0, 1.0), (1.0, -1.0, -1.0, 0.0, 1.0, -1.0, 1.0, 1.0, 0.0), (1.0, -1.0, -1.0, 0.0, 1.0, 0.0, 0.0, 1.0, 1.0), (1.0, -1.0, -1.0, 0.0, 1.0, 0.0, 1.0, 1.0, 0.0), (1.0, -1.0, -1.0, 0.0, 1.0, 0.0, 1.0, 1.0, 1.0), (1.0, -1.0, -1.0, 1.0, -1.0, -1.0, 0.0, 0.0, 0.0), (1.0, -1.0, -1.0, 1.0, -1.0, -1.0, 0.0, 0.0, 1.0), (1.0, -1.0, -1.0, 1.0, -1.0, -1.0, 0.0, 1.0, 0.0), (1.0, -1.0, -1.0, 1.0, -1.0, -1.0, 0.0, 1.0, 1.0), (1.0, -1.0, -1.0, 1.0, -1.0, -1.0, 1.0, 1.0, 0.0), (1.0, -1.0, -1.0, 1.0, -1.0, -1.0, 1.0, 1.0, 1.0), (1.0, -1.0, -1.0, 1.0, -1.0, 0.0, 0.0, 0.0, 0.0), (1.0, -1.0, -1.0, 1.0, -1.0, 0.0, 0.0, 0.0, 1.0), (1.0, -1.0, -1.0, 1.0, -1.0, 0.0, 0.0, 1.0, 0.0), (1.0, -1.0, -1.0, 1.0, -1.0, 0.0, 0.0, 1.0, 1.0), (1.0, -1.0, -1.0, 1.0, -1.0, 0.0, 1.0, 0.0, 1.0), (1.0, -1.0, -1.0, 1.0, -1.0, 0.0, 1.0, 1.0, 0.0), (1.0, -1.0, -1.0, 1.0, -1.0, 0.0, 1.0, 1.0, 1.0), (1.0, -1.0, -1.0, 1.0, -1.0, 1.0, 0.0, 0.0, 0.0), (1.0, -1.0, -1.0, 1.0, -1.0, 1.0, 0.0, 0.0, 1.0), (1.0, -1.0, -1.0, 1.0, -1.0, 1.0, 0.0, 1.0, 0.0), (1.0, -1.0, -1.0, 1.0, -1.0, 1.0, 0.0, 1.0, 1.0), (1.0, -1.0, -1.0, 1.0, -1.0, 1.0, 1.0, 0.0, 0.0), (1.0, -1.0, -1.0, 1.0, -1.0, 1.0, 1.0, 0.0, 1.0), (1.0, -1.0, -1.0, 1.0, -1.0, 1.0, 1.0, 1.0, 0.0), (1.0, -1.0, -1.0, 1.0, -1.0, 1.0, 1.0, 1.0, 1.0), (1.0, -1.0, -1.0, 1.0, 0.0, -1.0, 0.0, 0.0, 0.0), (1.0, -1.0, -1.0, 1.0, 0.0, -1.0, 0.0, 0.0, 1.0), (1.0, -1.0, -1.0, 1.0, 0.0, -1.0, 0.0, 1.0, 0.0), (1.0, -1.0, -1.0, 1.0, 0.0, -1.0, 0.0, 1.0, 1.0), (1.0, -1.0, -1.0, 1.0, 0.0, -1.0, 1.0, 0.0, 0.0), (1.0, -1.0, -1.0, 1.0, 0.0, -1.0, 1.0, 0.0, 1.0), (1.0, -1.0, -1.0, 1.0, 0.0, -1.0, 1.0, 1.0, 0.0), (1.0, -1.0, -1.0, 1.0, 0.0, 0.0, 0.0, 0.0, 0.0), (1.0, -1.0, -1.0, 1.0, 0.0, 0.0, 0.0, 0.0, 1.0), (1.0, -1.0, -1.0, 1.0, 0.0, 0.0, 0.0, 1.0, 0.0), (1.0, -1.0, -1.0, 1.0, 0.0, 0.0, 0.0, 1.0, 1.0), (1.0, -1.0, -1.0, 1.0, 0.0, 0.0, 1.0, 0.0, 1.0), (1.0, -1.0, -1.0, 1.0, 0.0, 0.0, 1.0, 1.0, 0.0), (1.0, -1.0, -1.0, 1.0, 0.0, 1.0, 0.0, 0.0, 0.0), (1.0, -1.0, -1.0, 1.0, 0.0, 1.0, 0.0, 1.0, 0.0), (1.0, -1.0, -1.0, 1.0, 0.0, 1.0, 1.0, 0.0, 0.0), (1.0, -1.0, -1.0, 1.0, 0.0, 1.0, 1.0, 1.0, 0.0), (1.0, -1.0, -1.0, 1.0, 1.0, -1.0, 1.0, 0.0, 0.0), (1.0, -1.0, -1.0, 1.0, 1.0, -1.0, 1.0, 0.0, 1.0), (1.0, -1.0, -1.0, 1.0, 1.0, -1.0, 1.0, 1.0, 0.0), (1.0, -1.0, -1.0, 1.0, 1.0, -1.0, 1.0, 1.0, 1.0), (1.0, -1.0, -1.0, 1.0, 1.0, 0.0, 0.0, 1.0, 0.0), (1.0, -1.0, -1.0, 1.0, 1.0, 0.0, 0.0, 1.0, 1.0), (1.0, -1.0, -1.0, 1.0, 1.0, 0.0, 1.0, 0.0, 0.0), (1.0, -1.0, -1.0, 1.0, 1.0, 0.0, 1.0, 0.0, 1.0), (1.0, -1.0, -1.0, 1.0, 1.0, 0.0, 1.0, 1.0, 0.0), (1.0, -1.0, -1.0, 1.0, 1.0, 0.0, 1.0, 1.0, 1.0), (1.0, -1.0, -1.0, 1.0, 1.0, 1.0, 0.0, 0.0, 1.0), (1.0, -1.0, -1.0, 1.0, 1.0, 1.0, 0.0, 1.0, 1.0), (1.0, -1.0, -1.0, 1.0, 1.0, 1.0, 1.0, 1.0, 0.0), (1.0, -1.0, 0.0, -1.0, -1.0, -1.0, 0.0, 0.0, 0.0), (1.0, -1.0, 0.0, -1.0, -1.0, -1.0, 0.0, 0.0, 1.0), (1.0, -1.0, 0.0, -1.0, -1.0, -1.0, 0.0, 1.0, 0.0), (1.0, -1.0, 0.0, -1.0, -1.0, -1.0, 0.0, 1.0, 1.0), (1.0, -1.0, 0.0, -1.0, -1.0, -1.0, 1.0, 0.0, 0.0), (1.0, -1.0, 0.0, -1.0, -1.0, -1.0, 1.0, 0.0, 1.0), (1.0, -1.0, 0.0, -1.0, -1.0, -1.0, 1.0, 1.0, 1.0), (1.0, -1.0, 0.0, -1.0, -1.0, 0.0, 0.0, 0.0, 0.0), (1.0, -1.0, 0.0, -1.0, -1.0, 0.0, 0.0, 0.0, 1.0), (1.0, -1.0, 0.0, -1.0, -1.0, 0.0, 0.0, 1.0, 0.0), (1.0, -1.0, 0.0, -1.0, -1.0, 0.0, 0.0, 1.0, 1.0), (1.0, -1.0, 0.0, -1.0, -1.0, 0.0, 1.0, 0.0, 0.0), (1.0, -1.0, 0.0, -1.0, -1.0, 0.0, 1.0, 0.0, 1.0), (1.0, -1.0, 0.0, -1.0, -1.0, 0.0, 1.0, 1.0, 1.0), (1.0, -1.0, 0.0, -1.0, -1.0, 1.0, 0.0, 0.0, 0.0), (1.0, -1.0, 0.0, -1.0, -1.0, 1.0, 0.0, 0.0, 1.0), (1.0, -1.0, 0.0, -1.0, -1.0, 1.0, 0.0, 1.0, 0.0), (1.0, -1.0, 0.0, -1.0, -1.0, 1.0, 0.0, 1.0, 1.0), (1.0, -1.0, 0.0, -1.0, -1.0, 1.0, 1.0, 0.0, 0.0), (1.0, -1.0, 0.0, -1.0, -1.0, 1.0, 1.0, 0.0, 1.0), (1.0, -1.0, 0.0, -1.0, -1.0, 1.0, 1.0, 1.0, 0.0), (1.0, -1.0, 0.0, -1.0, -1.0, 1.0, 1.0, 1.0, 1.0), (1.0, -1.0, 0.0, -1.0, 0.0, -1.0, 0.0, 0.0, 0.0), (1.0, -1.0, 0.0, -1.0, 0.0, -1.0, 0.0, 0.0, 1.0), (1.0, -1.0, 0.0, -1.0, 0.0, -1.0, 0.0, 1.0, 0.0), (1.0, -1.0, 0.0, -1.0, 0.0, -1.0, 0.0, 1.0, 1.0), (1.0, -1.0, 0.0, -1.0, 0.0, -1.0, 1.0, 0.0, 0.0), (1.0, -1.0, 0.0, -1.0, 0.0, -1.0, 1.0, 0.0, 1.0), (1.0, -1.0, 0.0, -1.0, 0.0, -1.0, 1.0, 1.0, 0.0), (1.0, -1.0, 0.0, -1.0, 0.0, -1.0, 1.0, 1.0, 1.0), (1.0, -1.0, 0.0, -1.0, 0.0, 0.0, 0.0, 0.0, 0.0), (1.0, -1.0, 0.0, -1.0, 0.0, 0.0, 0.0, 0.0, 1.0), (1.0, -1.0, 0.0, -1.0, 0.0, 0.0, 0.0, 1.0, 0.0), (1.0, -1.0, 0.0, -1.0, 0.0, 0.0, 0.0, 1.0, 1.0), (1.0, -1.0, 0.0, -1.0, 0.0, 0.0, 1.0, 0.0, 1.0), (1.0, -1.0, 0.0, -1.0, 0.0, 0.0, 1.0, 1.0, 0.0), (1.0, -1.0, 0.0, -1.0, 0.0, 0.0, 1.0, 1.0, 1.0), (1.0, -1.0, 0.0, -1.0, 0.0, 1.0, 0.0, 0.0, 0.0), (1.0, -1.0, 0.0, -1.0, 0.0, 1.0, 0.0, 0.0, 1.0), (1.0, -1.0, 0.0, -1.0, 0.0, 1.0, 0.0, 1.0, 0.0), (1.0, -1.0, 0.0, -1.0, 0.0, 1.0, 0.0, 1.0, 1.0), (1.0, -1.0, 0.0, -1.0, 0.0, 1.0, 1.0, 0.0, 0.0), (1.0, -1.0, 0.0, -1.0, 0.0, 1.0, 1.0, 0.0, 1.0), (1.0, -1.0, 0.0, -1.0, 0.0, 1.0, 1.0, 1.0, 0.0), (1.0, -1.0, 0.0, -1.0, 0.0, 1.0, 1.0, 1.0, 1.0), (1.0, -1.0, 0.0, -1.0, 1.0, -1.0, 1.0, 0.0, 0.0), (1.0, -1.0, 0.0, -1.0, 1.0, -1.0, 1.0, 0.0, 1.0), (1.0, -1.0, 0.0, -1.0, 1.0, -1.0, 1.0, 1.0, 1.0), (1.0, -1.0, 0.0, -1.0, 1.0, 0.0, 0.0, 0.0, 0.0), (1.0, -1.0, 0.0, -1.0, 1.0, 0.0, 0.0, 1.0, 0.0), (1.0, -1.0, 0.0, -1.0, 1.0, 0.0, 0.0, 1.0, 1.0), (1.0, -1.0, 0.0, -1.0, 1.0, 0.0, 1.0, 0.0, 0.0), (1.0, -1.0, 0.0, -1.0, 1.0, 0.0, 1.0, 0.0, 1.0), (1.0, -1.0, 0.0, -1.0, 1.0, 0.0, 1.0, 1.0, 0.0), (1.0, -1.0, 0.0, -1.0, 1.0, 0.0, 1.0, 1.0, 1.0), (1.0, -1.0, 0.0, -1.0, 1.0, 1.0, 1.0, 0.0, 0.0), (1.0, -1.0, 0.0, -1.0, 1.0, 1.0, 1.0, 0.0, 1.0), (1.0, -1.0, 0.0, -1.0, 1.0, 1.0, 1.0, 1.0, 0.0), (1.0, -1.0, 0.0, -1.0, 1.0, 1.0, 1.0, 1.0, 1.0), (1.0, -1.0, 0.0, 0.0, -1.0, -1.0, 0.0, 0.0, 0.0), (1.0, -1.0, 0.0, 0.0, -1.0, -1.0, 0.0, 1.0, 0.0), (1.0, -1.0, 0.0, 0.0, -1.0, -1.0, 1.0, 0.0, 0.0), (1.0, -1.0, 0.0, 0.0, -1.0, -1.0, 1.0, 0.0, 1.0), (1.0, -1.0, 0.0, 0.0, -1.0, -1.0, 1.0, 1.0, 0.0), (1.0, -1.0, 0.0, 0.0, -1.0, -1.0, 1.0, 1.0, 1.0), (1.0, -1.0, 0.0, 0.0, -1.0, 0.0, 0.0, 0.0, 0.0), (1.0, -1.0, 0.0, 0.0, -1.0, 0.0, 0.0, 0.0, 1.0), (1.0, -1.0, 0.0, 0.0, -1.0, 0.0, 0.0, 1.0, 0.0), (1.0, -1.0, 0.0, 0.0, -1.0, 0.0, 0.0, 1.0, 1.0), (1.0, -1.0, 0.0, 0.0, -1.0, 0.0, 1.0, 0.0, 0.0), (1.0, -1.0, 0.0, 0.0, -1.0, 0.0, 1.0, 0.0, 1.0), (1.0, -1.0, 0.0, 0.0, -1.0, 0.0, 1.0, 1.0, 0.0), (1.0, -1.0, 0.0, 0.0, -1.0, 1.0, 0.0, 0.0, 0.0), (1.0, -1.0, 0.0, 0.0, -1.0, 1.0, 0.0, 0.0, 1.0), (1.0, -1.0, 0.0, 0.0, -1.0, 1.0, 0.0, 1.0, 0.0), (1.0, -1.0, 0.0, 0.0, -1.0, 1.0, 0.0, 1.0, 1.0), (1.0, -1.0, 0.0, 0.0, -1.0, 1.0, 1.0, 0.0, 0.0), (1.0, -1.0, 0.0, 0.0, -1.0, 1.0, 1.0, 0.0, 1.0), (1.0, -1.0, 0.0, 0.0, -1.0, 1.0, 1.0, 1.0, 0.0), (1.0, -1.0, 0.0, 0.0, -1.0, 1.0, 1.0, 1.0, 1.0), (1.0, -1.0, 0.0, 0.0, 0.0, -1.0, 0.0, 0.0, 0.0), (1.0, -1.0, 0.0, 0.0, 0.0, -1.0, 0.0, 0.0, 1.0), (1.0, -1.0, 0.0, 0.0, 0.0, -1.0, 0.0, 1.0, 0.0), (1.0, -1.0, 0.0, 0.0, 0.0, -1.0, 0.0, 1.0, 1.0), (1.0, -1.0, 0.0, 0.0, 0.0, -1.0, 1.0, 0.0, 0.0), (1.0, -1.0, 0.0, 0.0, 0.0, -1.0, 1.0, 0.0, 1.0), (1.0, -1.0, 0.0, 0.0, 0.0, -1.0, 1.0, 1.0, 0.0), (1.0, -1.0, 0.0, 0.0, 0.0, 0.0, 0.0, 0.0, 0.0), (1.0, -1.0, 0.0, 0.0, 0.0, 0.0, 0.0, 0.0, 1.0), (1.0, -1.0, 0.0, 0.0, 0.0, 0.0, 0.0, 1.0, 0.0), (1.0, -1.0, 0.0, 0.0, 0.0, 0.0, 0.0, 1.0, 1.0), (1.0, -1.0, 0.0, 0.0, 0.0, 0.0, 1.0, 0.0, 0.0), (1.0, -1.0, 0.0, 0.0, 0.0, 0.0, 1.0, 0.0, 1.0), (1.0, -1.0, 0.0, 0.0, 0.0, 0.0, 1.0, 1.0, 0.0), (1.0, -1.0, 0.0, 0.0, 0.0, 0.0, 1.0, 1.0, 1.0), (1.0, -1.0, 0.0, 0.0, 0.0, 1.0, 0.0, 1.0, 0.0), (1.0, -1.0, 0.0, 0.0, 0.0, 1.0, 0.0, 1.0, 1.0), (1.0, -1.0, 0.0, 0.0, 0.0, 1.0, 1.0, 0.0, 0.0), (1.0, -1.0, 0.0, 0.0, 0.0, 1.0, 1.0, 0.0, 1.0), (1.0, -1.0, 0.0, 0.0, 0.0, 1.0, 1.0, 1.0, 0.0), (1.0, -1.0, 0.0, 0.0, 0.0, 1.0, 1.0, 1.0, 1.0), (1.0, -1.0, 0.0, 0.0, 1.0, -1.0, 1.0, 0.0, 0.0), (1.0, -1.0, 0.0, 0.0, 1.0, -1.0, 1.0, 0.0, 1.0), (1.0, -1.0, 0.0, 0.0, 1.0, -1.0, 1.0, 1.0, 0.0), (1.0, -1.0, 0.0, 0.0, 1.0, -1.0, 1.0, 1.0, 1.0), (1.0, -1.0, 0.0, 0.0, 1.0, 0.0, 0.0, 0.0, 0.0), (1.0, -1.0, 0.0, 0.0, 1.0, 0.0, 0.0, 0.0, 1.0), (1.0, -1.0, 0.0, 0.0, 1.0, 0.0, 0.0, 1.0, 0.0), (1.0, -1.0, 0.0, 0.0, 1.0, 0.0, 0.0, 1.0, 1.0), (1.0, -1.0, 0.0, 0.0, 1.0, 0.0, 1.0, 0.0, 0.0), (1.0, -1.0, 0.0, 0.0, 1.0, 0.0, 1.0, 0.0, 1.0), (1.0, -1.0, 0.0, 0.0, 1.0, 0.0, 1.0, 1.0, 0.0), (1.0, -1.0, 0.0, 0.0, 1.0, 0.0, 1.0, 1.0, 1.0), (1.0, -1.0, 0.0, 0.0, 1.0, 1.0, 0.0, 0.0, 0.0), (1.0, -1.0, 0.0, 0.0, 1.0, 1.0, 0.0, 0.0, 1.0), (1.0, -1.0, 0.0, 0.0, 1.0, 1.0, 1.0, 0.0, 0.0), (1.0, -1.0, 0.0, 0.0, 1.0, 1.0, 1.0, 0.0, 1.0), (1.0, -1.0, 0.0, 0.0, 1.0, 1.0, 1.0, 1.0, 0.0), (1.0, -1.0, 0.0, 0.0, 1.0, 1.0, 1.0, 1.0, 1.0), (1.0, -1.0, 0.0, 1.0, -1.0, -1.0, 0.0, 1.0, 0.0), (1.0, -1.0, 0.0, 1.0, -1.0, -1.0, 1.0, 0.0, 0.0), (1.0, -1.0, 0.0, 1.0, -1.0, -1.0, 1.0, 0.0, 1.0), (1.0, -1.0, 0.0, 1.0, -1.0, -1.0, 1.0, 1.0, 0.0), (1.0, -1.0, 0.0, 1.0, -1.0, 0.0, 0.0, 0.0, 0.0), (1.0, -1.0, 0.0, 1.0, -1.0, 0.0, 0.0, 0.0, 1.0), (1.0, -1.0, 0.0, 1.0, -1.0, 0.0, 0.0, 1.0, 0.0), (1.0, -1.0, 0.0, 1.0, -1.0, 0.0, 0.0, 1.0, 1.0), (1.0, -1.0, 0.0, 1.0, -1.0, 0.0, 1.0, 0.0, 0.0), (1.0, -1.0, 0.0, 1.0, -1.0, 0.0, 1.0, 0.0, 1.0), (1.0, -1.0, 0.0, 1.0, -1.0, 0.0, 1.0, 1.0, 0.0), (1.0, -1.0, 0.0, 1.0, -1.0, 0.0, 1.0, 1.0, 1.0), (1.0, -1.0, 0.0, 1.0, -1.0, 1.0, 0.0, 0.0, 0.0), (1.0, -1.0, 0.0, 1.0, -1.0, 1.0, 0.0, 0.0, 1.0), (1.0, -1.0, 0.0, 1.0, -1.0, 1.0, 0.0, 1.0, 0.0), (1.0, -1.0, 0.0, 1.0, -1.0, 1.0, 0.0, 1.0, 1.0), (1.0, -1.0, 0.0, 1.0, -1.0, 1.0, 1.0, 1.0, 0.0), (1.0, -1.0, 0.0, 1.0, 0.0, 0.0, 0.0, 1.0, 1.0), (1.0, -1.0, 0.0, 1.0, 0.0, 0.0, 1.0, 0.0, 1.0), (1.0, -1.0, 0.0, 1.0, 0.0, 0.0, 1.0, 1.0, 0.0), (1.0, -1.0, 0.0, 1.0, 0.0, 0.0, 1.0, 1.0, 1.0), (1.0, -1.0, 0.0, 1.0, 1.0, 1.0, 0.0, 0.0, 0.0), (1.0, -1.0, 0.0, 1.0, 1.0, 1.0, 0.0, 1.0, 1.0), (1.0, -1.0, 1.0, -1.0, -1.0, -1.0, 0.0, 0.0, 0.0), (1.0, -1.0, 1.0, -1.0, -1.0, -1.0, 0.0, 0.0, 1.0), (1.0, -1.0, 1.0, -1.0, -1.0, -1.0, 0.0, 1.0, 0.0), (1.0, -1.0, 1.0, -1.0, -1.0, -1.0, 0.0, 1.0, 1.0), (1.0, -1.0, 1.0, -1.0, -1.0, -1.0, 1.0, 0.0, 0.0), (1.0, -1.0, 1.0, -1.0, -1.0, -1.0, 1.0, 0.0, 1.0), (1.0, -1.0, 1.0, -1.0, -1.0, -1.0, 1.0, 1.0, 0.0), (1.0, -1.0, 1.0, -1.0, -1.0, -1.0, 1.0, 1.0, 1.0), (1.0, -1.0, 1.0, -1.0, -1.0, 0.0, 0.0, 0.0, 1.0), (1.0, -1.0, 1.0, -1.0, -1.0, 0.0, 0.0, 1.0, 0.0), (1.0, -1.0, 1.0, -1.0, -1.0, 0.0, 0.0, 1.0, 1.0), (1.0, -1.0, 1.0, -1.0, -1.0, 0.0, 1.0, 0.0, 0.0), (1.0, -1.0, 1.0, -1.0, -1.0, 0.0, 1.0, 0.0, 1.0), (1.0, -1.0, 1.0, -1.0, -1.0, 0.0, 1.0, 1.0, 1.0), (1.0, -1.0, 1.0, -1.0, -1.0, 1.0, 0.0, 0.0, 0.0), (1.0, -1.0, 1.0, -1.0, -1.0, 1.0, 0.0, 0.0, 1.0), (1.0, -1.0, 1.0, -1.0, -1.0, 1.0, 0.0, 1.0, 0.0), (1.0, -1.0, 1.0, -1.0, -1.0, 1.0, 0.0, 1.0, 1.0), (1.0, -1.0, 1.0, -1.0, -1.0, 1.0, 1.0, 0.0, 0.0), (1.0, -1.0, 1.0, -1.0, -1.0, 1.0, 1.0, 0.0, 1.0), (1.0, -1.0, 1.0, -1.0, -1.0, 1.0, 1.0, 1.0, 0.0), (1.0, -1.0, 1.0, -1.0, -1.0, 1.0, 1.0, 1.0, 1.0), (1.0, -1.0, 1.0, -1.0, 0.0, -1.0, 0.0, 0.0, 0.0), (1.0, -1.0, 1.0, -1.0, 0.0, -1.0, 0.0, 0.0, 1.0), (1.0, -1.0, 1.0, -1.0, 0.0, -1.0, 0.0, 1.0, 0.0), (1.0, -1.0, 1.0, -1.0, 0.0, -1.0, 0.0, 1.0, 1.0), (1.0, -1.0, 1.0, -1.0, 0.0, -1.0, 1.0, 0.0, 0.0), (1.0, -1.0, 1.0, -1.0, 0.0, -1.0, 1.0, 0.0, 1.0), (1.0, -1.0, 1.0, -1.0, 0.0, -1.0, 1.0, 1.0, 0.0), (1.0, -1.0, 1.0, -1.0, 0.0, -1.0, 1.0, 1.0, 1.0), (1.0, -1.0, 1.0, -1.0, 0.0, 0.0, 0.0, 0.0, 0.0), (1.0, -1.0, 1.0, -1.0, 0.0, 0.0, 0.0, 0.0, 1.0), (1.0, -1.0, 1.0, -1.0, 0.0, 0.0, 0.0, 1.0, 0.0), (1.0, -1.0, 1.0, -1.0, 0.0, 0.0, 0.0, 1.0, 1.0), (1.0, -1.0, 1.0, -1.0, 0.0, 0.0, 1.0, 0.0, 0.0), (1.0, -1.0, 1.0, -1.0, 0.0, 0.0, 1.0, 0.0, 1.0), (1.0, -1.0, 1.0, -1.0, 0.0, 0.0, 1.0, 1.0, 0.0), (1.0, -1.0, 1.0, -1.0, 0.0, 0.0, 1.0, 1.0, 1.0), (1.0, -1.0, 1.0, -1.0, 0.0, 1.0, 0.0, 0.0, 0.0), (1.0, -1.0, 1.0, -1.0, 0.0, 1.0, 0.0, 0.0, 1.0), (1.0, -1.0, 1.0, -1.0, 0.0, 1.0, 0.0, 1.0, 0.0), (1.0, -1.0, 1.0, -1.0, 0.0, 1.0, 0.0, 1.0, 1.0), (1.0, -1.0, 1.0, -1.0, 0.0, 1.0, 1.0, 0.0, 0.0), (1.0, -1.0, 1.0, -1.0, 0.0, 1.0, 1.0, 0.0, 1.0), (1.0, -1.0, 1.0, -1.0, 0.0, 1.0, 1.0, 1.0, 1.0), (1.0, -1.0, 1.0, -1.0, 1.0, -1.0, 1.0, 0.0, 0.0), (1.0, -1.0, 1.0, -1.0, 1.0, -1.0, 1.0, 0.0, 1.0), (1.0, -1.0, 1.0, -1.0, 1.0, -1.0, 1.0, 1.0, 0.0), (1.0, -1.0, 1.0, -1.0, 1.0, -1.0, 1.0, 1.0, 1.0), (1.0, -1.0, 1.0, -1.0, 1.0, 0.0, 0.0, 0.0, 0.0), (1.0, -1.0, 1.0, -1.0, 1.0, 0.0, 0.0, 0.0, 1.0), (1.0, -1.0, 1.0, -1.0, 1.0, 0.0, 0.0, 1.0, 0.0), (1.0, -1.0, 1.0, -1.0, 1.0, 0.0, 1.0, 0.0, 0.0), (1.0, -1.0, 1.0, -1.0, 1.0, 0.0, 1.0, 0.0, 1.0), (1.0, -1.0, 1.0, -1.0, 1.0, 0.0, 1.0, 1.0, 0.0), (1.0, -1.0, 1.0, -1.0, 1.0, 0.0, 1.0, 1.0, 1.0), (1.0, -1.0, 1.0, -1.0, 1.0, 1.0, 0.0, 0.0, 0.0), (1.0, -1.0, 1.0, -1.0, 1.0, 1.0, 1.0, 0.0, 0.0), (1.0, -1.0, 1.0, -1.0, 1.0, 1.0, 1.0, 0.0, 1.0), (1.0, -1.0, 1.0, -1.0, 1.0, 1.0, 1.0, 1.0, 0.0), (1.0, -1.0, 1.0, -1.0, 1.0, 1.0, 1.0, 1.0, 1.0), (1.0, -1.0, 1.0, 0.0, -1.0, -1.0, 1.0, 0.0, 0.0), (1.0, -1.0, 1.0, 0.0, -1.0, -1.0, 1.0, 0.0, 1.0), (1.0, -1.0, 1.0, 0.0, -1.0, -1.0, 1.0, 1.0, 0.0), (1.0, -1.0, 1.0, 0.0, -1.0, 0.0, 0.0, 0.0, 0.0), (1.0, -1.0, 1.0, 0.0, -1.0, 0.0, 0.0, 0.0, 1.0), (1.0, -1.0, 1.0, 0.0, -1.0, 0.0, 0.0, 1.0, 0.0), (1.0, -1.0, 1.0, 0.0, -1.0, 0.0, 0.0, 1.0, 1.0), (1.0, -1.0, 1.0, 0.0, -1.0, 0.0, 1.0, 0.0, 0.0), (1.0, -1.0, 1.0, 0.0, -1.0, 0.0, 1.0, 0.0, 1.0), (1.0, -1.0, 1.0, 0.0, -1.0, 0.0, 1.0, 1.0, 0.0), (1.0, -1.0, 1.0, 0.0, -1.0, 0.0, 1.0, 1.0, 1.0), (1.0, -1.0, 1.0, 0.0, -1.0, 1.0, 0.0, 0.0, 0.0), (1.0, -1.0, 1.0, 0.0, -1.0, 1.0, 0.0, 0.0, 1.0), (1.0, -1.0, 1.0, 0.0, -1.0, 1.0, 0.0, 1.0, 0.0), (1.0, -1.0, 1.0, 0.0, -1.0, 1.0, 0.0, 1.0, 1.0), (1.0, -1.0, 1.0, 0.0, -1.0, 1.0, 1.0, 0.0, 0.0), (1.0, -1.0, 1.0, 0.0, -1.0, 1.0, 1.0, 0.0, 1.0), (1.0, -1.0, 1.0, 0.0, -1.0, 1.0, 1.0, 1.0, 0.0), (1.0, -1.0, 1.0, 0.0, -1.0, 1.0, 1.0, 1.0, 1.0), (1.0, -1.0, 1.0, 0.0, 0.0, -1.0, 1.0, 0.0, 0.0), (1.0, -1.0, 1.0, 0.0, 0.0, -1.0, 1.0, 0.0, 1.0), (1.0, -1.0, 1.0, 0.0, 0.0, -1.0, 1.0, 1.0, 0.0), (1.0, -1.0, 1.0, 0.0, 0.0, 0.0, 0.0, 0.0, 1.0), (1.0, -1.0, 1.0, 0.0, 0.0, 0.0, 1.0, 0.0, 0.0), (1.0, -1.0, 1.0, 0.0, 0.0, 0.0, 1.0, 0.0, 1.0), (1.0, -1.0, 1.0, 0.0, 0.0, 0.0, 1.0, 1.0, 0.0), (1.0, -1.0, 1.0, 0.0, 0.0, 0.0, 1.0, 1.0, 1.0), (1.0, -1.0, 1.0, 0.0, 0.0, 1.0, 1.0, 0.0, 0.0), (1.0, -1.0, 1.0, 0.0, 0.0, 1.0, 1.0, 0.0, 1.0), (1.0, -1.0, 1.0, 0.0, 0.0, 1.0, 1.0, 1.0, 0.0), (1.0, -1.0, 1.0, 0.0, 0.0, 1.0, 1.0, 1.0, 1.0), (1.0, -1.0, 1.0, 0.0, 1.0, -1.0, 1.0, 0.0, 0.0), (1.0, -1.0, 1.0, 0.0, 1.0, -1.0, 1.0, 0.0, 1.0), (1.0, -1.0, 1.0, 0.0, 1.0, -1.0, 1.0, 1.0, 0.0), (1.0, -1.0, 1.0, 0.0, 1.0, -1.0, 1.0, 1.0, 1.0), (1.0, -1.0, 1.0, 0.0, 1.0, 0.0, 1.0, 0.0, 0.0), (1.0, -1.0, 1.0, 0.0, 1.0, 0.0, 1.0, 1.0, 0.0), (1.0, -1.0, 1.0, 0.0, 1.0, 0.0, 1.0, 1.0, 1.0), (1.0, -1.0, 1.0, 0.0, 1.0, 1.0, 0.0, 1.0, 1.0), (1.0, -1.0, 1.0, 0.0, 1.0, 1.0, 1.0, 0.0, 1.0), (1.0, -1.0, 1.0, 0.0, 1.0, 1.0, 1.0, 1.0, 1.0), (1.0, -1.0, 1.0, 1.0, -1.0, -1.0, 0.0, 1.0, 0.0), (1.0, -1.0, 1.0, 1.0, -1.0, -1.0, 1.0, 0.0, 0.0), (1.0, -1.0, 1.0, 1.0, -1.0, -1.0, 1.0, 0.0, 1.0), (1.0, -1.0, 1.0, 1.0, -1.0, -1.0, 1.0, 1.0, 0.0), (1.0, -1.0, 1.0, 1.0, -1.0, -1.0, 1.0, 1.0, 1.0), (1.0, -1.0, 1.0, 1.0, -1.0, 0.0, 0.0, 0.0, 0.0), (1.0, -1.0, 1.0, 1.0, -1.0, 0.0, 0.0, 0.0, 1.0), (1.0, -1.0, 1.0, 1.0, -1.0, 0.0, 0.0, 1.0, 0.0), (1.0, -1.0, 1.0, 1.0, -1.0, 0.0, 0.0, 1.0, 1.0), (1.0, -1.0, 1.0, 1.0, -1.0, 0.0, 1.0, 0.0, 0.0), (1.0, -1.0, 1.0, 1.0, -1.0, 0.0, 1.0, 0.0, 1.0), (1.0, -1.0, 1.0, 1.0, -1.0, 0.0, 1.0, 1.0, 0.0), (1.0, -1.0, 1.0, 1.0, -1.0, 0.0, 1.0, 1.0, 1.0), (1.0, -1.0, 1.0, 1.0, -1.0, 1.0, 0.0, 0.0, 0.0), (1.0, -1.0, 1.0, 1.0, -1.0, 1.0, 0.0, 0.0, 1.0), (1.0, -1.0, 1.0, 1.0, -1.0, 1.0, 0.0, 1.0, 0.0), (1.0, -1.0, 1.0, 1.0, -1.0, 1.0, 0.0, 1.0, 1.0), (1.0, -1.0, 1.0, 1.0, -1.0, 1.0, 1.0, 0.0, 0.0), (1.0, -1.0, 1.0, 1.0, -1.0, 1.0, 1.0, 0.0, 1.0), (1.0, -1.0, 1.0, 1.0, -1.0, 1.0, 1.0, 1.0, 1.0), (1.0, -1.0, 1.0, 1.0, 0.0, -1.0, 1.0, 0.0, 0.0), (1.0, -1.0, 1.0, 1.0, 0.0, -1.0, 1.0, 0.0, 1.0), (1.0, -1.0, 1.0, 1.0, 0.0, -1.0, 1.0, 1.0, 0.0), (1.0, -1.0, 1.0, 1.0, 0.0, -1.0, 1.0, 1.0, 1.0), (1.0, -1.0, 1.0, 1.0, 0.0, 0.0, 0.0, 0.0, 0.0), (1.0, -1.0, 1.0, 1.0, 0.0, 0.0, 0.0, 1.0, 0.0), (1.0, -1.0, 1.0, 1.0, 0.0, 0.0, 1.0, 0.0, 0.0), (1.0, -1.0, 1.0, 1.0, 0.0, 0.0, 1.0, 0.0, 1.0), (1.0, -1.0, 1.0, 1.0, 0.0, 0.0, 1.0, 1.0, 1.0), (1.0, -1.0, 1.0, 1.0, 0.0, 1.0, 1.0, 0.0, 0.0), (1.0, -1.0, 1.0, 1.0, 0.0, 1.0, 1.0, 1.0, 0.0), (1.0, -1.0, 1.0, 1.0, 1.0, -1.0, 1.0, 0.0, 1.0), (1.0, -1.0, 1.0, 1.0, 1.0, -1.0, 1.0, 1.0, 0.0), (1.0, -1.0, 1.0, 1.0, 1.0, 0.0, 1.0, 0.0, 0.0), (1.0, -1.0, 1.0, 1.0, 1.0, 0.0, 1.0, 1.0, 0.0), (1.0, -1.0, 1.0, 1.0, 1.0, 0.0, 1.0, 1.0, 1.0), (1.0, -1.0, 1.0, 1.0, 1.0, 1.0, 1.0, 0.0, 0.0), (1.0, -1.0, 1.0, 1.0, 1.0, 1.0, 1.0, 1.0, 0.0), (1.0, 0.0, -1.0, -1.0, -1.0, -1.0, 0.0, 1.0, 1.0), (1.0, 0.0, -1.0, -1.0, -1.0, -1.0, 1.0, 0.0, 0.0), (1.0, 0.0, -1.0, -1.0, -1.0, -1.0, 1.0, 0.0, 1.0), (1.0, 0.0, -1.0, -1.0, -1.0, -1.0, 1.0, 1.0, 0.0), (1.0, 0.0, -1.0, -1.0, -1.0, -1.0, 1.0, 1.0, 1.0), (1.0, 0.0, -1.0, -1.0, -1.0, 0.0, 0.0, 0.0, 0.0), (1.0, 0.0, -1.0, -1.0, -1.0, 0.0, 0.0, 0.0, 1.0), (1.0, 0.0, -1.0, -1.0, -1.0, 0.0, 0.0, 1.0, 0.0), (1.0, 0.0, -1.0, -1.0, -1.0, 0.0, 0.0, 1.0, 1.0), (1.0, 0.0, -1.0, -1.0, -1.0, 0.0, 1.0, 0.0, 0.0), (1.0, 0.0, -1.0, -1.0, -1.0, 0.0, 1.0, 0.0, 1.0), (1.0, 0.0, -1.0, -1.0, -1.0, 0.0, 1.0, 1.0, 0.0), (1.0, 0.0, -1.0, -1.0, -1.0, 0.0, 1.0, 1.0, 1.0), (1.0, 0.0, -1.0, -1.0, -1.0, 1.0, 0.0, 0.0, 0.0), (1.0, 0.0, -1.0, -1.0, -1.0, 1.0, 0.0, 0.0, 1.0), (1.0, 0.0, -1.0, -1.0, -1.0, 1.0, 0.0, 1.0, 1.0), (1.0, 0.0, -1.0, -1.0, -1.0, 1.0, 1.0, 0.0, 0.0), (1.0, 0.0, -1.0, -1.0, -1.0, 1.0, 1.0, 0.0, 1.0), (1.0, 0.0, -1.0, -1.0, -1.0, 1.0, 1.0, 1.0, 0.0), (1.0, 0.0, -1.0, -1.0, 0.0, -1.0, 0.0, 0.0, 0.0), (1.0, 0.0, -1.0, -1.0, 0.0, -1.0, 0.0, 0.0, 1.0), (1.0, 0.0, -1.0, -1.0, 0.0, -1.0, 0.0, 1.0, 0.0), (1.0, 0.0, -1.0, -1.0, 0.0, -1.0, 0.0, 1.0, 1.0), (1.0, 0.0, -1.0, -1.0, 0.0, -1.0, 1.0, 0.0, 0.0), (1.0, 0.0, -1.0, -1.0, 0.0, -1.0, 1.0, 0.0, 1.0), (1.0, 0.0, -1.0, -1.0, 0.0, -1.0, 1.0, 1.0, 0.0), (1.0, 0.0, -1.0, -1.0, 0.0, -1.0, 1.0, 1.0, 1.0), (1.0, 0.0, -1.0, -1.0, 0.0, 0.0, 0.0, 0.0, 0.0), (1.0, 0.0, -1.0, -1.0, 0.0, 0.0, 0.0, 0.0, 1.0), (1.0, 0.0, -1.0, -1.0, 0.0, 0.0, 0.0, 1.0, 0.0), (1.0, 0.0, -1.0, -1.0, 0.0, 0.0, 0.0, 1.0, 1.0), (1.0, 0.0, -1.0, -1.0, 0.0, 0.0, 1.0, 0.0, 0.0), (1.0, 0.0, -1.0, -1.0, 0.0, 0.0, 1.0, 0.0, 1.0), (1.0, 0.0, -1.0, -1.0, 0.0, 0.0, 1.0, 1.0, 0.0), (1.0, 0.0, -1.0, -1.0, 0.0, 0.0, 1.0, 1.0, 1.0), (1.0, 0.0, -1.0, -1.0, 0.0, 1.0, 0.0, 0.0, 0.0), (1.0, 0.0, -1.0, -1.0, 0.0, 1.0, 0.0, 0.0, 1.0), (1.0, 0.0, -1.0, -1.0, 0.0, 1.0, 0.0, 1.0, 0.0), (1.0, 0.0, -1.0, -1.0, 0.0, 1.0, 0.0, 1.0, 1.0), (1.0, 0.0, -1.0, -1.0, 0.0, 1.0, 1.0, 0.0, 0.0), (1.0, 0.0, -1.0, -1.0, 0.0, 1.0, 1.0, 0.0, 1.0), (1.0, 0.0, -1.0, -1.0, 0.0, 1.0, 1.0, 1.0, 1.0), (1.0, 0.0, -1.0, -1.0, 1.0, -1.0, 0.0, 0.0, 1.0), (1.0, 0.0, -1.0, -1.0, 1.0, -1.0, 0.0, 1.0, 1.0), (1.0, 0.0, -1.0, -1.0, 1.0, -1.0, 1.0, 0.0, 0.0), (1.0, 0.0, -1.0, -1.0, 1.0, -1.0, 1.0, 0.0, 1.0), (1.0, 0.0, -1.0, -1.0, 1.0, -1.0, 1.0, 1.0, 0.0), (1.0, 0.0, -1.0, -1.0, 1.0, 0.0, 0.0, 0.0, 0.0), (1.0, 0.0, -1.0, -1.0, 1.0, 0.0, 0.0, 0.0, 1.0), (1.0, 0.0, -1.0, -1.0, 1.0, 0.0, 0.0, 1.0, 0.0), (1.0, 0.0, -1.0, -1.0, 1.0, 0.0, 0.0, 1.0, 1.0), (1.0, 0.0, -1.0, -1.0, 1.0, 0.0, 1.0, 0.0, 0.0), (1.0, 0.0, -1.0, -1.0, 1.0, 0.0, 1.0, 0.0, 1.0), (1.0, 0.0, -1.0, -1.0, 1.0, 0.0, 1.0, 1.0, 0.0), (1.0, 0.0, -1.0, -1.0, 1.0, 0.0, 1.0, 1.0, 1.0), (1.0, 0.0, -1.0, -1.0, 1.0, 1.0, 0.0, 0.0, 0.0), (1.0, 0.0, -1.0, -1.0, 1.0, 1.0, 0.0, 0.0, 1.0), (1.0, 0.0, -1.0, -1.0, 1.0, 1.0, 0.0, 1.0, 0.0), (1.0, 0.0, -1.0, -1.0, 1.0, 1.0, 0.0, 1.0, 1.0), (1.0, 0.0, -1.0, -1.0, 1.0, 1.0, 1.0, 0.0, 1.0), (1.0, 0.0, -1.0, -1.0, 1.0, 1.0, 1.0, 1.0, 0.0), (1.0, 0.0, -1.0, 0.0, -1.0, -1.0, 0.0, 0.0, 0.0), (1.0, 0.0, -1.0, 0.0, -1.0, -1.0, 0.0, 0.0, 1.0), (1.0, 0.0, -1.0, 0.0, -1.0, -1.0, 0.0, 1.0, 0.0), (1.0, 0.0, -1.0, 0.0, -1.0, -1.0, 0.0, 1.0, 1.0), (1.0, 0.0, -1.0, 0.0, -1.0, -1.0, 1.0, 0.0, 0.0), (1.0, 0.0, -1.0, 0.0, -1.0, -1.0, 1.0, 0.0, 1.0), (1.0, 0.0, -1.0, 0.0, -1.0, -1.0, 1.0, 1.0, 0.0), (1.0, 0.0, -1.0, 0.0, -1.0, -1.0, 1.0, 1.0, 1.0), (1.0, 0.0, -1.0, 0.0, -1.0, 0.0, 0.0, 0.0, 0.0), (1.0, 0.0, -1.0, 0.0, -1.0, 0.0, 0.0, 0.0, 1.0), (1.0, 0.0, -1.0, 0.0, -1.0, 0.0, 0.0, 1.0, 0.0), (1.0, 0.0, -1.0, 0.0, -1.0, 0.0, 0.0, 1.0, 1.0), (1.0, 0.0, -1.0, 0.0, -1.0, 0.0, 1.0, 0.0, 0.0), (1.0, 0.0, -1.0, 0.0, -1.0, 0.0, 1.0, 0.0, 1.0), (1.0, 0.0, -1.0, 0.0, -1.0, 0.0, 1.0, 1.0, 0.0), (1.0, 0.0, -1.0, 0.0, -1.0, 1.0, 0.0, 0.0, 0.0), (1.0, 0.0, -1.0, 0.0, -1.0, 1.0, 0.0, 0.0, 1.0), (1.0, 0.0, -1.0, 0.0, -1.0, 1.0, 0.0, 1.0, 0.0), (1.0, 0.0, -1.0, 0.0, -1.0, 1.0, 0.0, 1.0, 1.0), (1.0, 0.0, -1.0, 0.0, -1.0, 1.0, 1.0, 0.0, 0.0), (1.0, 0.0, -1.0, 0.0, -1.0, 1.0, 1.0, 0.0, 1.0), (1.0, 0.0, -1.0, 0.0, -1.0, 1.0, 1.0, 1.0, 0.0), (1.0, 0.0, -1.0, 0.0, -1.0, 1.0, 1.0, 1.0, 1.0), (1.0, 0.0, -1.0, 0.0, 0.0, -1.0, 0.0, 0.0, 0.0), (1.0, 0.0, -1.0, 0.0, 0.0, -1.0, 0.0, 0.0, 1.0), (1.0, 0.0, -1.0, 0.0, 0.0, -1.0, 0.0, 1.0, 0.0), (1.0, 0.0, -1.0, 0.0, 0.0, -1.0, 0.0, 1.0, 1.0), (1.0, 0.0, -1.0, 0.0, 0.0, -1.0, 1.0, 0.0, 0.0), (1.0, 0.0, -1.0, 0.0, 0.0, -1.0, 1.0, 0.0, 1.0), (1.0, 0.0, -1.0, 0.0, 0.0, -1.0, 1.0, 1.0, 0.0), (1.0, 0.0, -1.0, 0.0, 0.0, -1.0, 1.0, 1.0, 1.0), (1.0, 0.0, -1.0, 0.0, 0.0, 0.0, 0.0, 0.0, 0.0), (1.0, 0.0, -1.0, 0.0, 0.0, 0.0, 0.0, 0.0, 1.0), (1.0, 0.0, -1.0, 0.0, 0.0, 0.0, 0.0, 1.0, 0.0), (1.0, 0.0, -1.0, 0.0, 0.0, 0.0, 0.0, 1.0, 1.0), (1.0, 0.0, -1.0, 0.0, 0.0, 0.0, 1.0, 0.0, 0.0), (1.0, 0.0, -1.0, 0.0, 0.0, 0.0, 1.0, 0.0, 1.0), (1.0, 0.0, -1.0, 0.0, 0.0, 0.0, 1.0, 1.0, 0.0), (1.0, 0.0, -1.0, 0.0, 0.0, 0.0, 1.0, 1.0, 1.0), (1.0, 0.0, -1.0, 0.0, 0.0, 1.0, 0.0, 0.0, 0.0), (1.0, 0.0, -1.0, 0.0, 0.0, 1.0, 0.0, 0.0, 1.0), (1.0, 0.0, -1.0, 0.0, 0.0, 1.0, 0.0, 1.0, 0.0), (1.0, 0.0, -1.0, 0.0, 0.0, 1.0, 0.0, 1.0, 1.0), (1.0, 0.0, -1.0, 0.0, 0.0, 1.0, 1.0, 0.0, 0.0), (1.0, 0.0, -1.0, 0.0, 0.0, 1.0, 1.0, 0.0, 1.0), (1.0, 0.0, -1.0, 0.0, 0.0, 1.0, 1.0, 1.0, 0.0), (1.0, 0.0, -1.0, 0.0, 0.0, 1.0, 1.0, 1.0, 1.0), (1.0, 0.0, -1.0, 0.0, 1.0, -1.0, 0.0, 0.0, 0.0), (1.0, 0.0, -1.0, 0.0, 1.0, -1.0, 0.0, 0.0, 1.0), (1.0, 0.0, -1.0, 0.0, 1.0, -1.0, 0.0, 1.0, 0.0), (1.0, 0.0, -1.0, 0.0, 1.0, -1.0, 0.0, 1.0, 1.0), (1.0, 0.0, -1.0, 0.0, 1.0, -1.0, 1.0, 0.0, 0.0), (1.0, 0.0, -1.0, 0.0, 1.0, -1.0, 1.0, 0.0, 1.0), (1.0, 0.0, -1.0, 0.0, 1.0, -1.0, 1.0, 1.0, 1.0), (1.0, 0.0, -1.0, 0.0, 1.0, 0.0, 0.0, 0.0, 0.0), (1.0, 0.0, -1.0, 0.0, 1.0, 0.0, 0.0, 0.0, 1.0), (1.0, 0.0, -1.0, 0.0, 1.0, 0.0, 0.0, 1.0, 0.0), (1.0, 0.0, -1.0, 0.0, 1.0, 0.0, 0.0, 1.0, 1.0), (1.0, 0.0, -1.0, 0.0, 1.0, 0.0, 1.0, 0.0, 0.0), (1.0, 0.0, -1.0, 0.0, 1.0, 0.0, 1.0, 0.0, 1.0), (1.0, 0.0, -1.0, 0.0, 1.0, 0.0, 1.0, 1.0, 0.0), (1.0, 0.0, -1.0, 0.0, 1.0, 0.0, 1.0, 1.0, 1.0), (1.0, 0.0, -1.0, 0.0, 1.0, 1.0, 0.0, 0.0, 0.0), (1.0, 0.0, -1.0, 0.0, 1.0, 1.0, 0.0, 0.0, 1.0), (1.0, 0.0, -1.0, 0.0, 1.0, 1.0, 0.0, 1.0, 0.0), (1.0, 0.0, -1.0, 0.0, 1.0, 1.0, 0.0, 1.0, 1.0), (1.0, 0.0, -1.0, 0.0, 1.0, 1.0, 1.0, 0.0, 0.0), (1.0, 0.0, -1.0, 0.0, 1.0, 1.0, 1.0, 0.0, 1.0), (1.0, 0.0, -1.0, 0.0, 1.0, 1.0, 1.0, 1.0, 0.0), (1.0, 0.0, -1.0, 0.0, 1.0, 1.0, 1.0, 1.0, 1.0), (1.0, 0.0, -1.0, 1.0, -1.0, -1.0, 0.0, 0.0, 1.0), (1.0, 0.0, -1.0, 1.0, -1.0, -1.0, 0.0, 1.0, 0.0), (1.0, 0.0, -1.0, 1.0, -1.0, -1.0, 0.0, 1.0, 1.0), (1.0, 0.0, -1.0, 1.0, -1.0, -1.0, 1.0, 0.0, 0.0), (1.0, 0.0, -1.0, 1.0, -1.0, -1.0, 1.0, 0.0, 1.0), (1.0, 0.0, -1.0, 1.0, -1.0, -1.0, 1.0, 1.0, 0.0), (1.0, 0.0, -1.0, 1.0, -1.0, 0.0, 0.0, 0.0, 1.0), (1.0, 0.0, -1.0, 1.0, -1.0, 0.0, 0.0, 1.0, 0.0), (1.0, 0.0, -1.0, 1.0, -1.0, 0.0, 0.0, 1.0, 1.0), (1.0, 0.0, -1.0, 1.0, -1.0, 0.0, 1.0, 0.0, 0.0), (1.0, 0.0, -1.0, 1.0, -1.0, 0.0, 1.0, 0.0, 1.0), (1.0, 0.0, -1.0, 1.0, -1.0, 0.0, 1.0, 1.0, 0.0), (1.0, 0.0, -1.0, 1.0, -1.0, 0.0, 1.0, 1.0, 1.0), (1.0, 0.0, -1.0, 1.0, -1.0, 1.0, 0.0, 0.0, 0.0), (1.0, 0.0, -1.0, 1.0, -1.0, 1.0, 0.0, 0.0, 1.0), (1.0, 0.0, -1.0, 1.0, -1.0, 1.0, 0.0, 1.0, 0.0), (1.0, 0.0, -1.0, 1.0, -1.0, 1.0, 0.0, 1.0, 1.0), (1.0, 0.0, -1.0, 1.0, -1.0, 1.0, 1.0, 0.0, 0.0), (1.0, 0.0, -1.0, 1.0, -1.0, 1.0, 1.0, 0.0, 1.0), (1.0, 0.0, -1.0, 1.0, -1.0, 1.0, 1.0, 1.0, 0.0), (1.0, 0.0, -1.0, 1.0, -1.0, 1.0, 1.0, 1.0, 1.0), (1.0, 0.0, -1.0, 1.0, 0.0, -1.0, 0.0, 0.0, 0.0), (1.0, 0.0, -1.0, 1.0, 0.0, -1.0, 0.0, 0.0, 1.0), (1.0, 0.0, -1.0, 1.0, 0.0, -1.0, 0.0, 1.0, 0.0), (1.0, 0.0, -1.0, 1.0, 0.0, -1.0, 0.0, 1.0, 1.0), (1.0, 0.0, -1.0, 1.0, 0.0, -1.0, 1.0, 0.0, 0.0), (1.0, 0.0, -1.0, 1.0, 0.0, -1.0, 1.0, 0.0, 1.0), (1.0, 0.0, -1.0, 1.0, 0.0, -1.0, 1.0, 1.0, 0.0), (1.0, 0.0, -1.0, 1.0, 0.0, -1.0, 1.0, 1.0, 1.0), (1.0, 0.0, -1.0, 1.0, 0.0, 0.0, 0.0, 0.0, 0.0), (1.0, 0.0, -1.0, 1.0, 0.0, 0.0, 0.0, 0.0, 1.0), (1.0, 0.0, -1.0, 1.0, 0.0, 0.0, 0.0, 1.0, 0.0), (1.0, 0.0, -1.0, 1.0, 0.0, 0.0, 0.0, 1.0, 1.0), (1.0, 0.0, -1.0, 1.0, 0.0, 0.0, 1.0, 0.0, 0.0), (1.0, 0.0, -1.0, 1.0, 0.0, 0.0, 1.0, 0.0, 1.0), (1.0, 0.0, -1.0, 1.0, 0.0, 1.0, 0.0, 0.0, 0.0), (1.0, 0.0, -1.0, 1.0, 0.0, 1.0, 0.0, 0.0, 1.0), (1.0, 0.0, -1.0, 1.0, 0.0, 1.0, 0.0, 1.0, 0.0), (1.0, 0.0, -1.0, 1.0, 0.0, 1.0, 0.0, 1.0, 1.0), (1.0, 0.0, -1.0, 1.0, 0.0, 1.0, 1.0, 0.0, 0.0), (1.0, 0.0, -1.0, 1.0, 0.0, 1.0, 1.0, 0.0, 1.0), (1.0, 0.0, -1.0, 1.0, 0.0, 1.0, 1.0, 1.0, 0.0), (1.0, 0.0, -1.0, 1.0, 0.0, 1.0, 1.0, 1.0, 1.0), (1.0, 0.0, -1.0, 1.0, 1.0, -1.0, 0.0, 0.0, 0.0), (1.0, 0.0, -1.0, 1.0, 1.0, -1.0, 0.0, 0.0, 1.0), (1.0, 0.0, -1.0, 1.0, 1.0, -1.0, 0.0, 1.0, 0.0), (1.0, 0.0, -1.0, 1.0, 1.0, -1.0, 0.0, 1.0, 1.0), (1.0, 0.0, -1.0, 1.0, 1.0, -1.0, 1.0, 0.0, 0.0), (1.0, 0.0, -1.0, 1.0, 1.0, -1.0, 1.0, 0.0, 1.0), (1.0, 0.0, -1.0, 1.0, 1.0, -1.0, 1.0, 1.0, 0.0), (1.0, 0.0, -1.0, 1.0, 1.0, -1.0, 1.0, 1.0, 1.0), (1.0, 0.0, -1.0, 1.0, 1.0, 0.0, 0.0, 0.0, 0.0), (1.0, 0.0, -1.0, 1.0, 1.0, 0.0, 0.0, 0.0, 1.0), (1.0, 0.0, -1.0, 1.0, 1.0, 0.0, 0.0, 1.0, 0.0), (1.0, 0.0, -1.0, 1.0, 1.0, 0.0, 1.0, 0.0, 0.0), (1.0, 0.0, -1.0, 1.0, 1.0, 0.0, 1.0, 0.0, 1.0), (1.0, 0.0, -1.0, 1.0, 1.0, 0.0, 1.0, 1.0, 0.0), (1.0, 0.0, -1.0, 1.0, 1.0, 1.0, 0.0, 0.0, 0.0), (1.0, 0.0, -1.0, 1.0, 1.0, 1.0, 0.0, 0.0, 1.0), (1.0, 0.0, -1.0, 1.0, 1.0, 1.0, 0.0, 1.0, 0.0), (1.0, 0.0, -1.0, 1.0, 1.0, 1.0, 0.0, 1.0, 1.0), (1.0, 0.0, -1.0, 1.0, 1.0, 1.0, 1.0, 0.0, 0.0), (1.0, 0.0, -1.0, 1.0, 1.0, 1.0, 1.0, 0.0, 1.0), (1.0, 0.0, -1.0, 1.0, 1.0, 1.0, 1.0, 1.0, 0.0), (1.0, 0.0, -1.0, 1.0, 1.0, 1.0, 1.0, 1.0, 1.0), (1.0, 0.0, 0.0, -1.0, -1.0, -1.0, 1.0, 0.0, 0.0), (1.0, 0.0, 0.0, -1.0, -1.0, -1.0, 1.0, 1.0, 0.0), (1.0, 0.0, 0.0, -1.0, -1.0, -1.0, 1.0, 1.0, 1.0), (1.0, 0.0, 0.0, -1.0, -1.0, 0.0, 0.0, 0.0, 0.0), (1.0, 0.0, 0.0, -1.0, -1.0, 0.0, 0.0, 0.0, 1.0), (1.0, 0.0, 0.0, -1.0, -1.0, 0.0, 0.0, 1.0, 0.0), (1.0, 0.0, 0.0, -1.0, -1.0, 0.0, 0.0, 1.0, 1.0), (1.0, 0.0, 0.0, -1.0, -1.0, 0.0, 1.0, 0.0, 1.0), (1.0, 0.0, 0.0, -1.0, -1.0, 1.0, 0.0, 0.0, 0.0), (1.0, 0.0, 0.0, -1.0, -1.0, 1.0, 0.0, 1.0, 1.0), (1.0, 0.0, 0.0, -1.0, -1.0, 1.0, 1.0, 1.0, 0.0), (1.0, 0.0, 0.0, -1.0, -1.0, 1.0, 1.0, 1.0, 1.0), (1.0, 0.0, 0.0, -1.0, 0.0, -1.0, 0.0, 0.0, 0.0), (1.0, 0.0, 0.0, -1.0, 0.0, -1.0, 0.0, 0.0, 1.0), (1.0, 0.0, 0.0, -1.0, 0.0, -1.0, 0.0, 1.0, 0.0), (1.0, 0.0, 0.0, -1.0, 0.0, -1.0, 0.0, 1.0, 1.0), (1.0, 0.0, 0.0, -1.0, 0.0, -1.0, 1.0, 0.0, 0.0), (1.0, 0.0, 0.0, -1.0, 0.0, -1.0, 1.0, 0.0, 1.0), (1.0, 0.0, 0.0, -1.0, 0.0, -1.0, 1.0, 1.0, 0.0), (1.0, 0.0, 0.0, -1.0, 0.0, -1.0, 1.0, 1.0, 1.0), (1.0, 0.0, 0.0, -1.0, 0.0, 0.0, 0.0, 0.0, 0.0), (1.0, 0.0, 0.0, -1.0, 0.0, 0.0, 0.0, 0.0, 1.0), (1.0, 0.0, 0.0, -1.0, 0.0, 0.0, 0.0, 1.0, 0.0), (1.0, 0.0, 0.0, -1.0, 0.0, 0.0, 0.0, 1.0, 1.0), (1.0, 0.0, 0.0, -1.0, 0.0, 0.0, 1.0, 1.0, 0.0), (1.0, 0.0, 0.0, -1.0, 0.0, 0.0, 1.0, 1.0, 1.0), (1.0, 0.0, 0.0, -1.0, 0.0, 1.0, 0.0, 0.0, 0.0), (1.0, 0.0, 0.0, -1.0, 0.0, 1.0, 0.0, 0.0, 1.0), (1.0, 0.0, 0.0, -1.0, 0.0, 1.0, 0.0, 1.0, 0.0), (1.0, 0.0, 0.0, -1.0, 0.0, 1.0, 0.0, 1.0, 1.0), (1.0, 0.0, 0.0, -1.0, 0.0, 1.0, 1.0, 0.0, 0.0), (1.0, 0.0, 0.0, -1.0, 0.0, 1.0, 1.0, 1.0, 0.0), (1.0, 0.0, 0.0, -1.0, 1.0, -1.0, 0.0, 0.0, 0.0), (1.0, 0.0, 0.0, -1.0, 1.0, -1.0, 0.0, 0.0, 1.0), (1.0, 0.0, 0.0, -1.0, 1.0, -1.0, 0.0, 1.0, 0.0), (1.0, 0.0, 0.0, -1.0, 1.0, -1.0, 0.0, 1.0, 1.0), (1.0, 0.0, 0.0, -1.0, 1.0, -1.0, 1.0, 0.0, 0.0), (1.0, 0.0, 0.0, -1.0, 1.0, -1.0, 1.0, 1.0, 0.0), (1.0, 0.0, 0.0, -1.0, 1.0, -1.0, 1.0, 1.0, 1.0), (1.0, 0.0, 0.0, -1.0, 1.0, 0.0, 0.0, 0.0, 0.0), (1.0, 0.0, 0.0, -1.0, 1.0, 0.0, 0.0, 0.0, 1.0), (1.0, 0.0, 0.0, -1.0, 1.0, 0.0, 0.0, 1.0, 0.0), (1.0, 0.0, 0.0, -1.0, 1.0, 0.0, 0.0, 1.0, 1.0), (1.0, 0.0, 0.0, -1.0, 1.0, 0.0, 1.0, 1.0, 1.0), (1.0, 0.0, 0.0, -1.0, 1.0, 1.0, 0.0, 0.0, 0.0), (1.0, 0.0, 0.0, -1.0, 1.0, 1.0, 0.0, 0.0, 1.0), (1.0, 0.0, 0.0, -1.0, 1.0, 1.0, 0.0, 1.0, 0.0), (1.0, 0.0, 0.0, -1.0, 1.0, 1.0, 0.0, 1.0, 1.0), (1.0, 0.0, 0.0, -1.0, 1.0, 1.0, 1.0, 0.0, 0.0), (1.0, 0.0, 0.0, -1.0, 1.0, 1.0, 1.0, 0.0, 1.0), (1.0, 0.0, 0.0, -1.0, 1.0, 1.0, 1.0, 1.0, 0.0), (1.0, 0.0, 0.0, -1.0, 1.0, 1.0, 1.0, 1.0, 1.0), (1.0, 0.0, 0.0, 0.0, -1.0, -1.0, 0.0, 0.0, 0.0), (1.0, 0.0, 0.0, 0.0, -1.0, -1.0, 0.0, 0.0, 1.0), (1.0, 0.0, 0.0, 0.0, -1.0, -1.0, 0.0, 1.0, 0.0), (1.0, 0.0, 0.0, 0.0, -1.0, -1.0, 0.0, 1.0, 1.0), (1.0, 0.0, 0.0, 0.0, -1.0, -1.0, 1.0, 1.0, 0.0), (1.0, 0.0, 0.0, 0.0, -1.0, -1.0, 1.0, 1.0, 1.0), (1.0, 0.0, 0.0, 0.0, -1.0, 0.0, 0.0, 0.0, 0.0), (1.0, 0.0, 0.0, 0.0, -1.0, 0.0, 0.0, 0.0, 1.0), (1.0, 0.0, 0.0, 0.0, -1.0, 0.0, 0.0, 1.0, 0.0), (1.0, 0.0, 0.0, 0.0, -1.0, 0.0, 0.0, 1.0, 1.0), (1.0, 0.0, 0.0, 0.0, -1.0, 0.0, 1.0, 1.0, 0.0), (1.0, 0.0, 0.0, 0.0, -1.0, 0.0, 1.0, 1.0, 1.0), (1.0, 0.0, 0.0, 0.0, -1.0, 1.0, 0.0, 0.0, 0.0), (1.0, 0.0, 0.0, 0.0, -1.0, 1.0, 0.0, 0.0, 1.0), (1.0, 0.0, 0.0, 0.0, -1.0, 1.0, 0.0, 1.0, 0.0), (1.0, 0.0, 0.0, 0.0, -1.0, 1.0, 0.0, 1.0, 1.0), (1.0, 0.0, 0.0, 0.0, -1.0, 1.0, 1.0, 0.0, 1.0), (1.0, 0.0, 0.0, 0.0, -1.0, 1.0, 1.0, 1.0, 0.0), (1.0, 0.0, 0.0, 0.0, -1.0, 1.0, 1.0, 1.0, 1.0), (1.0, 0.0, 0.0, 0.0, 0.0, -1.0, 0.0, 0.0, 0.0), (1.0, 0.0, 0.0, 0.0, 0.0, -1.0, 0.0, 0.0, 1.0), (1.0, 0.0, 0.0, 0.0, 0.0, -1.0, 0.0, 1.0, 0.0), (1.0, 0.0, 0.0, 0.0, 0.0, -1.0, 0.0, 1.0, 1.0), (1.0, 0.0, 0.0, 0.0, 0.0, -1.0, 1.0, 1.0, 0.0), (1.0, 0.0, 0.0, 0.0, 0.0, -1.0, 1.0, 1.0, 1.0), (1.0, 0.0, 0.0, 0.0, 0.0, 0.0, 0.0, 0.0, 0.0), (1.0, 0.0, 0.0, 0.0, 0.0, 0.0, 0.0, 0.0, 1.0), (1.0, 0.0, 0.0, 0.0, 0.0, 0.0, 0.0, 1.0, 0.0), (1.0, 0.0, 0.0, 0.0, 0.0, 0.0, 0.0, 1.0, 1.0), (1.0, 0.0, 0.0, 0.0, 0.0, 0.0, 1.0, 1.0, 0.0), (1.0, 0.0, 0.0, 0.0, 0.0, 0.0, 1.0, 1.0, 1.0), (1.0, 0.0, 0.0, 0.0, 0.0, 1.0, 0.0, 0.0, 0.0), (1.0, 0.0, 0.0, 0.0, 0.0, 1.0, 0.0, 0.0, 1.0), (1.0, 0.0, 0.0, 0.0, 0.0, 1.0, 0.0, 1.0, 0.0), (1.0, 0.0, 0.0, 0.0, 0.0, 1.0, 0.0, 1.0, 1.0), (1.0, 0.0, 0.0, 0.0, 0.0, 1.0, 1.0, 1.0, 1.0), (1.0, 0.0, 0.0, 0.0, 1.0, -1.0, 0.0, 0.0, 0.0), (1.0, 0.0, 0.0, 0.0, 1.0, -1.0, 0.0, 0.0, 1.0), (1.0, 0.0, 0.0, 0.0, 1.0, -1.0, 0.0, 1.0, 0.0), (1.0, 0.0, 0.0, 0.0, 1.0, -1.0, 0.0, 1.0, 1.0), (1.0, 0.0, 0.0, 0.0, 1.0, -1.0, 1.0, 0.0, 1.0), (1.0, 0.0, 0.0, 0.0, 1.0, -1.0, 1.0, 1.0, 0.0), (1.0, 0.0, 0.0, 0.0, 1.0, -1.0, 1.0, 1.0, 1.0), (1.0, 0.0, 0.0, 0.0, 1.0, 0.0, 0.0, 0.0, 0.0), (1.0, 0.0, 0.0, 0.0, 1.0, 0.0, 0.0, 0.0, 1.0), (1.0, 0.0, 0.0, 0.0, 1.0, 0.0, 0.0, 1.0, 0.0), (1.0, 0.0, 0.0, 0.0, 1.0, 0.0, 0.0, 1.0, 1.0), (1.0, 0.0, 0.0, 0.0, 1.0, 0.0, 1.0, 0.0, 0.0), (1.0, 0.0, 0.0, 0.0, 1.0, 0.0, 1.0, 0.0, 1.0), (1.0, 0.0, 0.0, 0.0, 1.0, 0.0, 1.0, 1.0, 0.0), (1.0, 0.0, 0.0, 0.0, 1.0, 0.0, 1.0, 1.0, 1.0), (1.0, 0.0, 0.0, 0.0, 1.0, 1.0, 0.0, 0.0, 0.0), (1.0, 0.0, 0.0, 0.0, 1.0, 1.0, 0.0, 0.0, 1.0), (1.0, 0.0, 0.0, 0.0, 1.0, 1.0, 0.0, 1.0, 0.0), (1.0, 0.0, 0.0, 0.0, 1.0, 1.0, 0.0, 1.0, 1.0), (1.0, 0.0, 0.0, 0.0, 1.0, 1.0, 1.0, 0.0, 0.0), (1.0, 0.0, 0.0, 0.0, 1.0, 1.0, 1.0, 0.0, 1.0), (1.0, 0.0, 0.0, 0.0, 1.0, 1.0, 1.0, 1.0, 0.0), (1.0, 0.0, 0.0, 0.0, 1.0, 1.0, 1.0, 1.0, 1.0), (1.0, 0.0, 0.0, 1.0, -1.0, -1.0, 0.0, 0.0, 0.0), (1.0, 0.0, 0.0, 1.0, -1.0, -1.0, 0.0, 0.0, 1.0), (1.0, 0.0, 0.0, 1.0, -1.0, -1.0, 0.0, 1.0, 0.0), (1.0, 0.0, 0.0, 1.0, -1.0, -1.0, 0.0, 1.0, 1.0), (1.0, 0.0, 0.0, 1.0, -1.0, -1.0, 1.0, 0.0, 1.0), (1.0, 0.0, 0.0, 1.0, -1.0, -1.0, 1.0, 1.0, 0.0), (1.0, 0.0, 0.0, 1.0, -1.0, 0.0, 0.0, 0.0, 0.0), (1.0, 0.0, 0.0, 1.0, -1.0, 0.0, 0.0, 0.0, 1.0), (1.0, 0.0, 0.0, 1.0, -1.0, 0.0, 0.0, 1.0, 0.0), (1.0, 0.0, 0.0, 1.0, -1.0, 0.0, 0.0, 1.0, 1.0), (1.0, 0.0, 0.0, 1.0, -1.0, 0.0, 1.0, 0.0, 0.0), (1.0, 0.0, 0.0, 1.0, -1.0, 0.0, 1.0, 0.0, 1.0), (1.0, 0.0, 0.0, 1.0, -1.0, 0.0, 1.0, 1.0, 0.0), (1.0, 0.0, 0.0, 1.0, -1.0, 0.0, 1.0, 1.0, 1.0), (1.0, 0.0, 0.0, 1.0, -1.0, 1.0, 0.0, 0.0, 0.0), (1.0, 0.0, 0.0, 1.0, -1.0, 1.0, 0.0, 0.0, 1.0), (1.0, 0.0, 0.0, 1.0, -1.0, 1.0, 0.0, 1.0, 0.0), (1.0, 0.0, 0.0, 1.0, -1.0, 1.0, 0.0, 1.0, 1.0), (1.0, 0.0, 0.0, 1.0, -1.0, 1.0, 1.0, 0.0, 1.0), (1.0, 0.0, 0.0, 1.0, 0.0, -1.0, 0.0, 0.0, 0.0), (1.0, 0.0, 0.0, 1.0, 0.0, -1.0, 0.0, 0.0, 1.0), (1.0, 0.0, 0.0, 1.0, 0.0, -1.0, 0.0, 1.0, 0.0), (1.0, 0.0, 0.0, 1.0, 0.0, -1.0, 0.0, 1.0, 1.0), (1.0, 0.0, 0.0, 1.0, 0.0, -1.0, 1.0, 0.0, 1.0), (1.0, 0.0, 0.0, 1.0, 0.0, -1.0, 1.0, 1.0, 1.0), (1.0, 0.0, 0.0, 1.0, 0.0, 0.0, 0.0, 0.0, 0.0), (1.0, 0.0, 0.0, 1.0, 0.0, 0.0, 0.0, 0.0, 1.0), (1.0, 0.0, 0.0, 1.0, 0.0, 0.0, 0.0, 1.0, 0.0), (1.0, 0.0, 0.0, 1.0, 0.0, 0.0, 0.0, 1.0, 1.0), (1.0, 0.0, 0.0, 1.0, 0.0, 0.0, 1.0, 0.0, 0.0), (1.0, 0.0, 0.0, 1.0, 0.0, 0.0, 1.0, 1.0, 0.0), (1.0, 0.0, 0.0, 1.0, 0.0, 0.0, 1.0, 1.0, 1.0), (1.0, 0.0, 0.0, 1.0, 0.0, 1.0, 0.0, 0.0, 0.0), (1.0, 0.0, 0.0, 1.0, 0.0, 1.0, 0.0, 0.0, 1.0), (1.0, 0.0, 0.0, 1.0, 0.0, 1.0, 0.0, 1.0, 0.0), (1.0, 0.0, 0.0, 1.0, 0.0, 1.0, 0.0, 1.0, 1.0), (1.0, 0.0, 0.0, 1.0, 0.0, 1.0, 1.0, 0.0, 0.0), (1.0, 0.0, 0.0, 1.0, 0.0, 1.0, 1.0, 1.0, 0.0), (1.0, 0.0, 0.0, 1.0, 1.0, -1.0, 0.0, 0.0, 0.0), (1.0, 0.0, 0.0, 1.0, 1.0, -1.0, 0.0, 0.0, 1.0), (1.0, 0.0, 0.0, 1.0, 1.0, -1.0, 0.0, 1.0, 0.0), (1.0, 0.0, 0.0, 1.0, 1.0, -1.0, 0.0, 1.0, 1.0), (1.0, 0.0, 0.0, 1.0, 1.0, -1.0, 1.0, 0.0, 0.0), (1.0, 0.0, 0.0, 1.0, 1.0, 1.0, 0.0, 0.0, 0.0), (1.0, 0.0, 0.0, 1.0, 1.0, 1.0, 0.0, 0.0, 1.0), (1.0, 0.0, 0.0, 1.0, 1.0, 1.0, 0.0, 1.0, 0.0), (1.0, 0.0, 0.0, 1.0, 1.0, 1.0, 0.0, 1.0, 1.0), (1.0, 0.0, 1.0, -1.0, -1.0, -1.0, 1.0, 0.0, 1.0), (1.0, 0.0, 1.0, -1.0, -1.0, -1.0, 1.0, 1.0, 0.0), (1.0, 0.0, 1.0, -1.0, -1.0, -1.0, 1.0, 1.0, 1.0), (1.0, 0.0, 1.0, -1.0, -1.0, 0.0, 0.0, 0.0, 0.0), (1.0, 0.0, 1.0, -1.0, -1.0, 0.0, 0.0, 0.0, 1.0), (1.0, 0.0, 1.0, -1.0, -1.0, 0.0, 0.0, 1.0, 0.0), (1.0, 0.0, 1.0, -1.0, -1.0, 0.0, 0.0, 1.0, 1.0), (1.0, 0.0, 1.0, -1.0, -1.0, 0.0, 1.0, 0.0, 1.0), (1.0, 0.0, 1.0, -1.0, -1.0, 0.0, 1.0, 1.0, 0.0), (1.0, 0.0, 1.0, -1.0, -1.0, 0.0, 1.0, 1.0, 1.0), (1.0, 0.0, 1.0, -1.0, -1.0, 1.0, 0.0, 0.0, 1.0), (1.0, 0.0, 1.0, -1.0, -1.0, 1.0, 0.0, 1.0, 1.0), (1.0, 0.0, 1.0, -1.0, 0.0, -1.0, 0.0, 0.0, 0.0), (1.0, 0.0, 1.0, -1.0, 0.0, -1.0, 0.0, 0.0, 1.0), (1.0, 0.0, 1.0, -1.0, 0.0, -1.0, 0.0, 1.0, 0.0), (1.0, 0.0, 1.0, -1.0, 0.0, -1.0, 0.0, 1.0, 1.0), (1.0, 0.0, 1.0, -1.0, 0.0, -1.0, 1.0, 1.0, 0.0), (1.0, 0.0, 1.0, -1.0, 0.0, -1.0, 1.0, 1.0, 1.0), (1.0, 0.0, 1.0, -1.0, 0.0, 0.0, 0.0, 0.0, 0.0), (1.0, 0.0, 1.0, -1.0, 0.0, 0.0, 0.0, 0.0, 1.0), (1.0, 0.0, 1.0, -1.0, 0.0, 0.0, 0.0, 1.0, 0.0), (1.0, 0.0, 1.0, -1.0, 0.0, 0.0, 0.0, 1.0, 1.0), (1.0, 0.0, 1.0, -1.0, 0.0, 0.0, 1.0, 0.0, 0.0), (1.0, 0.0, 1.0, -1.0, 0.0, 0.0, 1.0, 0.0, 1.0), (1.0, 0.0, 1.0, -1.0, 0.0, 0.0, 1.0, 1.0, 0.0), (1.0, 0.0, 1.0, -1.0, 0.0, 0.0, 1.0, 1.0, 1.0), (1.0, 0.0, 1.0, -1.0, 0.0, 1.0, 0.0, 0.0, 0.0), (1.0, 0.0, 1.0, -1.0, 0.0, 1.0, 0.0, 0.0, 1.0), (1.0, 0.0, 1.0, -1.0, 0.0, 1.0, 0.0, 1.0, 0.0), (1.0, 0.0, 1.0, -1.0, 0.0, 1.0, 0.0, 1.0, 1.0), (1.0, 0.0, 1.0, -1.0, 0.0, 1.0, 1.0, 0.0, 0.0), (1.0, 0.0, 1.0, -1.0, 0.0, 1.0, 1.0, 0.0, 1.0), (1.0, 0.0, 1.0, -1.0, 0.0, 1.0, 1.0, 1.0, 0.0), (1.0, 0.0, 1.0, -1.0, 0.0, 1.0, 1.0, 1.0, 1.0), (1.0, 0.0, 1.0, -1.0, 1.0, -1.0, 0.0, 0.0, 1.0), (1.0, 0.0, 1.0, -1.0, 1.0, -1.0, 0.0, 1.0, 1.0), (1.0, 0.0, 1.0, -1.0, 1.0, -1.0, 1.0, 0.0, 0.0), (1.0, 0.0, 1.0, -1.0, 1.0, -1.0, 1.0, 0.0, 1.0), (1.0, 0.0, 1.0, -1.0, 1.0, -1.0, 1.0, 1.0, 1.0), (1.0, 0.0, 1.0, -1.0, 1.0, 0.0, 0.0, 0.0, 0.0), (1.0, 0.0, 1.0, -1.0, 1.0, 0.0, 0.0, 0.0, 1.0), (1.0, 0.0, 1.0, -1.0, 1.0, 0.0, 0.0, 1.0, 0.0), (1.0, 0.0, 1.0, -1.0, 1.0, 0.0, 0.0, 1.0, 1.0), (1.0, 0.0, 1.0, -1.0, 1.0, 0.0, 1.0, 0.0, 0.0), (1.0, 0.0, 1.0, -1.0, 1.0, 0.0, 1.0, 1.0, 0.0), (1.0, 0.0, 1.0, -1.0, 1.0, 0.0, 1.0, 1.0, 1.0), (1.0, 0.0, 1.0, -1.0, 1.0, 1.0, 0.0, 0.0, 0.0), (1.0, 0.0, 1.0, -1.0, 1.0, 1.0, 0.0, 0.0, 1.0), (1.0, 0.0, 1.0, -1.0, 1.0, 1.0, 0.0, 1.0, 0.0), (1.0, 0.0, 1.0, -1.0, 1.0, 1.0, 0.0, 1.0, 1.0), (1.0, 0.0, 1.0, -1.0, 1.0, 1.0, 1.0, 0.0, 0.0), (1.0, 0.0, 1.0, -1.0, 1.0, 1.0, 1.0, 0.0, 1.0), (1.0, 0.0, 1.0, -1.0, 1.0, 1.0, 1.0, 1.0, 0.0), (1.0, 0.0, 1.0, -1.0, 1.0, 1.0, 1.0, 1.0, 1.0), (1.0, 0.0, 1.0, 0.0, -1.0, -1.0, 1.0, 0.0, 0.0), (1.0, 0.0, 1.0, 0.0, -1.0, -1.0, 1.0, 0.0, 1.0), (1.0, 0.0, 1.0, 0.0, -1.0, -1.0, 1.0, 1.0, 0.0), (1.0, 0.0, 1.0, 0.0, -1.0, -1.0, 1.0, 1.0, 1.0), (1.0, 0.0, 1.0, 0.0, -1.0, 0.0, 0.0, 0.0, 0.0), (1.0, 0.0, 1.0, 0.0, -1.0, 0.0, 0.0, 0.0, 1.0), (1.0, 0.0, 1.0, 0.0, -1.0, 0.0, 0.0, 1.0, 0.0), (1.0, 0.0, 1.0, 0.0, -1.0, 0.0, 0.0, 1.0, 1.0), (1.0, 0.0, 1.0, 0.0, -1.0, 0.0, 1.0, 0.0, 0.0), (1.0, 0.0, 1.0, 0.0, -1.0, 0.0, 1.0, 0.0, 1.0), (1.0, 0.0, 1.0, 0.0, -1.0, 0.0, 1.0, 1.0, 0.0), (1.0, 0.0, 1.0, 0.0, -1.0, 0.0, 1.0, 1.0, 1.0), (1.0, 0.0, 1.0, 0.0, -1.0, 1.0, 0.0, 0.0, 0.0), (1.0, 0.0, 1.0, 0.0, -1.0, 1.0, 0.0, 0.0, 1.0), (1.0, 0.0, 1.0, 0.0, -1.0, 1.0, 0.0, 1.0, 0.0), (1.0, 0.0, 1.0, 0.0, -1.0, 1.0, 0.0, 1.0, 1.0), (1.0, 0.0, 1.0, 0.0, -1.0, 1.0, 1.0, 0.0, 0.0), (1.0, 0.0, 1.0, 0.0, -1.0, 1.0, 1.0, 0.0, 1.0), (1.0, 0.0, 1.0, 0.0, -1.0, 1.0, 1.0, 1.0, 0.0), (1.0, 0.0, 1.0, 0.0, -1.0, 1.0, 1.0, 1.0, 1.0), (1.0, 0.0, 1.0, 0.0, 0.0, -1.0, 0.0, 0.0, 0.0), (1.0, 0.0, 1.0, 0.0, 0.0, -1.0, 0.0, 0.0, 1.0), (1.0, 0.0, 1.0, 0.0, 0.0, -1.0, 0.0, 1.0, 0.0), (1.0, 0.0, 1.0, 0.0, 0.0, -1.0, 0.0, 1.0, 1.0), (1.0, 0.0, 1.0, 0.0, 0.0, -1.0, 1.0, 0.0, 0.0), (1.0, 0.0, 1.0, 0.0, 0.0, -1.0, 1.0, 0.0, 1.0), (1.0, 0.0, 1.0, 0.0, 0.0, -1.0, 1.0, 1.0, 0.0), (1.0, 0.0, 1.0, 0.0, 0.0, -1.0, 1.0, 1.0, 1.0), (1.0, 0.0, 1.0, 0.0, 0.0, 0.0, 0.0, 0.0, 0.0), (1.0, 0.0, 1.0, 0.0, 0.0, 0.0, 0.0, 0.0, 1.0), (1.0, 0.0, 1.0, 0.0, 0.0, 0.0, 0.0, 1.0, 0.0), (1.0, 0.0, 1.0, 0.0, 0.0, 0.0, 0.0, 1.0, 1.0), (1.0, 0.0, 1.0, 0.0, 0.0, 0.0, 1.0, 0.0, 0.0), (1.0, 0.0, 1.0, 0.0, 0.0, 0.0, 1.0, 0.0, 1.0), (1.0, 0.0, 1.0, 0.0, 0.0, 0.0, 1.0, 1.0, 0.0), (1.0, 0.0, 1.0, 0.0, 0.0, 0.0, 1.0, 1.0, 1.0), (1.0, 0.0, 1.0, 0.0, 0.0, 1.0, 0.0, 0.0, 0.0), (1.0, 0.0, 1.0, 0.0, 0.0, 1.0, 0.0, 0.0, 1.0), (1.0, 0.0, 1.0, 0.0, 0.0, 1.0, 0.0, 1.0, 0.0), (1.0, 0.0, 1.0, 0.0, 0.0, 1.0, 0.0, 1.0, 1.0), (1.0, 0.0, 1.0, 0.0, 0.0, 1.0, 1.0, 0.0, 0.0), (1.0, 0.0, 1.0, 0.0, 0.0, 1.0, 1.0, 0.0, 1.0), (1.0, 0.0, 1.0, 0.0, 0.0, 1.0, 1.0, 1.0, 0.0), (1.0, 0.0, 1.0, 0.0, 0.0, 1.0, 1.0, 1.0, 1.0), (1.0, 0.0, 1.0, 0.0, 1.0, -1.0, 0.0, 0.0, 0.0), (1.0, 0.0, 1.0, 0.0, 1.0, -1.0, 0.0, 0.0, 1.0), (1.0, 0.0, 1.0, 0.0, 1.0, -1.0, 0.0, 1.0, 0.0), (1.0, 0.0, 1.0, 0.0, 1.0, -1.0, 0.0, 1.0, 1.0), (1.0, 0.0, 1.0, 0.0, 1.0, -1.0, 1.0, 0.0, 0.0), (1.0, 0.0, 1.0, 0.0, 1.0, -1.0, 1.0, 0.0, 1.0), (1.0, 0.0, 1.0, 0.0, 1.0, -1.0, 1.0, 1.0, 0.0), (1.0, 0.0, 1.0, 0.0, 1.0, -1.0, 1.0, 1.0, 1.0), (1.0, 0.0, 1.0, 0.0, 1.0, 0.0, 0.0, 0.0, 0.0), (1.0, 0.0, 1.0, 0.0, 1.0, 0.0, 0.0, 0.0, 1.0), (1.0, 0.0, 1.0, 0.0, 1.0, 0.0, 0.0, 1.0, 0.0), (1.0, 0.0, 1.0, 0.0, 1.0, 0.0, 0.0, 1.0, 1.0), (1.0, 0.0, 1.0, 0.0, 1.0, 0.0, 1.0, 0.0, 0.0), (1.0, 0.0, 1.0, 0.0, 1.0, 0.0, 1.0, 0.0, 1.0), (1.0, 0.0, 1.0, 0.0, 1.0, 0.0, 1.0, 1.0, 1.0), (1.0, 0.0, 1.0, 0.0, 1.0, 1.0, 0.0, 0.0, 0.0), (1.0, 0.0, 1.0, 0.0, 1.0, 1.0, 0.0, 0.0, 1.0), (1.0, 0.0, 1.0, 0.0, 1.0, 1.0, 0.0, 1.0, 0.0), (1.0, 0.0, 1.0, 0.0, 1.0, 1.0, 0.0, 1.0, 1.0), (1.0, 0.0, 1.0, 0.0, 1.0, 1.0, 1.0, 0.0, 0.0), (1.0, 0.0, 1.0, 0.0, 1.0, 1.0, 1.0, 0.0, 1.0), (1.0, 0.0, 1.0, 0.0, 1.0, 1.0, 1.0, 1.0, 0.0), (1.0, 0.0, 1.0, 0.0, 1.0, 1.0, 1.0, 1.0, 1.0), (1.0, 0.0, 1.0, 1.0, -1.0, -1.0, 0.0, 0.0, 1.0), (1.0, 0.0, 1.0, 1.0, -1.0, -1.0, 0.0, 1.0, 1.0), (1.0, 0.0, 1.0, 1.0, -1.0, -1.0, 1.0, 0.0, 0.0), (1.0, 0.0, 1.0, 1.0, -1.0, -1.0, 1.0, 0.0, 1.0), (1.0, 0.0, 1.0, 1.0, -1.0, -1.0, 1.0, 1.0, 0.0), (1.0, 0.0, 1.0, 1.0, -1.0, -1.0, 1.0, 1.0, 1.0), (1.0, 0.0, 1.0, 1.0, -1.0, 0.0, 0.0, 0.0, 0.0), (1.0, 0.0, 1.0, 1.0, -1.0, 0.0, 0.0, 0.0, 1.0), (1.0, 0.0, 1.0, 1.0, -1.0, 0.0, 0.0, 1.0, 0.0), (1.0, 0.0, 1.0, 1.0, -1.0, 0.0, 0.0, 1.0, 1.0), (1.0, 0.0, 1.0, 1.0, -1.0, 0.0, 1.0, 0.0, 0.0), (1.0, 0.0, 1.0, 1.0, -1.0, 0.0, 1.0, 0.0, 1.0), (1.0, 0.0, 1.0, 1.0, -1.0, 0.0, 1.0, 1.0, 0.0), (1.0, 0.0, 1.0, 1.0, -1.0, 0.0, 1.0, 1.0, 1.0), (1.0, 0.0, 1.0, 1.0, -1.0, 1.0, 0.0, 0.0, 0.0), (1.0, 0.0, 1.0, 1.0, -1.0, 1.0, 0.0, 0.0, 1.0), (1.0, 0.0, 1.0, 1.0, -1.0, 1.0, 0.0, 1.0, 0.0), (1.0, 0.0, 1.0, 1.0, -1.0, 1.0, 0.0, 1.0, 1.0), (1.0, 0.0, 1.0, 1.0, -1.0, 1.0, 1.0, 0.0, 0.0), (1.0, 0.0, 1.0, 1.0, -1.0, 1.0, 1.0, 0.0, 1.0), (1.0, 0.0, 1.0, 1.0, -1.0, 1.0, 1.0, 1.0, 0.0), (1.0, 0.0, 1.0, 1.0, 0.0, -1.0, 0.0, 0.0, 0.0), (1.0, 0.0, 1.0, 1.0, 0.0, -1.0, 0.0, 0.0, 1.0), (1.0, 0.0, 1.0, 1.0, 0.0, -1.0, 0.0, 1.0, 0.0), (1.0, 0.0, 1.0, 1.0, 0.0, -1.0, 0.0, 1.0, 1.0), (1.0, 0.0, 1.0, 1.0, 0.0, -1.0, 1.0, 0.0, 0.0), (1.0, 0.0, 1.0, 1.0, 0.0, -1.0, 1.0, 0.0, 1.0), (1.0, 0.0, 1.0, 1.0, 0.0, -1.0, 1.0, 1.0, 0.0), (1.0, 0.0, 1.0, 1.0, 0.0, -1.0, 1.0, 1.0, 1.0), (1.0, 0.0, 1.0, 1.0, 0.0, 0.0, 0.0, 0.0, 0.0), (1.0, 0.0, 1.0, 1.0, 0.0, 0.0, 0.0, 0.0, 1.0), (1.0, 0.0, 1.0, 1.0, 0.0, 0.0, 0.0, 1.0, 0.0), (1.0, 0.0, 1.0, 1.0, 0.0, 0.0, 0.0, 1.0, 1.0), (1.0, 0.0, 1.0, 1.0, 0.0, 0.0, 1.0, 0.0, 0.0), (1.0, 0.0, 1.0, 1.0, 0.0, 0.0, 1.0, 0.0, 1.0), (1.0, 0.0, 1.0, 1.0, 0.0, 0.0, 1.0, 1.0, 0.0), (1.0, 0.0, 1.0, 1.0, 0.0, 0.0, 1.0, 1.0, 1.0), (1.0, 0.0, 1.0, 1.0, 0.0, 1.0, 0.0, 0.0, 0.0), (1.0, 0.0, 1.0, 1.0, 0.0, 1.0, 0.0, 0.0, 1.0), (1.0, 0.0, 1.0, 1.0, 0.0, 1.0, 0.0, 1.0, 0.0), (1.0, 0.0, 1.0, 1.0, 0.0, 1.0, 0.0, 1.0, 1.0), (1.0, 0.0, 1.0, 1.0, 0.0, 1.0, 1.0, 0.0, 0.0), (1.0, 0.0, 1.0, 1.0, 0.0, 1.0, 1.0, 0.0, 1.0), (1.0, 0.0, 1.0, 1.0, 0.0, 1.0, 1.0, 1.0, 0.0), (1.0, 0.0, 1.0, 1.0, 0.0, 1.0, 1.0, 1.0, 1.0), (1.0, 0.0, 1.0, 1.0, 1.0, -1.0, 0.0, 0.0, 0.0), (1.0, 0.0, 1.0, 1.0, 1.0, -1.0, 0.0, 0.0, 1.0), (1.0, 0.0, 1.0, 1.0, 1.0, -1.0, 0.0, 1.0, 0.0), (1.0, 0.0, 1.0, 1.0, 1.0, -1.0, 0.0, 1.0, 1.0), (1.0, 0.0, 1.0, 1.0, 1.0, -1.0, 1.0, 0.0, 0.0), (1.0, 0.0, 1.0, 1.0, 1.0, -1.0, 1.0, 0.0, 1.0), (1.0, 0.0, 1.0, 1.0, 1.0, -1.0, 1.0, 1.0, 0.0), (1.0, 0.0, 1.0, 1.0, 1.0, -1.0, 1.0, 1.0, 1.0), (1.0, 0.0, 1.0, 1.0, 1.0, 0.0, 0.0, 0.0, 0.0), (1.0, 0.0, 1.0, 1.0, 1.0, 0.0, 0.0, 0.0, 1.0), (1.0, 0.0, 1.0, 1.0, 1.0, 0.0, 0.0, 1.0, 0.0), (1.0, 0.0, 1.0, 1.0, 1.0, 0.0, 0.0, 1.0, 1.0), (1.0, 0.0, 1.0, 1.0, 1.0, 0.0, 1.0, 0.0, 0.0), (1.0, 0.0, 1.0, 1.0, 1.0, 0.0, 1.0, 0.0, 1.0), (1.0, 0.0, 1.0, 1.0, 1.0, 0.0, 1.0, 1.0, 0.0), (1.0, 0.0, 1.0, 1.0, 1.0, 0.0, 1.0, 1.0, 1.0), (1.0, 0.0, 1.0, 1.0, 1.0, 1.0, 0.0, 0.0, 0.0), (1.0, 0.0, 1.0, 1.0, 1.0, 1.0, 0.0, 0.0, 1.0), (1.0, 0.0, 1.0, 1.0, 1.0, 1.0, 0.0, 1.0, 0.0), (1.0, 0.0, 1.0, 1.0, 1.0, 1.0, 0.0, 1.0, 1.0), (1.0, 0.0, 1.0, 1.0, 1.0, 1.0, 1.0, 0.0, 0.0), (1.0, 0.0, 1.0, 1.0, 1.0, 1.0, 1.0, 0.0, 1.0), (1.0, 0.0, 1.0, 1.0, 1.0, 1.0, 1.0, 1.0, 0.0), (1.0, 0.0, 1.0, 1.0, 1.0, 1.0, 1.0, 1.0, 1.0), (1.0, 1.0, -1.0, -1.0, -1.0, -1.0, 0.0, 0.0, 1.0), (1.0, 1.0, -1.0, -1.0, -1.0, -1.0, 1.0, 0.0, 0.0), (1.0, 1.0, -1.0, -1.0, -1.0, -1.0, 1.0, 0.0, 1.0), (1.0, 1.0, -1.0, -1.0, -1.0, -1.0, 1.0, 1.0, 0.0), (1.0, 1.0, -1.0, -1.0, -1.0, -1.0, 1.0, 1.0, 1.0), (1.0, 1.0, -1.0, -1.0, -1.0, 0.0, 0.0, 0.0, 0.0), (1.0, 1.0, -1.0, -1.0, -1.0, 0.0, 0.0, 1.0, 0.0), (1.0, 1.0, -1.0, -1.0, -1.0, 0.0, 0.0, 1.0, 1.0), (1.0, 1.0, -1.0, -1.0, -1.0, 0.0, 1.0, 0.0, 0.0), (1.0, 1.0, -1.0, -1.0, -1.0, 0.0, 1.0, 0.0, 1.0), (1.0, 1.0, -1.0, -1.0, -1.0, 0.0, 1.0, 1.0, 0.0), (1.0, 1.0, -1.0, -1.0, -1.0, 0.0, 1.0, 1.0, 1.0), (1.0, 1.0, -1.0, -1.0, -1.0, 1.0, 0.0, 0.0, 0.0), (1.0, 1.0, -1.0, -1.0, -1.0, 1.0, 0.0, 0.0, 1.0), (1.0, 1.0, -1.0, -1.0, -1.0, 1.0, 0.0, 1.0, 0.0), (1.0, 1.0, -1.0, -1.0, -1.0, 1.0, 0.0, 1.0, 1.0), (1.0, 1.0, -1.0, -1.0, -1.0, 1.0, 1.0, 0.0, 0.0), (1.0, 1.0, -1.0, -1.0, -1.0, 1.0, 1.0, 0.0, 1.0), (1.0, 1.0, -1.0, -1.0, 0.0, -1.0, 0.0, 0.0, 0.0), (1.0, 1.0, -1.0, -1.0, 0.0, -1.0, 0.0, 0.0, 1.0), (1.0, 1.0, -1.0, -1.0, 0.0, -1.0, 0.0, 1.0, 0.0), (1.0, 1.0, -1.0, -1.0, 0.0, -1.0, 0.0, 1.0, 1.0), (1.0, 1.0, -1.0, -1.0, 0.0, -1.0, 1.0, 0.0, 0.0), (1.0, 1.0, -1.0, -1.0, 0.0, -1.0, 1.0, 0.0, 1.0), (1.0, 1.0, -1.0, -1.0, 0.0, -1.0, 1.0, 1.0, 0.0), (1.0, 1.0, -1.0, -1.0, 0.0, -1.0, 1.0, 1.0, 1.0), (1.0, 1.0, -1.0, -1.0, 0.0, 0.0, 0.0, 0.0, 0.0), (1.0, 1.0, -1.0, -1.0, 0.0, 0.0, 0.0, 0.0, 1.0), (1.0, 1.0, -1.0, -1.0, 0.0, 0.0, 0.0, 1.0, 0.0), (1.0, 1.0, -1.0, -1.0, 0.0, 0.0, 0.0, 1.0, 1.0), (1.0, 1.0, -1.0, -1.0, 0.0, 0.0, 1.0, 0.0, 0.0), (1.0, 1.0, -1.0, -1.0, 0.0, 0.0, 1.0, 0.0, 1.0), (1.0, 1.0, -1.0, -1.0, 0.0, 0.0, 1.0, 1.0, 0.0), (1.0, 1.0, -1.0, -1.0, 0.0, 0.0, 1.0, 1.0, 1.0), (1.0, 1.0, -1.0, -1.0, 0.0, 1.0, 0.0, 0.0, 0.0), (1.0, 1.0, -1.0, -1.0, 0.0, 1.0, 0.0, 0.0, 1.0), (1.0, 1.0, -1.0, -1.0, 0.0, 1.0, 0.0, 1.0, 0.0), (1.0, 1.0, -1.0, -1.0, 0.0, 1.0, 0.0, 1.0, 1.0), (1.0, 1.0, -1.0, -1.0, 0.0, 1.0, 1.0, 0.0, 0.0), (1.0, 1.0, -1.0, -1.0, 0.0, 1.0, 1.0, 0.0, 1.0), (1.0, 1.0, -1.0, -1.0, 0.0, 1.0, 1.0, 1.0, 0.0), (1.0, 1.0, -1.0, -1.0, 0.0, 1.0, 1.0, 1.0, 1.0), (1.0, 1.0, -1.0, -1.0, 1.0, -1.0, 0.0, 0.0, 1.0), (1.0, 1.0, -1.0, -1.0, 1.0, -1.0, 0.0, 1.0, 1.0), (1.0, 1.0, -1.0, -1.0, 1.0, -1.0, 1.0, 0.0, 0.0), (1.0, 1.0, -1.0, -1.0, 1.0, -1.0, 1.0, 0.0, 1.0), (1.0, 1.0, -1.0, -1.0, 1.0, -1.0, 1.0, 1.0, 0.0), (1.0, 1.0, -1.0, -1.0, 1.0, -1.0, 1.0, 1.0, 1.0), (1.0, 1.0, -1.0, -1.0, 1.0, 0.0, 0.0, 0.0, 0.0), (1.0, 1.0, -1.0, -1.0, 1.0, 0.0, 0.0, 0.0, 1.0), (1.0, 1.0, -1.0, -1.0, 1.0, 0.0, 0.0, 1.0, 0.0), (1.0, 1.0, -1.0, -1.0, 1.0, 0.0, 0.0, 1.0, 1.0), (1.0, 1.0, -1.0, -1.0, 1.0, 0.0, 1.0, 0.0, 0.0), (1.0, 1.0, -1.0, -1.0, 1.0, 0.0, 1.0, 0.0, 1.0), (1.0, 1.0, -1.0, -1.0, 1.0, 0.0, 1.0, 1.0, 0.0), (1.0, 1.0, -1.0, -1.0, 1.0, 0.0, 1.0, 1.0, 1.0), (1.0, 1.0, -1.0, -1.0, 1.0, 1.0, 0.0, 0.0, 0.0), (1.0, 1.0, -1.0, -1.0, 1.0, 1.0, 0.0, 0.0, 1.0), (1.0, 1.0, -1.0, -1.0, 1.0, 1.0, 0.0, 1.0, 0.0), (1.0, 1.0, -1.0, -1.0, 1.0, 1.0, 0.0, 1.0, 1.0), (1.0, 1.0, -1.0, -1.0, 1.0, 1.0, 1.0, 0.0, 0.0), (1.0, 1.0, -1.0, -1.0, 1.0, 1.0, 1.0, 0.0, 1.0), (1.0, 1.0, -1.0, -1.0, 1.0, 1.0, 1.0, 1.0, 0.0), (1.0, 1.0, -1.0, -1.0, 1.0, 1.0, 1.0, 1.0, 1.0), (1.0, 1.0, -1.0, 0.0, -1.0, -1.0, 0.0, 0.0, 0.0), (1.0, 1.0, -1.0, 0.0, -1.0, -1.0, 0.0, 0.0, 1.0), (1.0, 1.0, -1.0, 0.0, -1.0, -1.0, 0.0, 1.0, 0.0), (1.0, 1.0, -1.0, 0.0, -1.0, -1.0, 0.0, 1.0, 1.0), (1.0, 1.0, -1.0, 0.0, -1.0, -1.0, 1.0, 0.0, 0.0), (1.0, 1.0, -1.0, 0.0, -1.0, -1.0, 1.0, 0.0, 1.0), (1.0, 1.0, -1.0, 0.0, -1.0, -1.0, 1.0, 1.0, 0.0), (1.0, 1.0, -1.0, 0.0, -1.0, -1.0, 1.0, 1.0, 1.0), (1.0, 1.0, -1.0, 0.0, -1.0, 0.0, 0.0, 0.0, 0.0), (1.0, 1.0, -1.0, 0.0, -1.0, 0.0, 0.0, 0.0, 1.0), (1.0, 1.0, -1.0, 0.0, -1.0, 0.0, 0.0, 1.0, 0.0), (1.0, 1.0, -1.0, 0.0, -1.0, 0.0, 0.0, 1.0, 1.0), (1.0, 1.0, -1.0, 0.0, -1.0, 0.0, 1.0, 1.0, 0.0), (1.0, 1.0, -1.0, 0.0, -1.0, 0.0, 1.0, 1.0, 1.0), (1.0, 1.0, -1.0, 0.0, -1.0, 1.0, 0.0, 0.0, 0.0), (1.0, 1.0, -1.0, 0.0, -1.0, 1.0, 0.0, 0.0, 1.0), (1.0, 1.0, -1.0, 0.0, -1.0, 1.0, 0.0, 1.0, 0.0), (1.0, 1.0, -1.0, 0.0, -1.0, 1.0, 0.0, 1.0, 1.0), (1.0, 1.0, -1.0, 0.0, -1.0, 1.0, 1.0, 1.0, 0.0), (1.0, 1.0, -1.0, 0.0, 0.0, -1.0, 0.0, 0.0, 0.0), (1.0, 1.0, -1.0, 0.0, 0.0, -1.0, 0.0, 0.0, 1.0), (1.0, 1.0, -1.0, 0.0, 0.0, -1.0, 0.0, 1.0, 0.0), (1.0, 1.0, -1.0, 0.0, 0.0, -1.0, 0.0, 1.0, 1.0), (1.0, 1.0, -1.0, 0.0, 0.0, -1.0, 1.0, 1.0, 0.0), (1.0, 1.0, -1.0, 0.0, 0.0, -1.0, 1.0, 1.0, 1.0), (1.0, 1.0, -1.0, 0.0, 0.0, 0.0, 0.0, 0.0, 0.0), (1.0, 1.0, -1.0, 0.0, 0.0, 0.0, 0.0, 0.0, 1.0), (1.0, 1.0, -1.0, 0.0, 0.0, 0.0, 0.0, 1.0, 0.0), (1.0, 1.0, -1.0, 0.0, 0.0, 0.0, 0.0, 1.0, 1.0), (1.0, 1.0, -1.0, 0.0, 0.0, 0.0, 1.0, 0.0, 1.0), (1.0, 1.0, -1.0, 0.0, 0.0, 0.0, 1.0, 1.0, 0.0), (1.0, 1.0, -1.0, 0.0, 0.0, 0.0, 1.0, 1.0, 1.0), (1.0, 1.0, -1.0, 0.0, 0.0, 1.0, 0.0, 0.0, 0.0), (1.0, 1.0, -1.0, 0.0, 0.0, 1.0, 0.0, 0.0, 1.0), (1.0, 1.0, -1.0, 0.0, 0.0, 1.0, 0.0, 1.0, 0.0), (1.0, 1.0, -1.0, 0.0, 0.0, 1.0, 0.0, 1.0, 1.0), (1.0, 1.0, -1.0, 0.0, 0.0, 1.0, 1.0, 0.0, 0.0), (1.0, 1.0, -1.0, 0.0, 0.0, 1.0, 1.0, 0.0, 1.0), (1.0, 1.0, -1.0, 0.0, 0.0, 1.0, 1.0, 1.0, 0.0), (1.0, 1.0, -1.0, 0.0, 0.0, 1.0, 1.0, 1.0, 1.0), (1.0, 1.0, -1.0, 0.0, 1.0, -1.0, 0.0, 0.0, 0.0), (1.0, 1.0, -1.0, 0.0, 1.0, -1.0, 0.0, 0.0, 1.0), (1.0, 1.0, -1.0, 0.0, 1.0, -1.0, 0.0, 1.0, 0.0), (1.0, 1.0, -1.0, 0.0, 1.0, -1.0, 0.0, 1.0, 1.0), (1.0, 1.0, -1.0, 0.0, 1.0, -1.0, 1.0, 0.0, 0.0), (1.0, 1.0, -1.0, 0.0, 1.0, -1.0, 1.0, 0.0, 1.0), (1.0, 1.0, -1.0, 0.0, 1.0, -1.0, 1.0, 1.0, 0.0), (1.0, 1.0, -1.0, 0.0, 1.0, -1.0, 1.0, 1.0, 1.0), (1.0, 1.0, -1.0, 0.0, 1.0, 0.0, 0.0, 0.0, 0.0), (1.0, 1.0, -1.0, 0.0, 1.0, 0.0, 0.0, 0.0, 1.0), (1.0, 1.0, -1.0, 0.0, 1.0, 0.0, 0.0, 1.0, 0.0), (1.0, 1.0, -1.0, 0.0, 1.0, 0.0, 0.0, 1.0, 1.0), (1.0, 1.0, -1.0, 0.0, 1.0, 0.0, 1.0, 0.0, 0.0), (1.0, 1.0, -1.0, 0.0, 1.0, 0.0, 1.0, 0.0, 1.0), (1.0, 1.0, -1.0, 0.0, 1.0, 0.0, 1.0, 1.0, 0.0), (1.0, 1.0, -1.0, 0.0, 1.0, 0.0, 1.0, 1.0, 1.0), (1.0, 1.0, -1.0, 0.0, 1.0, 1.0, 0.0, 0.0, 0.0), (1.0, 1.0, -1.0, 0.0, 1.0, 1.0, 0.0, 0.0, 1.0), (1.0, 1.0, -1.0, 0.0, 1.0, 1.0, 0.0, 1.0, 0.0), (1.0, 1.0, -1.0, 0.0, 1.0, 1.0, 0.0, 1.0, 1.0), (1.0, 1.0, -1.0, 0.0, 1.0, 1.0, 1.0, 0.0, 0.0), (1.0, 1.0, -1.0, 0.0, 1.0, 1.0, 1.0, 0.0, 1.0), (1.0, 1.0, -1.0, 0.0, 1.0, 1.0, 1.0, 1.0, 0.0), (1.0, 1.0, -1.0, 0.0, 1.0, 1.0, 1.0, 1.0, 1.0), (1.0, 1.0, -1.0, 1.0, -1.0, -1.0, 0.0, 0.0, 0.0), (1.0, 1.0, -1.0, 1.0, -1.0, -1.0, 0.0, 0.0, 1.0), (1.0, 1.0, -1.0, 1.0, -1.0, -1.0, 0.0, 1.0, 0.0), (1.0, 1.0, -1.0, 1.0, -1.0, -1.0, 0.0, 1.0, 1.0), (1.0, 1.0, -1.0, 1.0, -1.0, -1.0, 1.0, 0.0, 0.0), (1.0, 1.0, -1.0, 1.0, -1.0, -1.0, 1.0, 0.0, 1.0), (1.0, 1.0, -1.0, 1.0, -1.0, -1.0, 1.0, 1.0, 0.0), (1.0, 1.0, -1.0, 1.0, -1.0, -1.0, 1.0, 1.0, 1.0), (1.0, 1.0, -1.0, 1.0, -1.0, 0.0, 0.0, 0.0, 0.0), (1.0, 1.0, -1.0, 1.0, -1.0, 0.0, 0.0, 0.0, 1.0), (1.0, 1.0, -1.0, 1.0, -1.0, 0.0, 0.0, 1.0, 0.0), (1.0, 1.0, -1.0, 1.0, -1.0, 0.0, 0.0, 1.0, 1.0), (1.0, 1.0, -1.0, 1.0, -1.0, 0.0, 1.0, 0.0, 0.0), (1.0, 1.0, -1.0, 1.0, -1.0, 0.0, 1.0, 0.0, 1.0), (1.0, 1.0, -1.0, 1.0, -1.0, 0.0, 1.0, 1.0, 0.0), (1.0, 1.0, -1.0, 1.0, -1.0, 0.0, 1.0, 1.0, 1.0), (1.0, 1.0, -1.0, 1.0, -1.0, 1.0, 0.0, 0.0, 0.0), (1.0, 1.0, -1.0, 1.0, -1.0, 1.0, 0.0, 0.0, 1.0), (1.0, 1.0, -1.0, 1.0, -1.0, 1.0, 0.0, 1.0, 0.0), (1.0, 1.0, -1.0, 1.0, -1.0, 1.0, 0.0, 1.0, 1.0), (1.0, 1.0, -1.0, 1.0, -1.0, 1.0, 1.0, 0.0, 0.0), (1.0, 1.0, -1.0, 1.0, -1.0, 1.0, 1.0, 0.0, 1.0), (1.0, 1.0, -1.0, 1.0, -1.0, 1.0, 1.0, 1.0, 0.0), (1.0, 1.0, -1.0, 1.0, -1.0, 1.0, 1.0, 1.0, 1.0), (1.0, 1.0, -1.0, 1.0, 0.0, -1.0, 0.0, 0.0, 0.0), (1.0, 1.0, -1.0, 1.0, 0.0, -1.0, 0.0, 0.0, 1.0), (1.0, 1.0, -1.0, 1.0, 0.0, -1.0, 0.0, 1.0, 0.0), (1.0, 1.0, -1.0, 1.0, 0.0, -1.0, 0.0, 1.0, 1.0), (1.0, 1.0, -1.0, 1.0, 0.0, -1.0, 1.0, 0.0, 0.0), (1.0, 1.0, -1.0, 1.0, 0.0, -1.0, 1.0, 0.0, 1.0), (1.0, 1.0, -1.0, 1.0, 0.0, -1.0, 1.0, 1.0, 0.0), (1.0, 1.0, -1.0, 1.0, 0.0, -1.0, 1.0, 1.0, 1.0), (1.0, 1.0, -1.0, 1.0, 0.0, 0.0, 0.0, 0.0, 0.0), (1.0, 1.0, -1.0, 1.0, 0.0, 0.0, 0.0, 0.0, 1.0), (1.0, 1.0, -1.0, 1.0, 0.0, 0.0, 0.0, 1.0, 0.0), (1.0, 1.0, -1.0, 1.0, 0.0, 0.0, 0.0, 1.0, 1.0), (1.0, 1.0, -1.0, 1.0, 0.0, 0.0, 1.0, 0.0, 0.0), (1.0, 1.0, -1.0, 1.0, 0.0, 0.0, 1.0, 0.0, 1.0), (1.0, 1.0, -1.0, 1.0, 0.0, 0.0, 1.0, 1.0, 0.0), (1.0, 1.0, -1.0, 1.0, 0.0, 0.0, 1.0, 1.0, 1.0), (1.0, 1.0, -1.0, 1.0, 0.0, 1.0, 0.0, 0.0, 0.0), (1.0, 1.0, -1.0, 1.0, 0.0, 1.0, 0.0, 0.0, 1.0), (1.0, 1.0, -1.0, 1.0, 0.0, 1.0, 0.0, 1.0, 0.0), (1.0, 1.0, -1.0, 1.0, 0.0, 1.0, 0.0, 1.0, 1.0), (1.0, 1.0, -1.0, 1.0, 0.0, 1.0, 1.0, 0.0, 0.0), (1.0, 1.0, -1.0, 1.0, 0.0, 1.0, 1.0, 0.0, 1.0), (1.0, 1.0, -1.0, 1.0, 0.0, 1.0, 1.0, 1.0, 0.0), (1.0, 1.0, -1.0, 1.0, 0.0, 1.0, 1.0, 1.0, 1.0), (1.0, 1.0, -1.0, 1.0, 1.0, -1.0, 0.0, 0.0, 0.0), (1.0, 1.0, -1.0, 1.0, 1.0, -1.0, 0.0, 0.0, 1.0), (1.0, 1.0, -1.0, 1.0, 1.0, -1.0, 0.0, 1.0, 0.0), (1.0, 1.0, -1.0, 1.0, 1.0, -1.0, 0.0, 1.0, 1.0), (1.0, 1.0, -1.0, 1.0, 1.0, -1.0, 1.0, 0.0, 0.0), (1.0, 1.0, -1.0, 1.0, 1.0, -1.0, 1.0, 0.0, 1.0), (1.0, 1.0, -1.0, 1.0, 1.0, -1.0, 1.0, 1.0, 0.0), (1.0, 1.0, -1.0, 1.0, 1.0, -1.0, 1.0, 1.0, 1.0), (1.0, 1.0, -1.0, 1.0, 1.0, 0.0, 0.0, 0.0, 0.0), (1.0, 1.0, -1.0, 1.0, 1.0, 0.0, 0.0, 0.0, 1.0), (1.0, 1.0, -1.0, 1.0, 1.0, 0.0, 0.0, 1.0, 0.0), (1.0, 1.0, -1.0, 1.0, 1.0, 0.0, 0.0, 1.0, 1.0), (1.0, 1.0, -1.0, 1.0, 1.0, 0.0, 1.0, 0.0, 0.0), (1.0, 1.0, -1.0, 1.0, 1.0, 0.0, 1.0, 1.0, 0.0), (1.0, 1.0, -1.0, 1.0, 1.0, 1.0, 0.0, 0.0, 0.0), (1.0, 1.0, -1.0, 1.0, 1.0, 1.0, 0.0, 0.0, 1.0), (1.0, 1.0, -1.0, 1.0, 1.0, 1.0, 0.0, 1.0, 0.0), (1.0, 1.0, -1.0, 1.0, 1.0, 1.0, 0.0, 1.0, 1.0), (1.0, 1.0, -1.0, 1.0, 1.0, 1.0, 1.0, 0.0, 0.0), (1.0, 1.0, -1.0, 1.0, 1.0, 1.0, 1.0, 0.0, 1.0), (1.0, 1.0, -1.0, 1.0, 1.0, 1.0, 1.0, 1.0, 0.0), (1.0, 1.0, 0.0, -1.0, -1.0, -1.0, 1.0, 0.0, 0.0), (1.0, 1.0, 0.0, -1.0, -1.0, -1.0, 1.0, 0.0, 1.0), (1.0, 1.0, 0.0, -1.0, -1.0, -1.0, 1.0, 1.0, 0.0), (1.0, 1.0, 0.0, -1.0, -1.0, -1.0, 1.0, 1.0, 1.0), (1.0, 1.0, 0.0, -1.0, -1.0, 0.0, 0.0, 0.0, 0.0), (1.0, 1.0, 0.0, -1.0, -1.0, 0.0, 0.0, 0.0, 1.0), (1.0, 1.0, 0.0, -1.0, -1.0, 0.0, 0.0, 1.0, 0.0), (1.0, 1.0, 0.0, -1.0, -1.0, 0.0, 0.0, 1.0, 1.0), (1.0, 1.0, 0.0, -1.0, -1.0, 0.0, 1.0, 0.0, 0.0), (1.0, 1.0, 0.0, -1.0, -1.0, 0.0, 1.0, 0.0, 1.0), (1.0, 1.0, 0.0, -1.0, -1.0, 0.0, 1.0, 1.0, 0.0), (1.0, 1.0, 0.0, -1.0, -1.0, 0.0, 1.0, 1.0, 1.0), (1.0, 1.0, 0.0, -1.0, -1.0, 1.0, 0.0, 0.0, 0.0), (1.0, 1.0, 0.0, -1.0, -1.0, 1.0, 0.0, 0.0, 1.0), (1.0, 1.0, 0.0, -1.0, -1.0, 1.0, 0.0, 1.0, 0.0), (1.0, 1.0, 0.0, -1.0, -1.0, 1.0, 0.0, 1.0, 1.0), (1.0, 1.0, 0.0, -1.0, -1.0, 1.0, 1.0, 0.0, 0.0), (1.0, 1.0, 0.0, -1.0, -1.0, 1.0, 1.0, 0.0, 1.0), (1.0, 1.0, 0.0, -1.0, -1.0, 1.0, 1.0, 1.0, 0.0), (1.0, 1.0, 0.0, -1.0, -1.0, 1.0, 1.0, 1.0, 1.0), (1.0, 1.0, 0.0, -1.0, 0.0, -1.0, 0.0, 0.0, 0.0), (1.0, 1.0, 0.0, -1.0, 0.0, -1.0, 0.0, 0.0, 1.0), (1.0, 1.0, 0.0, -1.0, 0.0, -1.0, 0.0, 1.0, 0.0), (1.0, 1.0, 0.0, -1.0, 0.0, -1.0, 0.0, 1.0, 1.0), (1.0, 1.0, 0.0, -1.0, 0.0, -1.0, 1.0, 0.0, 0.0), (1.0, 1.0, 0.0, -1.0, 0.0, -1.0, 1.0, 0.0, 1.0), (1.0, 1.0, 0.0, -1.0, 0.0, -1.0, 1.0, 1.0, 0.0), (1.0, 1.0, 0.0, -1.0, 0.0, -1.0, 1.0, 1.0, 1.0), (1.0, 1.0, 0.0, -1.0, 0.0, 0.0, 0.0, 0.0, 0.0), (1.0, 1.0, 0.0, -1.0, 0.0, 0.0, 0.0, 0.0, 1.0), (1.0, 1.0, 0.0, -1.0, 0.0, 0.0, 0.0, 1.0, 0.0), (1.0, 1.0, 0.0, -1.0, 0.0, 0.0, 0.0, 1.0, 1.0), (1.0, 1.0, 0.0, -1.0, 0.0, 0.0, 1.0, 0.0, 0.0), (1.0, 1.0, 0.0, -1.0, 0.0, 0.0, 1.0, 0.0, 1.0), (1.0, 1.0, 0.0, -1.0, 0.0, 0.0, 1.0, 1.0, 0.0), (1.0, 1.0, 0.0, -1.0, 0.0, 1.0, 0.0, 0.0, 0.0), (1.0, 1.0, 0.0, -1.0, 0.0, 1.0, 0.0, 0.0, 1.0), (1.0, 1.0, 0.0, -1.0, 0.0, 1.0, 0.0, 1.0, 0.0), (1.0, 1.0, 0.0, -1.0, 0.0, 1.0, 0.0, 1.0, 1.0), (1.0, 1.0, 0.0, -1.0, 0.0, 1.0, 1.0, 0.0, 0.0), (1.0, 1.0, 0.0, -1.0, 0.0, 1.0, 1.0, 0.0, 1.0), (1.0, 1.0, 0.0, -1.0, 0.0, 1.0, 1.0, 1.0, 0.0), (1.0, 1.0, 0.0, -1.0, 0.0, 1.0, 1.0, 1.0, 1.0), (1.0, 1.0, 0.0, -1.0, 1.0, -1.0, 0.0, 0.0, 0.0), (1.0, 1.0, 0.0, -1.0, 1.0, -1.0, 0.0, 0.0, 1.0), (1.0, 1.0, 0.0, -1.0, 1.0, -1.0, 0.0, 1.0, 0.0), (1.0, 1.0, 0.0, -1.0, 1.0, -1.0, 0.0, 1.0, 1.0), (1.0, 1.0, 0.0, -1.0, 1.0, -1.0, 1.0, 0.0, 0.0), (1.0, 1.0, 0.0, -1.0, 1.0, -1.0, 1.0, 0.0, 1.0), (1.0, 1.0, 0.0, -1.0, 1.0, -1.0, 1.0, 1.0, 0.0), (1.0, 1.0, 0.0, -1.0, 1.0, -1.0, 1.0, 1.0, 1.0), (1.0, 1.0, 0.0, -1.0, 1.0, 0.0, 0.0, 0.0, 0.0), (1.0, 1.0, 0.0, -1.0, 1.0, 0.0, 0.0, 0.0, 1.0), (1.0, 1.0, 0.0, -1.0, 1.0, 0.0, 0.0, 1.0, 0.0), (1.0, 1.0, 0.0, -1.0, 1.0, 0.0, 0.0, 1.0, 1.0), (1.0, 1.0, 0.0, -1.0, 1.0, 0.0, 1.0, 0.0, 0.0), (1.0, 1.0, 0.0, -1.0, 1.0, 0.0, 1.0, 0.0, 1.0), (1.0, 1.0, 0.0, -1.0, 1.0, 0.0, 1.0, 1.0, 0.0), (1.0, 1.0, 0.0, -1.0, 1.0, 0.0, 1.0, 1.0, 1.0), (1.0, 1.0, 0.0, -1.0, 1.0, 1.0, 0.0, 0.0, 0.0), (1.0, 1.0, 0.0, -1.0, 1.0, 1.0, 0.0, 0.0, 1.0), (1.0, 1.0, 0.0, -1.0, 1.0, 1.0, 0.0, 1.0, 0.0), (1.0, 1.0, 0.0, -1.0, 1.0, 1.0, 0.0, 1.0, 1.0), (1.0, 1.0, 0.0, -1.0, 1.0, 1.0, 1.0, 0.0, 0.0), (1.0, 1.0, 0.0, -1.0, 1.0, 1.0, 1.0, 0.0, 1.0), (1.0, 1.0, 0.0, -1.0, 1.0, 1.0, 1.0, 1.0, 0.0), (1.0, 1.0, 0.0, -1.0, 1.0, 1.0, 1.0, 1.0, 1.0), (1.0, 1.0, 0.0, 0.0, -1.0, -1.0, 0.0, 0.0, 0.0), (1.0, 1.0, 0.0, 0.0, -1.0, -1.0, 0.0, 0.0, 1.0), (1.0, 1.0, 0.0, 0.0, -1.0, -1.0, 0.0, 1.0, 0.0), (1.0, 1.0, 0.0, 0.0, -1.0, -1.0, 0.0, 1.0, 1.0), (1.0, 1.0, 0.0, 0.0, -1.0, -1.0, 1.0, 0.0, 0.0), (1.0, 1.0, 0.0, 0.0, -1.0, -1.0, 1.0, 0.0, 1.0), (1.0, 1.0, 0.0, 0.0, -1.0, -1.0, 1.0, 1.0, 0.0), (1.0, 1.0, 0.0, 0.0, -1.0, -1.0, 1.0, 1.0, 1.0), (1.0, 1.0, 0.0, 0.0, -1.0, 0.0, 0.0, 0.0, 0.0), (1.0, 1.0, 0.0, 0.0, -1.0, 0.0, 0.0, 0.0, 1.0), (1.0, 1.0, 0.0, 0.0, -1.0, 0.0, 0.0, 1.0, 0.0), (1.0, 1.0, 0.0, 0.0, -1.0, 0.0, 0.0, 1.0, 1.0), (1.0, 1.0, 0.0, 0.0, -1.0, 0.0, 1.0, 0.0, 0.0), (1.0, 1.0, 0.0, 0.0, -1.0, 0.0, 1.0, 0.0, 1.0), (1.0, 1.0, 0.0, 0.0, -1.0, 0.0, 1.0, 1.0, 1.0), (1.0, 1.0, 0.0, 0.0, -1.0, 1.0, 0.0, 0.0, 0.0), (1.0, 1.0, 0.0, 0.0, -1.0, 1.0, 0.0, 0.0, 1.0), (1.0, 1.0, 0.0, 0.0, -1.0, 1.0, 0.0, 1.0, 0.0), (1.0, 1.0, 0.0, 0.0, -1.0, 1.0, 0.0, 1.0, 1.0), (1.0, 1.0, 0.0, 0.0, -1.0, 1.0, 1.0, 0.0, 0.0), (1.0, 1.0, 0.0, 0.0, -1.0, 1.0, 1.0, 0.0, 1.0), (1.0, 1.0, 0.0, 0.0, -1.0, 1.0, 1.0, 1.0, 0.0), (1.0, 1.0, 0.0, 0.0, -1.0, 1.0, 1.0, 1.0, 1.0), (1.0, 1.0, 0.0, 0.0, 0.0, -1.0, 0.0, 0.0, 0.0), (1.0, 1.0, 0.0, 0.0, 0.0, -1.0, 0.0, 0.0, 1.0), (1.0, 1.0, 0.0, 0.0, 0.0, -1.0, 0.0, 1.0, 0.0), (1.0, 1.0, 0.0, 0.0, 0.0, -1.0, 0.0, 1.0, 1.0), (1.0, 1.0, 0.0, 0.0, 0.0, -1.0, 1.0, 0.0, 0.0), (1.0, 1.0, 0.0, 0.0, 0.0, -1.0, 1.0, 0.0, 1.0), (1.0, 1.0, 0.0, 0.0, 0.0, -1.0, 1.0, 1.0, 0.0), (1.0, 1.0, 0.0, 0.0, 0.0, -1.0, 1.0, 1.0, 1.0), (1.0, 1.0, 0.0, 0.0, 0.0, 0.0, 0.0, 0.0, 0.0), (1.0, 1.0, 0.0, 0.0, 0.0, 0.0, 0.0, 0.0, 1.0), (1.0, 1.0, 0.0, 0.0, 0.0, 0.0, 0.0, 1.0, 0.0), (1.0, 1.0, 0.0, 0.0, 0.0, 0.0, 0.0, 1.0, 1.0), (1.0, 1.0, 0.0, 0.0, 0.0, 0.0, 1.0, 0.0, 0.0), (1.0, 1.0, 0.0, 0.0, 0.0, 0.0, 1.0, 0.0, 1.0), (1.0, 1.0, 0.0, 0.0, 0.0, 0.0, 1.0, 1.0, 0.0), (1.0, 1.0, 0.0, 0.0, 0.0, 0.0, 1.0, 1.0, 1.0), (1.0, 1.0, 0.0, 0.0, 0.0, 1.0, 0.0, 0.0, 0.0), (1.0, 1.0, 0.0, 0.0, 0.0, 1.0, 0.0, 0.0, 1.0), (1.0, 1.0, 0.0, 0.0, 0.0, 1.0, 0.0, 1.0, 0.0), (1.0, 1.0, 0.0, 0.0, 0.0, 1.0, 0.0, 1.0, 1.0), (1.0, 1.0, 0.0, 0.0, 0.0, 1.0, 1.0, 0.0, 0.0), (1.0, 1.0, 0.0, 0.0, 0.0, 1.0, 1.0, 0.0, 1.0), (1.0, 1.0, 0.0, 0.0, 0.0, 1.0, 1.0, 1.0, 0.0), (1.0, 1.0, 0.0, 0.0, 0.0, 1.0, 1.0, 1.0, 1.0), (1.0, 1.0, 0.0, 0.0, 1.0, -1.0, 0.0, 0.0, 0.0), (1.0, 1.0, 0.0, 0.0, 1.0, -1.0, 0.0, 0.0, 1.0), (1.0, 1.0, 0.0, 0.0, 1.0, -1.0, 0.0, 1.0, 0.0), (1.0, 1.0, 0.0, 0.0, 1.0, -1.0, 0.0, 1.0, 1.0), (1.0, 1.0, 0.0, 0.0, 1.0, -1.0, 1.0, 0.0, 0.0), (1.0, 1.0, 0.0, 0.0, 1.0, -1.0, 1.0, 0.0, 1.0), (1.0, 1.0, 0.0, 0.0, 1.0, -1.0, 1.0, 1.0, 0.0), (1.0, 1.0, 0.0, 0.0, 1.0, -1.0, 1.0, 1.0, 1.0), (1.0, 1.0, 0.0, 0.0, 1.0, 0.0, 0.0, 0.0, 0.0), (1.0, 1.0, 0.0, 0.0, 1.0, 0.0, 0.0, 0.0, 1.0), (1.0, 1.0, 0.0, 0.0, 1.0, 0.0, 0.0, 1.0, 0.0), (1.0, 1.0, 0.0, 0.0, 1.0, 0.0, 0.0, 1.0, 1.0), (1.0, 1.0, 0.0, 0.0, 1.0, 0.0, 1.0, 0.0, 0.0), (1.0, 1.0, 0.0, 0.0, 1.0, 0.0, 1.0, 0.0, 1.0), (1.0, 1.0, 0.0, 0.0, 1.0, 0.0, 1.0, 1.0, 0.0), (1.0, 1.0, 0.0, 0.0, 1.0, 0.0, 1.0, 1.0, 1.0), (1.0, 1.0, 0.0, 0.0, 1.0, 1.0, 0.0, 0.0, 0.0), (1.0, 1.0, 0.0, 0.0, 1.0, 1.0, 0.0, 0.0, 1.0), (1.0, 1.0, 0.0, 0.0, 1.0, 1.0, 0.0, 1.0, 0.0), (1.0, 1.0, 0.0, 0.0, 1.0, 1.0, 0.0, 1.0, 1.0), (1.0, 1.0, 0.0, 0.0, 1.0, 1.0, 1.0, 0.0, 0.0), (1.0, 1.0, 0.0, 0.0, 1.0, 1.0, 1.0, 0.0, 1.0), (1.0, 1.0, 0.0, 0.0, 1.0, 1.0, 1.0, 1.0, 1.0), (1.0, 1.0, 0.0, 1.0, -1.0, -1.0, 0.0, 0.0, 0.0), (1.0, 1.0, 0.0, 1.0, -1.0, -1.0, 0.0, 0.0, 1.0), (1.0, 1.0, 0.0, 1.0, -1.0, -1.0, 0.0, 1.0, 0.0), (1.0, 1.0, 0.0, 1.0, -1.0, -1.0, 0.0, 1.0, 1.0), (1.0, 1.0, 0.0, 1.0, -1.0, -1.0, 1.0, 0.0, 0.0), (1.0, 1.0, 0.0, 1.0, -1.0, -1.0, 1.0, 0.0, 1.0), (1.0, 1.0, 0.0, 1.0, -1.0, -1.0, 1.0, 1.0, 0.0), (1.0, 1.0, 0.0, 1.0, -1.0, -1.0, 1.0, 1.0, 1.0), (1.0, 1.0, 0.0, 1.0, -1.0, 0.0, 0.0, 0.0, 0.0), (1.0, 1.0, 0.0, 1.0, -1.0, 0.0, 0.0, 0.0, 1.0), (1.0, 1.0, 0.0, 1.0, -1.0, 0.0, 0.0, 1.0, 0.0), (1.0, 1.0, 0.0, 1.0, -1.0, 0.0, 0.0, 1.0, 1.0), (1.0, 1.0, 0.0, 1.0, -1.0, 0.0, 1.0, 0.0, 0.0), (1.0, 1.0, 0.0, 1.0, -1.0, 0.0, 1.0, 0.0, 1.0), (1.0, 1.0, 0.0, 1.0, -1.0, 0.0, 1.0, 1.0, 0.0), (1.0, 1.0, 0.0, 1.0, -1.0, 0.0, 1.0, 1.0, 1.0), (1.0, 1.0, 0.0, 1.0, -1.0, 1.0, 0.0, 0.0, 0.0), (1.0, 1.0, 0.0, 1.0, -1.0, 1.0, 0.0, 0.0, 1.0), (1.0, 1.0, 0.0, 1.0, -1.0, 1.0, 0.0, 1.0, 0.0), (1.0, 1.0, 0.0, 1.0, -1.0, 1.0, 0.0, 1.0, 1.0), (1.0, 1.0, 0.0, 1.0, -1.0, 1.0, 1.0, 0.0, 0.0), (1.0, 1.0, 0.0, 1.0, -1.0, 1.0, 1.0, 0.0, 1.0), (1.0, 1.0, 0.0, 1.0, -1.0, 1.0, 1.0, 1.0, 0.0), (1.0, 1.0, 0.0, 1.0, -1.0, 1.0, 1.0, 1.0, 1.0), (1.0, 1.0, 0.0, 1.0, 0.0, -1.0, 0.0, 0.0, 0.0), (1.0, 1.0, 0.0, 1.0, 0.0, -1.0, 0.0, 0.0, 1.0), (1.0, 1.0, 0.0, 1.0, 0.0, -1.0, 0.0, 1.0, 0.0), (1.0, 1.0, 0.0, 1.0, 0.0, -1.0, 0.0, 1.0, 1.0), (1.0, 1.0, 0.0, 1.0, 0.0, -1.0, 1.0, 0.0, 0.0), (1.0, 1.0, 0.0, 1.0, 0.0, -1.0, 1.0, 0.0, 1.0), (1.0, 1.0, 0.0, 1.0, 0.0, -1.0, 1.0, 1.0, 0.0), (1.0, 1.0, 0.0, 1.0, 0.0, -1.0, 1.0, 1.0, 1.0), (1.0, 1.0, 0.0, 1.0, 0.0, 0.0, 0.0, 0.0, 0.0), (1.0, 1.0, 0.0, 1.0, 0.0, 0.0, 0.0, 0.0, 1.0), (1.0, 1.0, 0.0, 1.0, 0.0, 0.0, 0.0, 1.0, 0.0), (1.0, 1.0, 0.0, 1.0, 0.0, 0.0, 0.0, 1.0, 1.0), (1.0, 1.0, 0.0, 1.0, 0.0, 0.0, 1.0, 0.0, 0.0), (1.0, 1.0, 0.0, 1.0, 0.0, 0.0, 1.0, 0.0, 1.0), (1.0, 1.0, 0.0, 1.0, 0.0, 0.0, 1.0, 1.0, 0.0), (1.0, 1.0, 0.0, 1.0, 0.0, 0.0, 1.0, 1.0, 1.0), (1.0, 1.0, 0.0, 1.0, 0.0, 1.0, 0.0, 0.0, 0.0), (1.0, 1.0, 0.0, 1.0, 0.0, 1.0, 0.0, 0.0, 1.0), (1.0, 1.0, 0.0, 1.0, 0.0, 1.0, 0.0, 1.0, 0.0), (1.0, 1.0, 0.0, 1.0, 0.0, 1.0, 0.0, 1.0, 1.0), (1.0, 1.0, 0.0, 1.0, 1.0, -1.0, 0.0, 0.0, 0.0), (1.0, 1.0, 0.0, 1.0, 1.0, -1.0, 0.0, 0.0, 1.0), (1.0, 1.0, 0.0, 1.0, 1.0, -1.0, 0.0, 1.0, 0.0), (1.0, 1.0, 0.0, 1.0, 1.0, -1.0, 0.0, 1.0, 1.0), (1.0, 1.0, 0.0, 1.0, 1.0, -1.0, 1.0, 0.0, 1.0), (1.0, 1.0, 0.0, 1.0, 1.0, -1.0, 1.0, 1.0, 1.0), (1.0, 1.0, 0.0, 1.0, 1.0, 1.0, 0.0, 0.0, 0.0), (1.0, 1.0, 0.0, 1.0, 1.0, 1.0, 0.0, 0.0, 1.0), (1.0, 1.0, 0.0, 1.0, 1.0, 1.0, 0.0, 1.0, 0.0), (1.0, 1.0, 0.0, 1.0, 1.0, 1.0, 0.0, 1.0, 1.0), (1.0, 1.0, 1.0, -1.0, -1.0, -1.0, 1.0, 0.0, 1.0), (1.0, 1.0, 1.0, -1.0, -1.0, -1.0, 1.0, 1.0, 1.0), (1.0, 1.0, 1.0, -1.0, -1.0, 0.0, 0.0, 0.0, 0.0), (1.0, 1.0, 1.0, -1.0, -1.0, 0.0, 0.0, 0.0, 1.0), (1.0, 1.0, 1.0, -1.0, -1.0, 0.0, 0.0, 1.0, 1.0), (1.0, 1.0, 1.0, -1.0, -1.0, 0.0, 1.0, 0.0, 0.0), (1.0, 1.0, 1.0, -1.0, -1.0, 0.0, 1.0, 0.0, 1.0), (1.0, 1.0, 1.0, -1.0, -1.0, 0.0, 1.0, 1.0, 0.0), (1.0, 1.0, 1.0, -1.0, -1.0, 0.0, 1.0, 1.0, 1.0), (1.0, 1.0, 1.0, -1.0, -1.0, 1.0, 0.0, 0.0, 0.0), (1.0, 1.0, 1.0, -1.0, -1.0, 1.0, 0.0, 0.0, 1.0), (1.0, 1.0, 1.0, -1.0, -1.0, 1.0, 0.0, 1.0, 0.0), (1.0, 1.0, 1.0, -1.0, -1.0, 1.0, 0.0, 1.0, 1.0), (1.0, 1.0, 1.0, -1.0, -1.0, 1.0, 1.0, 0.0, 0.0), (1.0, 1.0, 1.0, -1.0, -1.0, 1.0, 1.0, 0.0, 1.0), (1.0, 1.0, 1.0, -1.0, -1.0, 1.0, 1.0, 1.0, 0.0), (1.0, 1.0, 1.0, -1.0, -1.0, 1.0, 1.0, 1.0, 1.0), (1.0, 1.0, 1.0, -1.0, 0.0, -1.0, 0.0, 0.0, 0.0), (1.0, 1.0, 1.0, -1.0, 0.0, -1.0, 0.0, 0.0, 1.0), (1.0, 1.0, 1.0, -1.0, 0.0, -1.0, 0.0, 1.0, 0.0), (1.0, 1.0, 1.0, -1.0, 0.0, -1.0, 0.0, 1.0, 1.0), (1.0, 1.0, 1.0, -1.0, 0.0, -1.0, 1.0, 0.0, 1.0), (1.0, 1.0, 1.0, -1.0, 0.0, -1.0, 1.0, 1.0, 1.0), (1.0, 1.0, 1.0, -1.0, 0.0, 0.0, 0.0, 0.0, 0.0), (1.0, 1.0, 1.0, -1.0, 0.0, 0.0, 0.0, 0.0, 1.0), (1.0, 1.0, 1.0, -1.0, 0.0, 0.0, 0.0, 1.0, 0.0), (1.0, 1.0, 1.0, -1.0, 0.0, 0.0, 0.0, 1.0, 1.0), (1.0, 1.0, 1.0, -1.0, 0.0, 0.0, 1.0, 0.0, 0.0), (1.0, 1.0, 1.0, -1.0, 0.0, 0.0, 1.0, 0.0, 1.0), (1.0, 1.0, 1.0, -1.0, 0.0, 0.0, 1.0, 1.0, 0.0), (1.0, 1.0, 1.0, -1.0, 0.0, 0.0, 1.0, 1.0, 1.0), (1.0, 1.0, 1.0, -1.0, 0.0, 1.0, 0.0, 0.0, 0.0), (1.0, 1.0, 1.0, -1.0, 0.0, 1.0, 0.0, 0.0, 1.0), (1.0, 1.0, 1.0, -1.0, 0.0, 1.0, 0.0, 1.0, 0.0), (1.0, 1.0, 1.0, -1.0, 0.0, 1.0, 0.0, 1.0, 1.0), (1.0, 1.0, 1.0, -1.0, 0.0, 1.0, 1.0, 0.0, 0.0), (1.0, 1.0, 1.0, -1.0, 0.0, 1.0, 1.0, 0.0, 1.0), (1.0, 1.0, 1.0, -1.0, 0.0, 1.0, 1.0, 1.0, 0.0), (1.0, 1.0, 1.0, -1.0, 0.0, 1.0, 1.0, 1.0, 1.0), (1.0, 1.0, 1.0, -1.0, 1.0, -1.0, 0.0, 0.0, 1.0), (1.0, 1.0, 1.0, -1.0, 1.0, -1.0, 0.0, 1.0, 1.0), (1.0, 1.0, 1.0, -1.0, 1.0, -1.0, 1.0, 0.0, 0.0), (1.0, 1.0, 1.0, -1.0, 1.0, -1.0, 1.0, 0.0, 1.0), (1.0, 1.0, 1.0, -1.0, 1.0, -1.0, 1.0, 1.0, 0.0), (1.0, 1.0, 1.0, -1.0, 1.0, -1.0, 1.0, 1.0, 1.0), (1.0, 1.0, 1.0, -1.0, 1.0, 0.0, 0.0, 0.0, 0.0), (1.0, 1.0, 1.0, -1.0, 1.0, 0.0, 0.0, 0.0, 1.0), (1.0, 1.0, 1.0, -1.0, 1.0, 0.0, 0.0, 1.0, 0.0), (1.0, 1.0, 1.0, -1.0, 1.0, 0.0, 0.0, 1.0, 1.0), (1.0, 1.0, 1.0, -1.0, 1.0, 0.0, 1.0, 0.0, 0.0), (1.0, 1.0, 1.0, -1.0, 1.0, 0.0, 1.0, 0.0, 1.0), (1.0, 1.0, 1.0, -1.0, 1.0, 0.0, 1.0, 1.0, 0.0), (1.0, 1.0, 1.0, -1.0, 1.0, 0.0, 1.0, 1.0, 1.0), (1.0, 1.0, 1.0, -1.0, 1.0, 1.0, 0.0, 0.0, 0.0), (1.0, 1.0, 1.0, -1.0, 1.0, 1.0, 0.0, 0.0, 1.0), (1.0, 1.0, 1.0, -1.0, 1.0, 1.0, 0.0, 1.0, 0.0), (1.0, 1.0, 1.0, -1.0, 1.0, 1.0, 0.0, 1.0, 1.0), (1.0, 1.0, 1.0, -1.0, 1.0, 1.0, 1.0, 0.0, 0.0), (1.0, 1.0, 1.0, -1.0, 1.0, 1.0, 1.0, 0.0, 1.0), (1.0, 1.0, 1.0, -1.0, 1.0, 1.0, 1.0, 1.0, 0.0), (1.0, 1.0, 1.0, -1.0, 1.0, 1.0, 1.0, 1.0, 1.0), (1.0, 1.0, 1.0, 0.0, -1.0, -1.0, 1.0, 0.0, 0.0), (1.0, 1.0, 1.0, 0.0, -1.0, -1.0, 1.0, 0.0, 1.0), (1.0, 1.0, 1.0, 0.0, -1.0, -1.0, 1.0, 1.0, 0.0), (1.0, 1.0, 1.0, 0.0, -1.0, -1.0, 1.0, 1.0, 1.0), (1.0, 1.0, 1.0, 0.0, -1.0, 0.0, 0.0, 0.0, 0.0), (1.0, 1.0, 1.0, 0.0, -1.0, 0.0, 0.0, 0.0, 1.0), (1.0, 1.0, 1.0, 0.0, -1.0, 0.0, 0.0, 1.0, 0.0), (1.0, 1.0, 1.0, 0.0, -1.0, 0.0, 0.0, 1.0, 1.0), (1.0, 1.0, 1.0, 0.0, -1.0, 0.0, 1.0, 0.0, 0.0), (1.0, 1.0, 1.0, 0.0, -1.0, 0.0, 1.0, 1.0, 0.0), (1.0, 1.0, 1.0, 0.0, -1.0, 0.0, 1.0, 1.0, 1.0), (1.0, 1.0, 1.0, 0.0, -1.0, 1.0, 0.0, 0.0, 0.0), (1.0, 1.0, 1.0, 0.0, -1.0, 1.0, 0.0, 0.0, 1.0), (1.0, 1.0, 1.0, 0.0, -1.0, 1.0, 0.0, 1.0, 0.0), (1.0, 1.0, 1.0, 0.0, -1.0, 1.0, 0.0, 1.0, 1.0), (1.0, 1.0, 1.0, 0.0, 0.0, -1.0, 0.0, 0.0, 0.0), (1.0, 1.0, 1.0, 0.0, 0.0, -1.0, 0.0, 0.0, 1.0), (1.0, 1.0, 1.0, 0.0, 0.0, -1.0, 0.0, 1.0, 0.0), (1.0, 1.0, 1.0, 0.0, 0.0, -1.0, 0.0, 1.0, 1.0), (1.0, 1.0, 1.0, 0.0, 0.0, -1.0, 1.0, 0.0, 1.0), (1.0, 1.0, 1.0, 0.0, 0.0, -1.0, 1.0, 1.0, 1.0), (1.0, 1.0, 1.0, 0.0, 0.0, 0.0, 0.0, 0.0, 0.0), (1.0, 1.0, 1.0, 0.0, 0.0, 0.0, 0.0, 0.0, 1.0), (1.0, 1.0, 1.0, 0.0, 0.0, 0.0, 0.0, 1.0, 0.0), (1.0, 1.0, 1.0, 0.0, 0.0, 0.0, 0.0, 1.0, 1.0), (1.0, 1.0, 1.0, 0.0, 0.0, 0.0, 1.0, 0.0, 0.0), (1.0, 1.0, 1.0, 0.0, 0.0, 0.0, 1.0, 0.0, 1.0), (1.0, 1.0, 1.0, 0.0, 0.0, 0.0, 1.0, 1.0, 0.0), (1.0, 1.0, 1.0, 0.0, 0.0, 0.0, 1.0, 1.0, 1.0), (1.0, 1.0, 1.0, 0.0, 0.0, 1.0, 0.0, 0.0, 0.0), (1.0, 1.0, 1.0, 0.0, 0.0, 1.0, 0.0, 0.0, 1.0), (1.0, 1.0, 1.0, 0.0, 0.0, 1.0, 0.0, 1.0, 0.0), (1.0, 1.0, 1.0, 0.0, 0.0, 1.0, 0.0, 1.0, 1.0), (1.0, 1.0, 1.0, 0.0, 1.0, -1.0, 0.0, 0.0, 0.0), (1.0, 1.0, 1.0, 0.0, 1.0, -1.0, 0.0, 0.0, 1.0), (1.0, 1.0, 1.0, 0.0, 1.0, -1.0, 0.0, 1.0, 0.0), (1.0, 1.0, 1.0, 0.0, 1.0, -1.0, 0.0, 1.0, 1.0), (1.0, 1.0, 1.0, 0.0, 1.0, -1.0, 1.0, 0.0, 0.0), (1.0, 1.0, 1.0, 0.0, 1.0, -1.0, 1.0, 0.0, 1.0), (1.0, 1.0, 1.0, 0.0, 1.0, -1.0, 1.0, 1.0, 0.0), (1.0, 1.0, 1.0, 0.0, 1.0, -1.0, 1.0, 1.0, 1.0), (1.0, 1.0, 1.0, 0.0, 1.0, 0.0, 0.0, 0.0, 0.0), (1.0, 1.0, 1.0, 0.0, 1.0, 0.0, 0.0, 0.0, 1.0), (1.0, 1.0, 1.0, 0.0, 1.0, 0.0, 0.0, 1.0, 0.0), (1.0, 1.0, 1.0, 0.0, 1.0, 0.0, 0.0, 1.0, 1.0), (1.0, 1.0, 1.0, 0.0, 1.0, 0.0, 1.0, 0.0, 0.0), (1.0, 1.0, 1.0, 0.0, 1.0, 0.0, 1.0, 0.0, 1.0), (1.0, 1.0, 1.0, 0.0, 1.0, 0.0, 1.0, 1.0, 0.0), (1.0, 1.0, 1.0, 0.0, 1.0, 0.0, 1.0, 1.0, 1.0), (1.0, 1.0, 1.0, 0.0, 1.0, 1.0, 0.0, 0.0, 0.0), (1.0, 1.0, 1.0, 0.0, 1.0, 1.0, 0.0, 0.0, 1.0), (1.0, 1.0, 1.0, 0.0, 1.0, 1.0, 0.0, 1.0, 0.0), (1.0, 1.0, 1.0, 0.0, 1.0, 1.0, 0.0, 1.0, 1.0), (1.0, 1.0, 1.0, 0.0, 1.0, 1.0, 1.0, 0.0, 0.0), (1.0, 1.0, 1.0, 0.0, 1.0, 1.0, 1.0, 0.0, 1.0), (1.0, 1.0, 1.0, 0.0, 1.0, 1.0, 1.0, 1.0, 0.0), (1.0, 1.0, 1.0, 0.0, 1.0, 1.0, 1.0, 1.0, 1.0), (1.0, 1.0, 1.0, 1.0, -1.0, -1.0, 0.0, 0.0, 1.0), (1.0, 1.0, 1.0, 1.0, -1.0, -1.0, 0.0, 1.0, 1.0), (1.0, 1.0, 1.0, 1.0, -1.0, -1.0, 1.0, 0.0, 0.0), (1.0, 1.0, 1.0, 1.0, -1.0, -1.0, 1.0, 0.0, 1.0), (1.0, 1.0, 1.0, 1.0, -1.0, -1.0, 1.0, 1.0, 0.0), (1.0, 1.0, 1.0, 1.0, -1.0, -1.0, 1.0, 1.0, 1.0), (1.0, 1.0, 1.0, 1.0, -1.0, 0.0, 0.0, 0.0, 0.0), (1.0, 1.0, 1.0, 1.0, -1.0, 0.0, 0.0, 0.0, 1.0), (1.0, 1.0, 1.0, 1.0, -1.0, 0.0, 0.0, 1.0, 0.0), (1.0, 1.0, 1.0, 1.0, -1.0, 0.0, 0.0, 1.0, 1.0), (1.0, 1.0, 1.0, 1.0, -1.0, 0.0, 1.0, 0.0, 1.0), (1.0, 1.0, 1.0, 1.0, -1.0, 0.0, 1.0, 1.0, 0.0), (1.0, 1.0, 1.0, 1.0, -1.0, 0.0, 1.0, 1.0, 1.0), (1.0, 1.0, 1.0, 1.0, -1.0, 1.0, 0.0, 0.0, 0.0), (1.0, 1.0, 1.0, 1.0, -1.0, 1.0, 0.0, 0.0, 1.0), (1.0, 1.0, 1.0, 1.0, -1.0, 1.0, 0.0, 1.0, 0.0), (1.0, 1.0, 1.0, 1.0, -1.0, 1.0, 0.0, 1.0, 1.0), (1.0, 1.0, 1.0, 1.0, -1.0, 1.0, 1.0, 0.0, 0.0), (1.0, 1.0, 1.0, 1.0, -1.0, 1.0, 1.0, 1.0, 0.0), (1.0, 1.0, 1.0, 1.0, 0.0, -1.0, 0.0, 0.0, 0.0), (1.0, 1.0, 1.0, 1.0, 0.0, -1.0, 0.0, 0.0, 1.0), (1.0, 1.0, 1.0, 1.0, 0.0, -1.0, 0.0, 1.0, 0.0), (1.0, 1.0, 1.0, 1.0, 0.0, -1.0, 0.0, 1.0, 1.0), (1.0, 1.0, 1.0, 1.0, 0.0, -1.0, 1.0, 0.0, 0.0), (1.0, 1.0, 1.0, 1.0, 0.0, -1.0, 1.0, 0.0, 1.0), (1.0, 1.0, 1.0, 1.0, 0.0, -1.0, 1.0, 1.0, 1.0), (1.0, 1.0, 1.0, 1.0, 0.0, 0.0, 0.0, 0.0, 0.0), (1.0, 1.0, 1.0, 1.0, 0.0, 0.0, 0.0, 0.0, 1.0), (1.0, 1.0, 1.0, 1.0, 0.0, 0.0, 0.0, 1.0, 0.0), (1.0, 1.0, 1.0, 1.0, 0.0, 0.0, 0.0, 1.0, 1.0), (1.0, 1.0, 1.0, 1.0, 0.0, 0.0, 1.0, 0.0, 0.0), (1.0, 1.0, 1.0, 1.0, 0.0, 0.0, 1.0, 1.0, 0.0), (1.0, 1.0, 1.0, 1.0, 0.0, 1.0, 0.0, 0.0, 0.0), (1.0, 1.0, 1.0, 1.0, 0.0, 1.0, 0.0, 0.0, 1.0), (1.0, 1.0, 1.0, 1.0, 0.0, 1.0, 0.0, 1.0, 0.0), (1.0, 1.0, 1.0, 1.0, 0.0, 1.0, 0.0, 1.0, 1.0), (1.0, 1.0, 1.0, 1.0, 1.0, -1.0, 0.0, 0.0, 0.0), (1.0, 1.0, 1.0, 1.0, 1.0, -1.0, 0.0, 0.0, 1.0), (1.0, 1.0, 1.0, 1.0, 1.0, -1.0, 0.0, 1.0, 0.0), (1.0, 1.0, 1.0, 1.0, 1.0, -1.0, 0.0, 1.0, 1.0), (1.0, 1.0, 1.0, 1.0, 1.0, -1.0, 1.0, 0.0, 0.0), (1.0, 1.0, 1.0, 1.0, 1.0, -1.0, 1.0, 0.0, 1.0), (1.0, 1.0, 1.0, 1.0, 1.0, -1.0, 1.0, 1.0, 1.0), (1.0, 1.0, 1.0, 1.0, 1.0, 0.0, 0.0, 0.0, 0.0), (1.0, 1.0, 1.0, 1.0, 1.0, 0.0, 0.0, 0.0, 1.0), (1.0, 1.0, 1.0, 1.0, 1.0, 0.0, 0.0, 1.0, 0.0), (1.0, 1.0, 1.0, 1.0, 1.0, 0.0, 0.0, 1.0, 1.0), (1.0, 1.0, 1.0, 1.0, 1.0, 0.0, 1.0, 0.0, 0.0), (1.0, 1.0, 1.0, 1.0, 1.0, 0.0, 1.0, 0.0, 1.0), (1.0, 1.0, 1.0, 1.0, 1.0, 0.0, 1.0, 1.0, 0.0), (1.0, 1.0, 1.0, 1.0, 1.0, 1.0, 0.0, 0.0, 0.0), (1.0, 1.0, 1.0, 1.0, 1.0, 1.0, 0.0, 0.0, 1.0), (1.0, 1.0, 1.0, 1.0, 1.0, 1.0, 0.0, 1.0, 0.0), (1.0, 1.0, 1.0, 1.0, 1.0, 1.0, 0.0, 1.0, 1.0), (1.0, 1.0, 1.0, 1.0, 1.0, 1.0, 1.0, 0.0, 0.0), (1.0, 1.0, 1.0, 1.0, 1.0, 1.0, 1.0, 0.0, 1.0), (1.0, 1.0, 1.0, 1.0, 1.0, 1.0, 1.0, 1.0, 0.0), (1.0, 1.0, 1.0, 1.0, 1.0, 1.0, 1.0, 1.0, 1.0)]
